rank,loss_mw,voltage_deviation_mpu,lifecycle_cost_musd,security_index,quality,x0,x1,x2,x3,x4,x5,x6,x7,x8,x9,x10,x11,x12,x13,x14,x15,x16,x17,x18,x19
1,36.699597594205,15.926037751840,106.005538232125,0.998892081821,0.064987450604,1.017061883580,1.009570994316,0.989964604406,1.015448682041,1.011000465018,0.993151149326,1.000223266469,0.976329882384,0.998677540454,0.000000000000,1.000000000000,-2.000000000000,1.000000000000,1.000000000000,1.000000000000,6.000000000000,2.000000000000,270.830943232590,0.433666553196,0.466846708170
2,36.566662783160,16.215863742812,106.015834214340,0.998437403416,0.064679251470,1.017019367111,1.009993639081,0.992964286706,1.015289940754,1.011987148628,1.002556878594,1.000223266469,0.976329882384,0.998677540454,0.000000000000,0.000000000000,-4.000000000000,1.000000000000,1.000000000000,1.000000000000,6.000000000000,2.000000000000,270.514106788111,0.433666553196,0.466846708170
3,36.022853921330,16.898258983441,105.387605802461,0.995524654610,0.064452194088,1.007152085818,1.021215817117,0.989980148066,1.002817072422,1.011282170622,0.993399603203,1.003640915988,0.982783006968,1.002184066314,0.000000000000,0.000000000000,2.000000000000,0.000000000000,3.000000000000,1.000000000000,5.000000000000,2.000000000000,270.452819461394,0.393047702377,0.498615371973
4,36.346159498843,17.003700180282,104.685723479087,0.999641173561,0.064250091565,1.016990361342,1.021215817117,0.992903343863,1.008072764074,1.011285670481,0.993399603203,1.003640915988,0.982783006968,1.002104673901,0.000000000000,0.000000000000,-4.000000000000,0.000000000000,1.000000000000,1.000000000000,5.000000000000,2.000000000000,270.512808213025,0.393954918745,0.498028862775
5,37.184865495266,16.676990796845,105.014553347411,0.994940163146,0.064156206189,1.015030609689,1.014841533801,0.989967945555,1.008072764074,1.011282170622,0.993734131733,0.976195372318,0.981882210635,1.010618969146,0.000000000000,0.000000000000,1.000000000000,0.000000000000,3.000000000000,1.000000000000,5.000000000000,2.000000000000,272.565186300289,0.393939663652,0.477615462438
6,36.097415572959,17.492105339320,105.307605802461,0.994962577928,0.063647580763,1.015078697882,1.021215817117,0.989980148066,1.008072764074,1.011282170622,0.993399603203,1.003640915988,0.982783006968,1.002184066314,0.000000000000,0.000000000000,1.000000000000,0.000000000000,3.000000000000,1.000000000000,5.000000000000,2.000000000000,270.452819461394,0.393047702377,0.498615371973
7,37.238803904124,16.823145660172,108.649697820077,0.993927967182,0.062487564809,1.015829901030,1.014841533801,0.989967945555,1.008072764074,1.012606026059,0.993734131733,0.976195372318,0.981882210635,1.010733430921,0.000000000000,0.000000000000,1.000000000000,0.000000000000,3.000000000000,1.000000000000,5.000000000000,2.000000000000,272.565186300289,0.463446621820,0.477737953493
8,36.956929038760,18.643472331061,102.803949577397,0.999394663210,0.062460575435,1.009257698061,1.014090221297,0.985440446501,1.005640919865,1.026954820395,0.995152262877,0.975075467048,0.993718054419,1.019621523832,-1.000000000000,0.000000000000,0.000000000000,0.000000000000,3.000000000000,1.000000000000,6.000000000000,2.000000000000,270.906417188294,0.411838736227,0.393273203597
9,36.808141557828,18.462745403902,103.947312321657,0.996651536347,0.062409143934,1.014222199985,1.014090221297,0.990635033418,1.021232247949,1.027417067207,1.008830447059,0.975327720469,0.992948468699,1.011203751731,0.000000000000,0.000000000000,0.000000000000,1.000000000000,2.000000000000,1.000000000000,5.000000000000,2.000000000000,270.818344469724,0.411838037596,0.449215809625
10,36.877206585473,18.263058851678,104.593852803233,0.996448941402,0.062367111412,1.008669065556,1.014090221297,0.985262376603,1.005640919865,1.026954820395,0.995152262877,0.975075467048,0.993122421121,1.019621523832,-1.000000000000,0.000000000000,0.000000000000,1.000000000000,2.000000000000,1.000000000000,6.000000000000,2.000000000000,270.818344469724,0.411838736227,0.452257443095
11,36.789500106471,18.535353741150,103.947312321657,0.997234379629,0.062309593634,1.014222199985,1.010247936039,0.990635033418,1.021232247949,1.031526491629,1.008830447059,0.975327720469,0.992948468699,1.011203751731,0.000000000000,0.000000000000,0.000000000000,1.000000000000,2.000000000000,1.000000000000,5.000000000000,2.000000000000,270.818344469724,0.411838037596,0.449215809625
12,36.150825365783,19.136519006105,104.064368530980,0.995518979016,0.061962229447,1.015208772858,1.024669699720,0.971728498191,1.014825274723,1.010387796466,0.989601627947,1.027822942705,0.975408375866,1.005273624322,0.000000000000,0.000000000000,1.000000000000,1.000000000000,2.000000000000,1.000000000000,5.000000000000,2.000000000000,270.272615550934,0.412459795081,0.452469886849
13,36.342869630623,17.722139131016,108.860161124990,0.991697790471,0.061867788005,1.022357446825,1.009924189810,0.990023000121,1.015400920569,0.996153298646,0.993179155251,1.000639864091,0.994239080021,1.002127663798,0.000000000000,0.000000000000,2.000000000000,1.000000000000,3.000000000000,1.000000000000,6.000000000000,2.000000000000,271.502715342268,0.447391865514,0.497390955982
14,36.747791190410,18.672273322437,105.063228801318,0.993534286686,0.061828297415,1.009257698061,1.014090221297,0.985440446501,1.005640919865,1.026954820395,0.995152262877,0.975075467048,0.993718054419,1.019621523832,-1.000000000000,0.000000000000,0.000000000000,0.000000000000,3.000000000000,1.000000000000,6.000000000000,2.000000000000,270.906417188294,0.411838736227,0.452257443095
15,36.253930432700,17.799767951490,109.716983737497,0.993689975395,0.061431274204,1.022357446825,1.009942179119,0.989749977086,1.015400920569,0.996153298646,0.993179155251,1.001304911308,0.995236018468,1.002127663798,0.000000000000,0.000000000000,2.000000000000,0.000000000000,3.000000000000,1.000000000000,6.000000000000,2.000000000000,271.502715342268,0.463731571562,0.497479075640
16,37.319251854552,19.703333570801,102.459410709973,0.998930868433,0.061052888920,1.008823966382,1.014648530149,0.977612261493,1.005232659658,1.034624749664,0.989396925383,0.977514076298,0.981421211507,1.028565909775,1.000000000000,1.000000000000,1.000000000000,1.000000000000,2.000000000000,1.000000000000,6.000000000000,2.000000000000,269.167146142449,0.414937090519,0.397614081241
17,35.879509777961,19.409959922648,106.488269451196,0.988991765245,0.061036191931,1.022357446825,1.010231263552,0.990023000121,1.015400920569,1.026561141272,0.997371755304,0.999002326272,0.994239080021,1.002407260337,0.000000000000,0.000000000000,2.000000000000,1.000000000000,3.000000000000,1.000000000000,6.000000000000,2.000000000000,271.502715342268,0.402434914504,0.496771614804
18,36.047555940573,19.979486388720,103.772643464389,0.998011487663,0.061022126987,1.009257698061,1.014090221297,0.985500901321,1.014916275324,1.027300766996,0.985266065894,1.038075571222,0.978569962518,0.999808016930,0.000000000000,0.000000000000,-2.000000000000,1.000000000000,3.000000000000,1.000000000000,6.000000000000,2.000000000000,271.224952957033,0.431988387877,0.387168462408
19,36.924211873276,19.641862931862,103.778176273015,0.996529082576,0.060924477490,1.008669065556,1.014578856071,0.985194142729,1.036104399822,1.026954820395,0.995476835274,0.975075467048,0.993122421121,1.019621523832,-1.000000000000,0.000000000000,0.000000000000,1.000000000000,2.000000000000,1.000000000000,6.000000000000,2.000000000000,270.725753900947,0.411838736227,0.431493938181
20,36.497736225229,19.752509551088,105.045046307583,0.992129182183,0.060692496232,1.008867023740,1.010617630413,0.988800010810,1.013505708356,1.030911292775,0.991046015793,1.000223266469,0.969529253006,1.024799031182,0.000000000000,0.000000000000,2.000000000000,1.000000000000,2.000000000000,1.000000000000,6.000000000000,2.000000000000,271.061218989207,0.413777828017,0.457909190271
21,36.389753036832,20.064944620959,105.072988588660,0.992916714625,0.060346570676,1.009240554352,1.013285059414,0.988899719277,1.013535372374,1.030911292775,0.991046015793,1.000770879714,0.972662130891,1.024799031182,0.000000000000,0.000000000000,2.000000000000,1.000000000000,2.000000000000,0.000000000000,6.000000000000,2.000000000000,271.061218989207,0.413777828017,0.458638694700
22,37.863958725167,20.316051163907,102.236505713829,0.999142189146,0.060055209779,1.008823966382,1.014655408989,0.979740842008,1.036464798571,1.025298454896,0.989396925383,0.975075467048,0.967402432762,1.028987902904,-1.000000000000,0.000000000000,0.000000000000,1.000000000000,2.000000000000,1.000000000000,6.000000000000,2.000000000000,269.129797230253,0.413111286062,0.398676038890
23,35.837583325222,20.190293765313,107.066155617526,0.994190575500,0.059736207172,1.009832780687,1.014332032507,0.990755282163,1.006889026611,1.032410810299,1.011879636302,1.038847005684,0.974991815462,0.977304678078,-2.000000000000,0.000000000000,0.000000000000,0.000000000000,2.000000000000,1.000000000000,6.000000000000,2.000000000000,270.045447573438,0.463771505542,0.448336446910
24,36.803521450932,20.911435229318,103.637972679307,0.993826235117,0.059614257487,1.004770591879,1.024453977256,0.977388413554,1.036464798571,1.034303365685,0.996979670439,0.979673784742,0.981075698882,1.023804441393,1.000000000000,0.000000000000,1.000000000000,1.000000000000,2.000000000000,1.000000000000,5.000000000000,2.000000000000,270.265935949935,0.401592492057,0.454106548072
25,35.662976263677,21.640129086136,103.063343409463,0.998063402547,0.059570444548,1.009356241194,1.014090221297,0.985500901321,1.015439997886,1.045709096521,1.000461133177,1.032522443733,0.978569962518,0.999939304356,0.000000000000,0.000000000000,-2.000000000000,1.000000000000,3.000000000000,1.000000000000,6.000000000000,2.000000000000,271.224952957033,0.417094234671,0.388960586499
26,35.693853113184,22.110968952601,102.110196934275,0.997424681260,0.059401933130,1.009257698061,1.014090221297,0.985420722830,1.006203053104,1.027300766996,0.985266065894,1.038075571222,0.993718054419,1.019747488277,0.000000000000,0.000000000000,0.000000000000,1.000000000000,2.000000000000,1.000000000000,6.000000000000,2.000000000000,271.224952957033,0.411838736227,0.387168462408
27,38.021001664912,20.552319208883,103.459991354191,0.997641845995,0.059247426688,1.008823966382,1.017730673382,0.979916484763,1.036464798571,1.019580633900,0.989396925383,0.975075467048,0.961857131612,1.028987902904,-1.000000000000,0.000000000000,0.000000000000,1.000000000000,2.000000000000,1.000000000000,6.000000000000,2.000000000000,269.160407797143,0.424559284943,0.414831524010
28,37.734700138939,20.805607686824,103.166661384949,0.998493848158,0.059212720161,1.008823966382,1.028951548894,0.977997380826,1.005232659658,1.030924295600,0.990964316799,0.973204304955,0.969462761831,1.025315985955,1.000000000000,0.000000000000,2.000000000000,1.000000000000,2.000000000000,1.000000000000,6.000000000000,2.000000000000,272.163076592755,0.415859577120,0.397613118317
29,37.596338485258,21.849441164867,101.425331516884,0.998664866478,0.058766035552,1.018898975857,1.024549709270,0.972134334027,1.036091571507,1.026999041726,0.997414588552,0.978453136620,0.974238068759,1.029322285728,0.000000000000,0.000000000000,2.000000000000,1.000000000000,2.000000000000,1.000000000000,5.000000000000,2.000000000000,269.667889539600,0.402044814982,0.399158085493
30,35.490093791079,21.166996132998,107.861132897385,0.990780720583,0.058613226198,1.014567435882,1.028016100476,0.990774565592,1.012194302961,1.011364174985,1.016238170940,1.022676661317,0.992626957255,1.001932938456,0.000000000000,0.000000000000,3.000000000000,0.000000000000,3.000000000000,1.000000000000,4.000000000000,2.000000000000,276.452430934317,0.465139991396,0.440085492590
31,37.533465548330,21.227759310785,104.541487706406,0.991037848984,0.058540831759,1.018905577385,1.024426439856,0.981590500612,1.021437388679,1.026993451798,0.985217271735,0.978686767305,0.976825308116,1.029334354278,0.000000000000,3.000000000000,2.000000000000,1.000000000000,2.000000000000,1.000000000000,5.000000000000,2.000000000000,269.129797230253,0.420495653785,0.452177854405
32,36.171516420136,22.543204063935,102.554961154891,0.994724165203,0.058528892780,1.004838029853,1.029593234222,0.988953756132,1.014219869613,1.027916544881,0.991734282616,1.024257661365,0.967285262828,1.025194255671,0.000000000000,0.000000000000,2.000000000000,1.000000000000,2.000000000000,1.000000000000,5.000000000000,2.000000000000,271.049442714705,0.420680160261,0.395302938065
33,35.181698009267,21.222718655895,108.735019955623,0.988089328752,0.058494871479,1.014567435882,1.011579987024,0.993366732203,1.012194302961,1.011364174985,1.016238170940,1.032541695502,0.993715279368,1.009870262728,-1.000000000000,0.000000000000,3.000000000000,0.000000000000,3.000000000000,1.000000000000,4.000000000000,2.000000000000,277.504200717889,0.432237178527,0.499638400220
34,38.208555610549,21.781373552017,101.409141068356,0.999116054764,0.058469518395,1.018898975857,1.024549709270,0.972136170837,1.036089865287,1.026999041726,0.997414588552,0.966958418151,0.974238068759,1.029322285728,0.000000000000,0.000000000000,2.000000000000,1.000000000000,2.000000000000,1.000000000000,5.000000000000,2.000000000000,269.667889539600,0.402044814982,0.398735392590
35,38.227635656841,21.321985379549,103.236207142405,0.994784517285,0.058404725551,1.018786574779,1.014851976803,0.976691204904,1.036414012351,1.030053061956,0.997246717375,0.967192048837,0.967036263069,1.029460557021,0.000000000000,0.000000000000,2.000000000000,1.000000000000,2.000000000000,1.000000000000,5.000000000000,2.000000000000,269.129797230253,0.401294108068,0.450549917531
36,36.642524305664,22.003954507162,104.073298855705,0.990282690414,0.058397697923,1.011708523517,1.024453977256,0.977388413554,1.036464798571,1.034303365685,0.996979670439,0.984297842596,0.981075698882,1.023804441393,1.000000000000,0.000000000000,1.000000000000,1.000000000000,2.000000000000,1.000000000000,6.000000000000,2.000000000000,270.278448432624,0.401720987767,0.453476361652
37,38.379810119424,21.786502183368,101.344007864683,0.999416839135,0.058378290707,1.018898975857,1.024453977256,0.972052563826,1.036089865287,1.026999041726,0.997414588552,0.964039584776,0.974238068759,1.029322285728,0.000000000000,0.000000000000,2.000000000000,1.000000000000,2.000000000000,1.000000000000,5.000000000000,2.000000000000,269.695895212445,0.401294108068,0.397897760557
38,37.669292127548,21.397271019555,104.425409538711,0.991613971586,0.058293547155,1.018898975857,1.016635717699,0.979740842008,1.036464798571,1.026999041726,0.989396925383,0.975075467048,0.974238068759,1.029111052091,1.000000000000,1.000000000000,1.000000000000,1.000000000000,2.000000000000,1.000000000000,6.000000000000,2.000000000000,269.129797230253,0.413062388583,0.451712420112
39,37.400962848062,21.919765377329,103.299364486723,0.992757353458,0.058257489191,1.018898975857,1.024453977256,0.972052563826,1.036464798571,1.026999041726,0.997414588552,0.978686767305,0.974238068759,1.029583693252,0.000000000000,0.000000000000,2.000000000000,1.000000000000,2.000000000000,1.000000000000,5.000000000000,2.000000000000,269.129797230253,0.401294108068,0.452198800894
40,37.508386017773,22.637604075733,101.425331516884,0.998374170778,0.057946750576,1.018898975857,1.024549709270,0.972134334027,1.036091571507,1.035999089661,0.997414588552,0.978453136620,0.974238068759,1.029322285728,0.000000000000,0.000000000000,2.000000000000,1.000000000000,2.000000000000,1.000000000000,5.000000000000,2.000000000000,269.667889539600,0.402044814982,0.399158085493
41,37.373259195704,22.352407162832,103.172386157600,0.994404585029,0.057792622956,1.018898975857,1.028664595745,0.989396220095,1.034947108281,1.026574078534,0.997414588552,0.980166689424,0.974273847544,1.028552968005,0.000000000000,0.000000000000,2.000000000000,1.000000000000,2.000000000000,1.000000000000,4.000000000000,2.000000000000,269.667889539600,0.402044814982,0.456517793734
42,35.605416434172,21.994581063917,108.205580442646,0.987203662388,0.057588763162,1.014182874545,1.017808888310,0.989495451373,1.021298141608,1.027325983764,0.996435948592,1.030269847950,0.977916762306,1.019876694672,0.000000000000,0.000000000000,1.000000000000,1.000000000000,2.000000000000,1.000000000000,5.000000000000,2.000000000000,271.036503229075,0.462265892806,0.488281855834
43,36.627251238706,22.519293430769,106.227557082577,0.986197614899,0.057153642195,1.023692054169,1.020915196424,0.990640202626,1.037425434088,1.011388822679,0.987253627101,1.009396443281,0.966375758385,1.022227130746,0.000000000000,3.000000000000,0.000000000000,0.000000000000,3.000000000000,1.000000000000,6.000000000000,2.000000000000,269.132391680452,0.438640377397,0.452119698950
44,37.064068149637,23.419331102654,103.932235765220,0.989160543999,0.056687350731,1.018803494157,1.024453977256,0.977438541144,1.036464798571,1.034303365685,0.997064466086,0.978684506695,0.981154162651,1.029583693252,1.000000000000,0.000000000000,2.000000000000,1.000000000000,3.000000000000,1.000000000000,5.000000000000,2.000000000000,269.165897300308,0.401592492057,0.454270283875
45,35.632763806865,23.491195697185,107.019997058312,0.983729214648,0.056482790189,1.021954898898,1.010568557774,0.990005921689,1.015398533495,1.027895465356,0.997722650353,1.052618458712,0.967285262828,1.002510306458,0.000000000000,0.000000000000,2.000000000000,1.000000000000,3.000000000000,1.000000000000,6.000000000000,2.000000000000,271.061955197394,0.415923297713,0.494792045301
46,35.754372285300,24.793705731611,102.990287331289,0.990689650048,0.056323003233,1.011775961491,1.029593234222,0.988953756132,1.014219869613,1.027916544881,1.011105393413,1.028881719218,0.967285262828,1.025194255671,0.000000000000,0.000000000000,2.000000000000,1.000000000000,2.000000000000,1.000000000000,6.000000000000,2.000000000000,271.061955197394,0.420808655971,0.394672751645
47,36.730259317717,23.830499948335,104.654143534497,0.986490850401,0.056260503530,1.018898975857,1.026877745540,0.989396220095,1.034947108281,1.026574078534,0.997414588552,0.980166689424,0.991814669081,1.028552968005,0.000000000000,0.000000000000,2.000000000000,1.000000000000,2.000000000000,1.000000000000,6.000000000000,2.000000000000,269.667889539600,0.402044814982,0.471706052045
48,35.308637409307,23.288661729124,109.172734723441,0.985559757796,0.056069127111,1.014202505829,1.017808888310,0.989495451373,1.021298141608,1.036533755657,0.996435948592,1.027042155180,0.980938374783,1.019876694672,0.000000000000,0.000000000000,1.000000000000,0.000000000000,3.000000000000,1.000000000000,5.000000000000,2.000000000000,271.510217347935,0.462265892806,0.499062632707
49,35.805109399682,24.283858443325,105.533945611744,0.985332622152,0.056043423994,1.025297401930,1.014179086014,0.990101943166,1.022169324366,1.027335914406,0.995875511964,1.041513315991,0.962817225282,1.020007149745,0.000000000000,2.000000000000,1.000000000000,1.000000000000,3.000000000000,1.000000000000,5.000000000000,2.000000000000,270.836191364926,0.408056157187,0.477679308916
50,38.015556358173,23.202790465565,105.698714131728,0.984301435123,0.055862506243,1.022301655272,1.024453977256,0.989593696628,1.036089865287,1.026999041726,0.993409883780,0.964039584776,0.978013500480,1.029322285728,0.000000000000,0.000000000000,2.000000000000,1.000000000000,3.000000000000,1.000000000000,5.000000000000,2.000000000000,268.964756231888,0.406154425386,0.497411773229
51,35.261689242744,23.607273980635,109.172734723441,0.985532082825,0.055764128720,1.014202505829,1.017808888310,0.989495451373,1.021298141608,1.036533755657,0.996435948592,1.030410459789,0.980938374783,1.019876694672,0.000000000000,0.000000000000,1.000000000000,0.000000000000,3.000000000000,1.000000000000,5.000000000000,2.000000000000,271.510217347935,0.462265892806,0.499062632707
52,35.518643661994,22.902751736231,112.105739860309,0.983978911647,0.055378432116,1.025638181697,1.022462503320,0.985234799944,1.001367105554,1.034445754233,0.997308822400,1.007050827626,0.993489630986,1.015058279149,0.000000000000,-3.000000000000,0.000000000000,1.000000000000,3.000000000000,2.000000000000,6.000000000000,2.000000000000,283.801570220638,0.459991651478,0.492214480489
53,35.927471186002,26.157379877840,100.919539197873,0.999796638410,0.055355575756,1.015319950163,1.014669660975,0.977087736519,1.030466168211,1.045820401617,0.992501963220,1.053358614906,0.966914438946,1.026183936013,0.000000000000,0.000000000000,0.000000000000,1.000000000000,2.000000000000,1.000000000000,5.000000000000,2.000000000000,263.369248007889,0.425647646024,0.394121875588
54,37.354202979586,24.009907135383,105.998718821940,0.984486610479,0.055289819050,1.018898975857,1.020728635697,0.979740842008,1.036464798571,1.046421452274,0.989396925383,0.975075467048,0.974238068759,1.029520985862,1.000000000000,1.000000000000,2.000000000000,1.000000000000,2.000000000000,1.000000000000,6.000000000000,2.000000000000,269.198508315127,0.414698834871,0.488072892247
55,35.668532562968,25.367917977061,106.497329537490,0.981799172280,0.054783355604,1.026205191132,1.022473582550,0.990002234699,1.015096411675,1.042875162144,0.992986346609,1.028338004563,0.969757429170,1.019712108860,0.000000000000,0.000000000000,2.000000000000,1.000000000000,2.000000000000,1.000000000000,6.000000000000,2.000000000000,271.499480952550,0.425615035988,0.477165868447
56,35.162814031056,23.350950480708,113.228974056274,0.987901554753,0.054631226164,1.000514283450,1.020047795007,0.990814174626,1.006184173581,1.047364874358,0.985395764684,1.032097298287,0.994313905658,1.013741443677,0.000000000000,0.000000000000,1.000000000000,1.000000000000,2.000000000000,2.000000000000,5.000000000000,2.000000000000,299.668237469748,0.430750374704,0.497955090230
57,36.359360864475,23.637138032877,111.697434064683,0.982152519133,0.054330387801,1.011893791504,1.009150109971,0.982521763845,1.003721365953,1.034447205933,1.052223373538,0.975211360837,0.982174740605,1.025056820768,0.000000000000,-2.000000000000,1.000000000000,1.000000000000,3.000000000000,2.000000000000,6.000000000000,2.000000000000,283.454758627741,0.464845990529,0.476927032335
58,35.554732843185,27.270594806828,102.735117741471,0.989832597081,0.054113193916,1.018186180052,1.026396503741,0.988797608542,1.013489027126,1.027916544881,1.011105393413,1.052618458712,0.967285262828,1.025132726302,0.000000000000,0.000000000000,2.000000000000,1.000000000000,2.000000000000,1.000000000000,6.000000000000,2.000000000000,271.061955197394,0.415923297713,0.394672751645
59,34.683517939796,25.080664880651,111.046327065259,0.984373932988,0.054000105947,1.015162309537,1.022378660012,0.990079587682,1.003006950881,1.012173933829,1.046357205988,1.043528779983,0.995244073640,1.010523564425,-2.000000000000,0.000000000000,-2.000000000000,0.000000000000,3.000000000000,1.000000000000,5.000000000000,2.000000000000,278.578763121117,0.464081080600,0.498637139481
60,34.691710210930,26.416743341222,107.384680241320,0.982978678179,0.053981137975,1.011339991734,1.022713922683,0.984393084595,1.022045936522,1.044214550619,1.052185308888,1.014150094074,0.993430438464,1.011069773325,1.000000000000,0.000000000000,1.000000000000,1.000000000000,2.000000000000,1.000000000000,5.000000000000,2.000000000000,273.076688423356,0.427831074891,0.500000000000
61,34.806031119721,24.849785263712,112.349388488387,0.989172608260,0.053593051338,1.007195129587,1.021190323483,0.982121801323,0.997601080837,1.020301792667,1.045108848310,1.044868714302,0.982486235615,1.012051971527,0.000000000000,-1.000000000000,1.000000000000,1.000000000000,2.000000000000,2.000000000000,6.000000000000,2.000000000000,299.612759856331,0.410572340241,0.488988414272
62,34.801452947718,24.894666407814,112.349388488387,0.989140602379,0.053552682053,1.007195129587,1.021190323483,0.982121801323,0.997601080837,1.020301792667,1.045108848310,1.044868714302,0.982486235615,1.012568725104,0.000000000000,-1.000000000000,1.000000000000,1.000000000000,2.000000000000,2.000000000000,6.000000000000,2.000000000000,299.612759856331,0.410572340241,0.488988414272
63,35.070726118825,25.249311116576,111.989289270478,0.978859356559,0.053452448350,1.011893791504,1.022459045960,0.996544772876,1.001367105554,1.034447205933,1.052497320211,1.007050827626,0.982535808949,1.012538765801,0.000000000000,-3.000000000000,1.000000000000,1.000000000000,3.000000000000,2.000000000000,5.000000000000,2.000000000000,283.801570220638,0.464845990529,0.492214480489
64,35.353764977613,27.544654408360,105.703144482786,0.979877810273,0.053206403791,1.009342684319,1.029669085818,0.988723484630,1.036150308292,1.046686352620,0.988951735696,1.030705355309,0.974742863160,1.029317480418,0.000000000000,0.000000000000,1.000000000000,1.000000000000,3.000000000000,1.000000000000,5.000000000000,2.000000000000,272.169935988643,0.402174226278,0.486634122706
65,34.820994565549,27.508475842604,106.768528265980,0.982595561707,0.053102275892,1.014322220527,1.026877703204,0.989806667313,1.004612949098,1.042503721097,0.996487668478,1.039108015240,0.994322565488,1.021652363822,0.000000000000,0.000000000000,2.000000000000,0.000000000000,3.000000000000,1.000000000000,6.000000000000,2.000000000000,261.661050961657,0.462759714122,0.478354573031
66,35.153873083390,26.931601106322,109.037761977494,0.979618447546,0.052769246589,1.016989880667,1.036114394591,0.982003317651,1.025847437275,1.044658760391,0.993979851011,1.045125545153,0.982111183741,1.010654998831,0.000000000000,1.000000000000,-2.000000000000,0.000000000000,3.000000000000,1.000000000000,5.000000000000,2.000000000000,273.254768479284,0.464361167698,0.478484315406
67,34.545232318733,25.770899369327,112.941482879653,0.988734221581,0.052672849885,1.015158112500,1.022459323519,0.971172022542,1.006463907478,1.033305952091,1.041136425927,1.037805372142,0.993429924633,1.011002663867,-2.000000000000,-2.000000000000,2.000000000000,1.000000000000,2.000000000000,1.000000000000,6.000000000000,2.000000000000,285.440233558529,0.467763877453,0.499505850221
68,35.064515837945,27.969433893805,107.780373538942,0.975981758631,0.052382846997,1.019662952214,1.027583052022,0.990646414992,1.021728148718,1.046748943455,1.002487960196,1.027471021636,0.982533633539,1.026411163429,0.000000000000,3.000000000000,2.000000000000,1.000000000000,2.000000000000,1.000000000000,6.000000000000,2.000000000000,269.694799583656,0.437303126344,0.498824361132
69,35.782133888246,28.884043904597,103.395099070988,0.985994118553,0.052380655754,1.009412004888,1.034578127137,0.990232003890,1.034957242418,1.045833992091,0.987298945668,1.037146970897,0.966488591009,1.028738303354,0.000000000000,0.000000000000,0.000000000000,1.000000000000,3.000000000000,1.000000000000,6.000000000000,2.000000000000,268.212210620337,0.439586026163,0.388432664953
70,34.877361111424,27.773498447195,108.591468440039,0.977995927201,0.052341484075,1.015164516944,1.022555682938,0.997875882066,1.022189256207,1.044108685162,0.975768192496,1.040298042356,1.008532490422,1.010708086830,-3.000000000000,0.000000000000,1.000000000000,0.000000000000,3.000000000000,1.000000000000,6.000000000000,2.000000000000,272.865802926230,0.431529666892,0.500000000000
71,34.718500460994,26.985213436087,111.135633189359,0.978975493099,0.052289382146,1.011893791504,1.009150109971,0.982521763845,1.003739405651,1.034447205933,1.046561301345,1.044523947737,0.982563959155,1.025056820768,0.000000000000,0.000000000000,1.000000000000,1.000000000000,3.000000000000,2.000000000000,5.000000000000,2.000000000000,283.964727237550,0.463620791761,0.476927032335
72,34.516603948607,26.339220546681,113.230556742638,0.982542549203,0.052227542085,1.000514283450,1.015544202640,0.990814174626,1.004071703335,1.047730636495,1.040327123768,1.031807463277,0.994322565488,1.013741400505,0.000000000000,0.000000000000,1.000000000000,1.000000000000,2.000000000000,2.000000000000,5.000000000000,2.000000000000,299.668237469748,0.430780676081,0.497955090230
73,34.948837748143,26.861561568386,112.209379683873,0.978295627346,0.051947771256,1.025638181697,1.022462503320,0.982914478232,1.001367105554,1.034576567507,1.052253335947,1.007050827626,0.993482354763,1.012448332773,0.000000000000,-3.000000000000,1.000000000000,1.000000000000,3.000000000000,2.000000000000,6.000000000000,2.000000000000,283.801570220638,0.460444248542,0.492214480489
74,34.477755862874,26.781569151982,113.230556742638,0.982126491093,0.051852860875,1.000514283450,1.020172648058,0.990814174626,1.004071703335,1.047730636495,1.040327123768,1.031807463277,0.994322565488,1.013741400505,0.000000000000,0.000000000000,1.000000000000,1.000000000000,2.000000000000,2.000000000000,5.000000000000,2.000000000000,299.668237469748,0.430780676081,0.497955090230
75,35.133092007305,28.280393368662,108.843939659314,0.974782123285,0.051748597696,1.006943019426,1.022317417825,0.988937747402,1.034956533466,1.046351347899,0.988967703056,1.045112346854,0.973670171059,1.029524410489,1.000000000000,0.000000000000,1.000000000000,0.000000000000,3.000000000000,1.000000000000,6.000000000000,2.000000000000,272.853598184956,0.439771569564,0.499599753622
76,34.713564886474,29.432043990309,107.606031582012,0.976332567676,0.051330654069,1.016687558785,1.026860727280,0.990726542547,1.015761275845,1.027546078802,1.050229784362,1.044576307364,0.975650811787,1.029332576223,1.000000000000,0.000000000000,2.000000000000,1.000000000000,2.000000000000,1.000000000000,5.000000000000,2.000000000000,272.845715720309,0.431510183003,0.500000000000
77,34.384451529414,29.033401229545,109.639168907390,0.975662712747,0.051214387779,0.999672907534,1.024586140348,0.988937606653,1.015906640776,1.027217248847,1.051880772261,1.044573704851,0.993395101374,1.029522313749,1.000000000000,0.000000000000,1.000000000000,0.000000000000,2.000000000000,1.000000000000,6.000000000000,2.000000000000,272.746040565199,0.464045173862,0.499627040226
78,35.069468562458,31.208805907312,101.799269823183,0.996852961368,0.051023678667,1.015319950163,1.014669660975,0.977189270763,1.030466168211,1.046928472135,1.059238346041,1.053358614906,0.966945834004,1.026172396105,0.000000000000,0.000000000000,0.000000000000,1.000000000000,3.000000000000,1.000000000000,5.000000000000,2.000000000000,264.130545027061,0.430668472175,0.394121875588
79,34.431130900815,27.892384715439,113.177281974996,0.982690087209,0.050885183973,1.000440254279,1.017963217106,0.990814174626,1.004071703335,1.047730636495,1.040327123768,1.031111833849,0.994322565488,1.013617369715,0.000000000000,0.000000000000,1.000000000000,0.000000000000,3.000000000000,2.000000000000,6.000000000000,2.000000000000,299.498471007646,0.430780676081,0.474042504931
80,34.057570122368,32.710908589159,100.337781542529,0.997779174286,0.050803079970,1.014322220527,1.026877703204,0.991699088435,1.004612949098,1.046954449529,1.052359553018,1.045112346854,0.994322565488,1.021652363822,0.000000000000,0.000000000000,2.000000000000,1.000000000000,3.000000000000,1.000000000000,6.000000000000,2.000000000000,261.661050961657,0.339926822856,0.477962945113
81,34.380427535103,27.054332818761,114.784289281862,0.996991655545,0.050790195504,1.011342632426,1.012996396235,0.988755492500,1.005674832417,1.027470221692,1.052189608075,1.049081820949,0.993588336830,1.019585852845,-1.000000000000,0.000000000000,-2.000000000000,0.000000000000,2.000000000000,1.000000000000,6.000000000000,2.000000000000,299.360247705801,0.449857930462,0.498348183089
82,34.362130909983,28.551088859272,111.779029851435,0.984958197652,0.050726652288,1.014941230601,1.032044780628,0.988932404034,1.004558673511,1.031911573751,1.052359553018,1.039870496070,0.994305863118,1.012461869166,0.000000000000,0.000000000000,0.000000000000,1.000000000000,3.000000000000,2.000000000000,4.000000000000,2.000000000000,299.491010512316,0.420772267067,0.476813648801
83,34.359826031157,28.552041833574,111.891007538725,0.985266839489,0.050684097660,1.014941230601,1.032044780628,0.988932404034,1.004558673511,1.031911573751,1.052359553018,1.039870496070,0.994305863118,1.012461869166,0.000000000000,0.000000000000,0.000000000000,1.000000000000,3.000000000000,2.000000000000,4.000000000000,2.000000000000,300.000000000000,0.420772267067,0.476813648801
84,35.036912041782,29.827608382737,108.404927457595,0.972164623807,0.050668342707,1.011280829310,1.029669085818,0.988953889862,1.037345485166,1.046686352620,0.988728746721,1.045054440607,0.974746037957,1.027821297999,0.000000000000,-2.000000000000,2.000000000000,0.000000000000,3.000000000000,1.000000000000,6.000000000000,2.000000000000,272.853598184956,0.428283150444,0.499627040226
85,34.580349161110,30.181028535952,108.135978672900,0.975219386739,0.050621610791,1.016687558785,1.026795440893,0.990850418825,1.015761275845,1.027546078802,1.050229784362,1.044501509593,0.977619049221,1.029140747354,1.000000000000,1.000000000000,2.000000000000,1.000000000000,3.000000000000,1.000000000000,5.000000000000,2.000000000000,272.845783702999,0.431510183003,0.499998228203
86,34.040126161396,33.011626275745,100.337781542529,0.997164687251,0.050585564645,1.014322220527,1.026877703204,0.991445815082,1.004612949098,1.046954449529,1.052359553018,1.045112346854,0.994322565488,1.024287000069,0.000000000000,0.000000000000,2.000000000000,1.000000000000,3.000000000000,1.000000000000,6.000000000000,2.000000000000,261.661050961657,0.339926822856,0.477962945113
87,34.886963431999,30.215632801556,107.338616059086,0.979390292657,0.050577801109,1.011280829310,1.030584054036,0.987967578856,1.035012224442,1.027532038980,1.052359553018,1.045112346854,0.973998037476,1.029114476719,1.000000000000,0.000000000000,1.000000000000,1.000000000000,3.000000000000,1.000000000000,4.000000000000,2.000000000000,272.784887100081,0.462967005800,0.452560751836
88,34.399504406963,27.700469834545,116.636930150154,0.981492161485,0.050041443713,1.008831314584,1.020200942531,0.985568064638,1.011777476039,1.027799347565,1.042780057488,1.045886889353,0.994312631184,1.019241184492,0.000000000000,0.000000000000,2.000000000000,1.000000000000,3.000000000000,2.000000000000,5.000000000000,2.000000000000,299.678384876847,0.485510420093,0.498360393027
89,34.814804344710,31.662721302365,105.141118258721,0.984471858062,0.050000207549,1.008851827138,1.034385594168,0.977667764890,1.035012224442,1.046792229813,1.051935634756,1.045112346854,0.980619764610,1.028625411855,1.000000000000,0.000000000000,1.000000000000,1.000000000000,2.000000000000,1.000000000000,4.000000000000,2.000000000000,272.853223726452,0.463737789596,0.405494298938
90,34.135941818975,31.345307912788,107.394141802898,0.981128618041,0.049980943632,1.014280561497,1.017797234571,0.990831076054,1.004682228638,1.046944817079,1.049324622682,1.044573581265,0.993858043713,1.023998106578,0.000000000000,0.000000000000,2.000000000000,1.000000000000,3.000000000000,1.000000000000,6.000000000000,2.000000000000,269.588701821160,0.430767231780,0.492780185821
91,34.445676659290,32.385080190220,104.062883860648,0.985083779631,0.049946242975,1.015128427990,1.022604058169,0.970951811981,1.042767458909,1.046501088497,1.049187411792,1.039315176840,0.992300364466,1.026397857776,-2.000000000000,0.000000000000,2.000000000000,1.000000000000,3.000000000000,1.000000000000,6.000000000000,2.000000000000,271.328964210101,0.426664922021,0.397230586033
92,34.258024428398,28.921762821624,114.312042702475,0.979071711171,0.049833055769,1.014410412034,1.014170325397,0.990676958373,1.021430859314,1.044807950216,1.047785009746,1.029176938545,0.993713062525,1.010705504173,0.000000000000,0.000000000000,1.000000000000,1.000000000000,3.000000000000,2.000000000000,6.000000000000,2.000000000000,300.000000000000,0.431358331705,0.500000000000
93,34.249224188140,28.722732469404,113.997111451556,0.995311975821,0.049694858884,1.014838615190,1.024479323659,0.972684993144,1.004631392619,1.044752607171,1.046367942035,1.044855520755,0.995027279570,1.012807475134,-2.000000000000,0.000000000000,1.000000000000,1.000000000000,3.000000000000,1.000000000000,5.000000000000,2.000000000000,299.204340263332,0.435745341068,0.497936820039
94,34.261867504026,29.960343501332,113.583536435697,0.979186627256,0.049183113380,1.008026718422,1.009433980231,0.990076438737,1.004558673511,1.046948810753,1.052359553018,1.045890878140,0.994322565488,1.012461869166,0.000000000000,-1.000000000000,2.000000000000,1.000000000000,3.000000000000,2.000000000000,6.000000000000,2.000000000000,299.491010512316,0.433427589350,0.476905028310
95,35.026736794221,31.019571175498,110.192831583736,0.971207576732,0.049153234819,1.011280829310,1.034543854324,0.990389559644,1.037345485166,1.046896103550,0.988728746721,1.045054440607,0.974746037957,1.029522313749,1.000000000000,0.000000000000,2.000000000000,0.000000000000,3.000000000000,1.000000000000,6.000000000000,2.000000000000,272.853598184956,0.464045173862,0.499627040226
96,34.142679809542,28.886579897269,115.591365014410,0.995421755630,0.049132315546,1.015160489771,1.011670477796,0.989407661673,1.025910419684,1.044661054810,1.045774357967,1.045112346854,0.999682716415,1.013392260093,0.000000000000,0.000000000000,-2.000000000000,0.000000000000,3.000000000000,1.000000000000,5.000000000000,2.000000000000,299.744554962636,0.464448783550,0.499403606617
97,34.987294412600,31.309053767641,110.112831583736,0.970921157365,0.048973031569,1.011280829310,1.034543854324,0.988953889862,1.037345485166,1.052826672531,0.988728746721,1.045054440607,0.974746037957,1.029522313749,1.000000000000,0.000000000000,1.000000000000,0.000000000000,3.000000000000,1.000000000000,6.000000000000,2.000000000000,272.853598184956,0.464045173862,0.499627040226
98,34.115471997762,29.205042629498,115.591365014410,0.994512785590,0.048904438385,1.015160489771,1.014689544417,0.989407661673,1.025910419684,1.044661054810,1.045774357967,1.045112346854,0.999682716415,1.013392260093,0.000000000000,0.000000000000,-2.000000000000,0.000000000000,3.000000000000,1.000000000000,5.000000000000,2.000000000000,299.744554962636,0.464448783550,0.499403606617
99,34.155440683776,30.409565214404,112.533759971981,0.993123129792,0.048844275007,1.008770452049,1.026877703204,0.974768760574,1.021208865707,1.039895556377,1.057043021920,1.044321327844,0.992189088111,1.019254458627,0.000000000000,0.000000000000,2.000000000000,0.000000000000,2.000000000000,1.000000000000,6.000000000000,2.000000000000,298.353293662217,0.430767231780,0.473497359210
100,34.168575419808,29.613212894464,115.172040188959,0.994496000507,0.048665845941,1.015041160474,1.019657417827,0.990514609539,1.016348269552,1.043745694339,1.052281995335,1.049736901796,0.993575253865,1.010140150079,0.000000000000,0.000000000000,-2.000000000000,0.000000000000,3.000000000000,1.000000000000,5.000000000000,2.000000000000,299.360247705801,0.457601939322,0.500000000000
101,34.208871588336,30.564417091029,113.503536435697,0.984039532724,0.048624561063,1.014941230601,1.009433980231,0.990076438737,1.004558673511,1.046948810753,1.052359553018,1.045890878140,0.994322565488,1.012461869166,0.000000000000,0.000000000000,2.000000000000,1.000000000000,3.000000000000,2.000000000000,6.000000000000,2.000000000000,299.491010512316,0.433427589350,0.476905028310
102,34.568073432334,34.533096578946,102.668736398024,0.991581316102,0.048502855619,1.015128427990,1.029597329202,0.988673241340,1.042767458909,1.046895334578,1.049187411792,1.039315176840,0.992300364466,1.026397857776,-2.000000000000,0.000000000000,2.000000000000,0.000000000000,3.000000000000,1.000000000000,6.000000000000,2.000000000000,271.328964210101,0.463395688172,0.310745406640
103,34.483414819991,32.007376991104,110.617652592515,0.974156138034,0.048447212585,1.008832398549,1.034208017703,0.987568892515,1.008664047302,1.043743819651,1.050624981502,1.045151648201,0.973636946796,1.029467452291,0.000000000000,0.000000000000,3.000000000000,1.000000000000,2.000000000000,1.000000000000,6.000000000000,2.000000000000,275.964343778216,0.468264021293,0.498846431050
104,34.302175932084,29.508031279113,117.419503461209,0.977658009428,0.048438197205,1.011146336154,1.014811924653,0.985568064638,1.011777476039,1.049860094477,1.042780057488,1.045886889353,0.994312631184,1.012415519462,0.000000000000,0.000000000000,2.000000000000,1.000000000000,3.000000000000,2.000000000000,5.000000000000,2.000000000000,299.678384876847,0.500000000000,0.499032944809
105,34.304172678595,29.500855569029,117.499503461209,0.977605016199,0.048421173509,1.011146336154,1.014811924653,0.985568064638,1.011777476039,1.049860094477,1.042780057488,1.045886889353,0.994312631184,1.012415519462,0.000000000000,-1.000000000000,2.000000000000,1.000000000000,3.000000000000,2.000000000000,5.000000000000,2.000000000000,299.678384876847,0.500000000000,0.499032944809
106,34.139170810652,30.612454151413,114.020833073217,0.986648566338,0.048404998454,1.015160184750,1.022378660012,0.997569724298,1.004631392619,1.044752607171,1.046367942035,1.045882963375,0.995237563014,1.012432785447,-2.000000000000,0.000000000000,1.000000000000,1.000000000000,3.000000000000,2.000000000000,5.000000000000,2.000000000000,299.204340263332,0.436199504200,0.497936820039
107,34.264923049147,29.857925522809,116.727116981218,0.977542897841,0.048376960330,1.015049004186,1.014811924653,0.985568064638,1.011777476039,1.049860094477,1.042780057488,1.045886889353,0.994312631184,1.012415519462,0.000000000000,0.000000000000,2.000000000000,1.000000000000,3.000000000000,2.000000000000,5.000000000000,2.000000000000,299.678384876847,0.486743890564,0.499032944809
108,34.211889393888,31.334499336848,114.284630806772,0.976966005064,0.047955214044,1.025730121753,1.022605315651,0.993399374634,1.024685172778,1.044807950216,1.047785009746,1.029176938545,0.993727872574,1.010705504173,0.000000000000,0.000000000000,1.000000000000,1.000000000000,3.000000000000,2.000000000000,6.000000000000,2.000000000000,299.834722775017,0.431529666892,0.500000000000
109,34.243199591507,32.903366242459,109.978786597708,0.980316496308,0.047920528214,1.011210570263,1.034676972034,0.988914879049,1.035012224442,1.046954449529,1.052931107058,1.045112346854,0.994139671071,1.014056065975,2.000000000000,0.000000000000,2.000000000000,1.000000000000,3.000000000000,1.000000000000,4.000000000000,2.000000000000,280.342919012252,0.464603452088,0.471669635284
110,34.519696788575,33.373280763611,108.911925342316,0.973192502167,0.047916827126,1.011280829310,1.034676972034,0.987967578856,1.035012224442,1.046954449529,1.052359553018,1.045112346854,0.973998037476,1.029524410489,1.000000000000,0.000000000000,2.000000000000,1.000000000000,3.000000000000,1.000000000000,4.000000000000,2.000000000000,272.853598184956,0.464603452088,0.488921223971
111,34.065796435063,31.966950613317,112.553472392526,0.991994386334,0.047683298053,1.014280561497,1.026877703204,0.990831076054,1.021208865707,1.046904181643,1.057043021920,1.044573581265,0.992189088111,1.010982497802,0.000000000000,0.000000000000,2.000000000000,0.000000000000,2.000000000000,1.000000000000,6.000000000000,2.000000000000,298.353293662217,0.430767231780,0.474012002165
112,34.458727226342,33.584120836732,109.321991292940,0.973729516085,0.047652795990,1.006663394391,1.034676972034,0.991532054574,1.034833035114,1.046954449529,1.055786274419,1.045112346854,0.974746037957,1.029524410489,1.000000000000,0.000000000000,2.000000000000,1.000000000000,3.000000000000,1.000000000000,4.000000000000,2.000000000000,272.853598184956,0.464603452088,0.499627040226
113,34.458588431776,33.592300560888,109.321991292940,0.973723407488,0.047646884001,1.006663394391,1.034676972034,0.991532054574,1.034956533466,1.046954449529,1.055786274419,1.045112346854,0.974746037957,1.029524410489,1.000000000000,0.000000000000,2.000000000000,1.000000000000,3.000000000000,1.000000000000,4.000000000000,2.000000000000,272.853598184956,0.464603452088,0.499627040226
114,34.282142083567,34.537757581089,105.981386872838,0.990216400165,0.047645964060,1.015128427990,1.029597329202,0.988673241340,1.042767458909,1.046895334578,1.049187411792,1.039315176840,0.992300364466,1.026397857776,-2.000000000000,0.000000000000,2.000000000000,0.000000000000,3.000000000000,1.000000000000,6.000000000000,2.000000000000,271.328964210101,0.463395688172,0.397230586033
115,34.092352998703,34.176907938813,108.357722070142,0.983040455535,0.047461184328,1.006663394391,1.034380605889,0.988679647749,1.042674796984,1.046896153605,1.052105940180,1.039572507526,0.991673039759,1.026493821627,1.000000000000,0.000000000000,2.000000000000,1.000000000000,3.000000000000,1.000000000000,5.000000000000,2.000000000000,272.853598184956,0.440642655046,0.495377753560
116,34.034063788685,34.253259091954,108.357722070142,0.988831871479,0.047296045082,1.006663394391,1.034380605889,0.988679647749,1.042674796984,1.046896153605,1.052105940180,1.039572507526,0.991673039759,1.026493821627,1.000000000000,0.000000000000,2.000000000000,0.000000000000,3.000000000000,1.000000000000,5.000000000000,2.000000000000,272.853598184956,0.440642655046,0.495377753560
117,34.264018751221,34.011132745873,110.101379643506,0.971427414617,0.047256894654,1.011280829310,1.027412446224,0.988952694670,1.037345485166,1.052640913120,1.048107300339,1.045054440607,0.974746037957,1.029456228416,1.000000000000,0.000000000000,1.000000000000,0.000000000000,3.000000000000,1.000000000000,6.000000000000,2.000000000000,272.836998771997,0.464045173862,0.499423399545
118,34.001568761157,31.733688780147,115.141365014410,0.994089419002,0.047096071344,1.015160489771,1.036322297751,0.989407661673,1.025910419684,1.044661054810,1.045774357967,1.045112346854,1.004685976960,1.013392260093,0.000000000000,0.000000000000,-2.000000000000,0.000000000000,2.000000000000,1.000000000000,5.000000000000,2.000000000000,299.744554962636,0.464448783550,0.499403606617
119,33.907869562051,33.124911881906,112.807988949002,1.000000000000,0.046626630177,1.014280561497,1.026877703204,0.990831076054,1.004682228638,1.046944817079,1.060000000000,1.044573581265,0.994322565488,1.023998106578,0.000000000000,0.000000000000,2.000000000000,0.000000000000,3.000000000000,1.000000000000,5.000000000000,2.000000000000,299.510187100744,0.430767231780,0.474012002165
120,33.976441209557,33.982072016167,114.117210421600,0.988660528489,0.045861730100,1.007303789947,1.032229649872,0.988679647749,1.042674796984,1.046896153605,1.052353212173,1.039587166369,0.991673039759,1.026493821627,0.000000000000,0.000000000000,2.000000000000,1.000000000000,3.000000000000,1.000000000000,5.000000000000,2.000000000000,299.423598859764,0.440642655046,0.495223411040
