point_id,feasible,selected,objective_oscillation_error,objective_molecule_cost,objective_fragility,decision_log10_alpha_a,decision_log10_alpha_prime_a,decision_log10_alpha_r,decision_log10_alpha_prime_r,decision_log10_beta_a,decision_log10_beta_r,decision_log10_delta_ma,decision_log10_delta_mr,decision_log10_delta_a,decision_log10_delta_r,decision_log10_gamma_a,decision_log10_gamma_r,decision_log10_gamma_c,decision_log10_theta_a,decision_log10_theta_r
0,1,1,0.6750883130955269,520.8984375,0.2700508126990653,1.376485159114876,2.439272001873765,-2.068750031900983,1.276074378162252,1.6007515380899338,0.4161339203732246,1.4126399667744913,-0.4855291401144477,-0.2774443022845544,-0.5168719137498146,0.48020927691787607,-0.2855524669519559,-0.036541061903950095,1.5549350015263748,1.9073577105759405
1,1,0,0.9007318175000396,422.12109375,0.29602718597244043,1.2361976818236644,2.670558568570308,-1.8154696184035264,1.412774127407621,1.2381763309431186,0.3196277706332845,0.7796205909730439,-0.2599987515966081,0.32946907644642764,-0.6121006147148285,0.3348747313290259,-0.16850326552945938,0.23990025729560108,1.7522878963607016,2.1846682803789386
2,1,0,0.8488170506871016,718.7578125,0.23255871665274863,1.2631462585719098,2.338958974427527,-2.0323158566607504,1.467250223706945,1.6630338770265984,0.4159586474041201,1.3119755183163622,-0.4855291401144476,-0.4217050711520193,-0.5168719137498146,0.48020927691787607,-0.390500083401798,-0.09249062132483304,1.8020980028548879,1.8980773525086843
3,1,0,0.8320927501305299,485.25390625,0.38113629639696567,1.2753059913649047,2.3381557856546666,-2.203092364723407,1.467250223706945,1.662636337945439,0.5762431838549544,1.3119755183163622,-0.4853221242609925,-0.2614082702542188,-0.5143108464703482,0.49022073568704616,0.2517330112532703,-0.0924906213248331,1.7505812190539727,1.8980773525086843
4,1,0,0.9998091938340167,202.87890625,0.45269812705535617,1.2404326090618847,2.3459318541876417,-2.2186809104830925,1.3833444040881981,1.2614310482146411,0.4165605673206467,1.0494027527199807,-0.488778946957829,-0.04005637923159233,-0.47835742868485376,0.332496271168516,-0.21526210501322562,0.6899176402028446,1.7575059295753066,2.3853346680415646
5,1,0,1.0839080069892815,200.95703125,0.42094889798189083,1.2404326090618847,2.3459318541876417,-2.2186809104830925,1.4665890121376974,1.2614310482146411,0.4165605673206467,1.0494027527199807,-0.48877894695782903,-0.04005637923159234,-0.47835742868485376,0.33249627116851604,-0.21526210501322562,0.6899176402028447,1.7575059295753066,2.3853346680415646
6,1,0,1.0127392925654766,233.943359375,0.44432988252829586,1.2371921333013414,2.352485352139853,-2.218692795612717,1.4702216068683867,1.2642884164694996,0.24080655903228199,1.0608880706754802,-0.4887789469578291,-0.031460646589637015,-0.47835742868485376,0.4854112686175841,-0.21306950732211777,0.39914881109201517,1.7575478583938222,2.471691112207841
7,1,0,1.1450948042027562,174.62109375,0.41779461438649246,1.633721746387482,2.759332516555274,-2.3800232865356583,1.7240905700261524,1.3843255786377733,0.22358795493365513,1.3863602286521015,-0.21946173755981088,0.22091460178740513,-0.6004457789633584,0.32866623553912766,-0.233544466695851,0.796930177244765,1.7169292288029188,2.293940438203961
8,1,0,1.0597554833806038,391.05078125,0.4054298376302653,1.224147352159128,2.3251794922049616,-2.174997633457502,1.8873168118116168,1.5087356853431073,0.8893639337588861,1.3099961101664603,-0.5522246106879057,-0.38440574307434994,-0.5260360776213135,0.42409391394890716,-0.4569479362450048,0.32711479232537227,1.508691950484033,1.94075767121912
9,1,0,1.0597554833806038,391.05078125,0.4054298376302653,1.224147352159128,2.3251794922049616,-2.174997633457502,1.8873168118116168,1.5087356853431073,0.8893639337588861,1.3099961101664603,-0.5522246106879057,-0.38440574307434994,-0.5260360776213135,0.42409391394890716,-0.45694793624500474,0.3271147923253722,1.508691950484033,1.94075767121912
10,1,0,1.0597554833806038,391.05078125,0.4054298376302653,1.224147352159128,2.3251794922049616,-2.174997633457502,1.8873168118116168,1.5087356853431073,0.8893639337588861,1.3099961101664603,-0.5522246106879056,-0.38440574307434994,-0.5260360776213135,0.42409391394890716,-0.45694793624500474,0.3271147923253722,1.508691950484033,1.94075767121912
11,1,0,0.8084224763752084,518.984375,0.493581583943458,1.3613743317814846,2.4392720018737655,-2.068750031900983,1.275691087715749,1.600751538089934,0.41595864740412014,1.4126399667744913,-0.4855291401144477,-0.2774443022845544,-0.5168719137498146,0.48020927691787607,-0.2855524669519559,-0.0743549350424601,1.5484809466273497,1.8980773525086843
12,1,0,1.2911613603007628,285.369140625,0.3924740941175934,1.2150835631027772,2.758016606288148,-2.1368242604319696,1.520092834029752,1.3832623505317034,0.5861024616399676,1.3582667860655722,-0.2163447119143912,0.019502296542872,-0.29227491390448795,0.4193997636666804,0.009040298984765216,0.7535028822209333,1.731310052386714,2.353179288312619
13,1,0,1.5081283224228605,243.26953125,0.37390024459215526,1.4787332020011696,2.3524853521398534,-2.221596622468706,1.3387739808146017,1.2576493014827625,0.6063869292669903,1.0371821390637188,0.04147524971376121,-0.03576154578503177,-0.8329905878827082,0.485354931347706,-0.21483017587406528,0.7024172380674607,1.7598935246555762,2.3853346680415646
14,1,0,1.1825300674648878,159.77734375,0.5896239931180585,1.2753059913649047,2.3212510883884674,-2.203092364723407,1.467250223706945,1.279510304772057,0.3060462188450575,1.3592280678057027,-0.4588891935487811,-0.26140827025421876,-0.5032403346642598,0.49022073568704616,0.25006178873798346,-0.0924906213248331,1.7505590501461579,1.898458280033593
15,1,0,1.2267312694521533,172.3359375,0.5719645959582412,1.633721746387482,2.759332516555274,-2.3800232865356583,1.7240905700261524,1.3843255786377733,0.25732419509538196,1.3863602286521015,-0.2194617375598109,0.2209146017874051,-0.6004457789633584,0.3286662355391277,-0.233544466695851,0.796930177244765,1.7169292288029188,2.293940438203961
16,1,0,1.156717839789498,168.154296875,0.6120074584442871,1.225790252032097,2.480445387203811,-1.6169183638692202,2.0502744466753473,1.3976133074692172,0.22106969959672335,1.3358813100621454,-0.4772340499158979,0.01831350948710976,-0.597796080867634,0.3284215399066668,-0.1555865173777431,0.30348469321974153,1.7644155626863236,2.226991597066317
17,1,0,1.2279147560537667,168.912109375,0.5884741378424463,1.2404326090618847,2.3459318541876417,-2.263247955716046,1.4665890121376974,1.2119054736867523,0.4165605673206467,1.0494027527199807,-0.48877894695782903,-0.04005637923159233,-0.47835742868485376,0.3324962711685161,-0.21526210501322562,0.6899176402028449,1.8364547834497644,2.3853346680415646
18,1,0,1.4363116258907893,104.826171875,0.541673253722067,1.5560712215637373,2.8238792519223344,-1.7790793909258436,1.5436302464821225,1.3173263219492222,0.8719833342330621,1.290879056151717,0.15914240469402152,0.3480743159822426,-0.7235747668600427,0.1547890564266291,-0.15261654271042852,0.762120701178804,1.8523980480590314,1.8724042743683222
19,1,0,1.7509601896650016,492.994140625,0.22399742321698868,1.2446708868859382,2.7077730274076344,-2.142887769926585,1.5164176379478027,1.3830588166605353,0.5910549296860168,1.3582500090938945,-0.21634471191439125,-0.3779587559606069,-0.7675106821955471,0.4200813190248958,-0.005442753867964542,0.7286330031750405,1.900643444096621,2.397616611348547
20,1,0,1.477641228309704,98.224609375,0.570430730837046,1.2484876600644763,2.7026220672419496,-2.1373806559695696,1.5164176379478027,1.3830588166605353,0.6469697509682859,1.3554826764104226,-0.21634471191439125,0.33726794877739386,-0.7690166579490939,0.42008131902489576,-0.0052435145364067015,0.7286330031750405,1.900643444096621,2.3423342140456813
21,1,0,1.2365450554063477,148.255859375,0.6782731778808575,1.2753059913649047,2.199451981995863,-2.1966492766267343,1.5218414352754739,1.3096010579579145,0.4475942121679354,1.3198820125821484,-0.4853221242609925,-0.29922270912734994,-0.5143108464703481,0.49022073568704616,0.2678884658704266,-0.08512905036444984,1.7505812190539727,2.291742662820859
22,1,0,1.2365450554063477,148.255859375,0.6782731778808575,1.2753059913649047,2.199451981995863,-2.196649276626734,1.5218414352754737,1.3096010579579147,0.4475942121679354,1.3198820125821484,-0.4853221242609925,-0.29922270912734994,-0.5143108464703481,0.49022073568704616,0.2678884658704266,-0.08512905036444984,1.7505812190539727,2.291742662820859
23,1,0,1.2365450554063477,148.255859375,0.6782731778808575,1.2753059913649047,2.199451981995863,-2.1966492766267343,1.521841435275474,1.3096010579579145,0.4475942121679354,1.3198820125821484,-0.4853221242609925,-0.29922270912734994,-0.5143108464703481,0.49022073568704616,0.2678884658704266,-0.08512905036444984,1.7505812190539727,2.291742662820859
24,1,0,1.3163565985100025,130.390625,0.6621264698334486,1.397323725621383,2.3047738961639963,-2.215465384099723,1.3393828471948392,1.2663466117215547,0.5683968129394232,1.0664311127820296,-0.436162744987638,-0.03576154578503174,-0.478357428684854,0.26982779058095585,-0.26998693871508084,0.7442503225834092,2.1613333194871327,2.3853346680415646
25,1,0,1.3268654546567402,157.357421875,0.6501660651204723,1.7351434730898183,3.065033070474345,-2.1269466462649955,1.2847333846990026,1.3058252988167625,0.4666885639700056,1.4845324282410957,-0.736519229224514,0.3954940118553798,-0.607620422632523,0.29096569313126186,-0.11032470340072403,0.5855135030056489,1.7490315383435613,2.156923498948929
26,1,0,1.3828752783320555,156.953125,0.63121977089653,1.2347487680861065,2.465556601112164,-2.1377623732255757,1.8768967215137744,1.5369121409857132,0.3418759671828171,1.4225928637704364,-0.13321104792943006,-0.06779750077569391,-0.5148087174748809,-0.017373952484417643,-0.399817828229312,-0.12876013104074496,1.759457310480114,1.7827190474680448
27,1,0,1.3560647224474702,107.859375,0.6740220219888728,1.580142955910568,2.480445387203811,-1.6169183638692202,1.7312576662339663,1.3994804857484886,0.21800869361465197,1.3358813100621454,-0.38922708438655107,0.2131398717531186,-0.600707407791844,0.3284268831234475,-0.1555865173777431,0.788575546365951,1.7636988824096949,2.226991597066317
28,1,0,1.3630341963976074,118.880859375,0.6656238358019203,1.6351600435941145,2.480445387203811,-1.6169183638692202,2.0960941885127444,1.3966231174936306,0.38397116970414125,1.3244183776807803,-0.38922708438655107,0.20443686134167036,-0.6128876950202835,0.3284215399066668,-0.15777911506885095,0.6751787913482363,1.7643736338678082,2.226991597066317
29,1,0,1.8110849848468151,481.744140625,0.261535682647274,1.2446708868859382,2.7077730274076344,-2.142887769926585,1.5164176379478027,1.3830588166605353,0.5910549296860168,1.3582500090938945,-0.21634471191439122,-0.3779587559606069,-0.7675106821955471,0.42008131902489587,-0.005442753867964556,0.7286330031750405,1.9321725130236038,2.397616611348547
30,1,0,1.4890587758174114,92.912109375,0.6169703983925228,1.5560712215637373,2.8238792519223344,-1.7790793909258436,1.5436302464821225,1.2878381462131885,0.8719833342330621,1.2908790561517172,0.15914240469402152,0.3480743159822426,-0.7235747668600427,0.1547890564266291,-0.15261654271042852,0.762120701178804,1.8523980480590314,1.8724042743683222
31,1,0,1.371468465191851,117.251953125,0.6733068607759074,1.5795727751267536,2.480445387203811,-1.6169183638692202,2.099726783243433,1.4030641884363573,0.21800869361465203,1.3358813100621454,-0.38922708438655107,0.21313987175311863,-0.6128876950202835,0.3284215399066668,-0.2108739618823271,0.3858992768670278,1.7644155626863238,2.1728467164785172
32,1,0,1.371468465191851,117.251953125,0.6733068607759074,1.5795727751267536,2.480445387203811,-1.6169183638692202,2.099726783243433,1.4030641884363573,0.21800869361465203,1.3358813100621454,-0.38922708438655107,0.2131398717531186,-0.6128876950202835,0.3284215399066668,-0.2108739618823271,0.3858992768670278,1.7644155626863238,2.1728467164785172
33,1,0,1.2881050558616751,113.02734375,0.7235419488036715,1.4787332020011696,2.352485352139853,-2.221596622468706,1.3387739808146017,1.2576493014827625,0.6063869292669903,1.301776902617235,0.04147524971376121,-0.03576154578503177,-0.8329905878827082,0.485354931347706,-0.21483017587406528,0.7024172380674607,1.7598935246555762,2.306499949471514
34,1,0,1.4835353439753662,60.72265625,0.6526265570830163,1.2134144616744154,2.6574802327306224,-2.1778127950232964,1.9771647422927545,1.2554062472363952,0.28204777007480997,1.3583193790172519,-0.34727578810589477,0.3904415679915847,-0.716129799356841,0.366577366217129,0.2494284658168567,0.7025694704563565,1.7535242970976375,2.3968571819898403
35,1,0,0.9080926502868221,1563.60546875,0.20169025993678968,1.5309780660411105,2.685701960622205,-1.6061858339671322,1.9022170744432239,1.5146023505613462,0.8071427323003375,1.0973559283535814,-0.563657275873475,-0.3845662587818416,-0.5263347463136219,0.42409391394890716,-0.46444668389748966,0.28327521085809226,1.5295878728391559,2.372775647980726
36,1,0,1.3904512423164639,91.59375,0.7103015022171225,1.2484876600644763,2.707773027407635,-2.1889677471962985,1.5164176379478027,1.3830588166605353,0.6469697509682859,1.3432893960504928,-0.2163447119143912,0.4050157884114651,-0.7675106821955471,0.42008131902489576,-0.0052435145364067015,0.7286330031750405,1.8553249997943624,2.3434210109792213
37,1,0,1.2790223079230394,131.974609375,0.7806684972343961,1.2361976818236644,2.671023513816809,-1.7289893534001153,1.5162931902394294,1.3260669917842773,0.33351025900168474,1.2334448147402963,-0.21447867802098114,0.32953787894907993,-0.725148885771373,0.41943066240788024,-0.2580718474776813,0.24559815300773216,1.8986822794805613,2.185454450732365
38,1,0,1.8078872257763694,961.6796875,0.15105859874352862,1.7351434730898183,3.065033070474345,-1.8549609897613728,1.2847333846990026,1.3030974478780886,0.4666885639700056,1.4845324282410957,-0.736519229224514,-0.43874860790995035,-0.607620422632523,0.2841016516702204,-0.11617374602234182,0.5855135030056489,1.7181328737702475,2.156923498948929
39,1,0,2.0635800518419667,146.23046875,0.4815359684407813,1.284485573962239,2.250765914907342,-2.4668550916827314,1.5244809344589094,1.3001861571387612,0.21047252313103015,1.3145786175021081,-0.5738769813166104,-0.2253741117924953,-0.9466275053379691,0.4773316543901723,0.25198888816609366,0.7074613363174878,1.5795420437002696,2.3523652244747897
40,1,0,1.2957324729411261,1765.505859375,0.1302748723347714,1.7351434730898183,3.0507551839487865,-2.1718576712446027,1.2847333846990026,1.504152722449831,0.792651290387769,1.4845324282410957,-0.5652003171996325,-0.4387486079099503,-0.5343468670757079,0.40735280689575243,-0.1531667299626451,0.5855135030056489,1.5111300351885115,2.156923498948929
41,1,0,1.4413948280657214,1761.791015625,0.19093375639562887,1.922742057430467,3.0265761105702467,-2.1203714632275954,2.0466277963091,1.4714997756813428,0.2572035822614765,1.3620972986726367,0.038146325334589504,-0.3150091146942263,-0.5150750010227992,0.4902174503994403,0.3863293667276699,0.34607062364278973,2.097538199848789,1.9008466724854918
42,1,0,1.911858459745213,58.5234375,0.9502677767970188,1.2310191122404408,2.2772393439254697,-2.4157935438502904,1.331921826344923,1.4944349559058323,0.30956860126179575,1.200598502537304,-0.6087998555487257,0.37904162316430745,-0.5249750945039893,0.4485427098865703,0.3233440257678911,0.29081054432046244,2.1064617786483386,2.1577254086964572
43,1,0,1.8508306990038628,52.328125,1.0017667411467341,1.2120979909923326,2.8078988040029396,-2.4751379147295625,1.4605315193587414,1.2094242887440503,0.4428031084228954,1.3141831545320413,-0.3543930959855336,0.008245447464366618,-0.30329095717193155,-0.48743760781024503,0.24277803112168772,0.2579488360173554,1.7965606574365167,2.184697323032517
44,1,0,1.8508306990038628,52.328125,1.0017667411467341,1.2120979909923326,2.8078988040029396,-2.4751379147295625,1.4605315193587414,1.2094242887440503,0.44280310842289544,1.3141831545320413,-0.3543930959855336,0.008245447464366618,-0.30329095717193155,-0.48743760781024503,0.24277803112168772,0.2579488360173554,1.7965606574365167,2.184697323032517
45,1,0,1.8833314454410761,1757.677734375,0.13317796873125887,1.2667927024869998,3.053194808429195,-1.948706180170583,1.7749097876332582,1.7024033366379427,0.523343027146913,1.405337119420731,-0.3254045111328423,-0.3356397337322272,-0.6729010744507462,-0.4934559521810422,-0.07606971798303053,0.056446328103856094,1.8772972297797845,2.2002633324437095
46,1,0,1.9643838714458632,50.775390625,1.0508995371760046,1.5800143482991755,2.232545666354052,-2.2159524655133174,1.3388315054668527,1.2632498086572435,0.6083914262177255,1.3562573069555173,-0.6737717459532757,0.09981977944961756,-0.478357428684854,0.32757190532195757,-0.2600699393805873,0.6688360301396639,1.9090137746947438,2.3923196563115523
47,1,0,1.9038510766977557,51.107421875,1.0826351209960634,1.5438405976078018,2.495350095223956,-2.1663800375655984,2.098567187909552,1.260089879107139,0.218008693614652,1.3358813100621454,-0.38922708438655107,0.37554715793482635,-0.6043166690895531,0.3254627812565059,-0.1555865173777431,0.38589927686702785,1.7644155626863234,2.226991597066317
48,1,0,1.8877721999411814,42.318359375,1.0963527198382126,1.2480080120766188,2.7825936550132306,-2.1651147529291896,1.7330462794696313,1.209171401765826,0.7795446827864343,1.3417734110674593,-0.25728066353556645,0.16214201460693836,-0.7593004483821444,-0.33763712474171936,0.24273775374212575,0.43555896559940677,1.8102544897371762,2.341163024168675
49,1,0,2.2156603765981666,52.232421875,0.9494767861742434,1.2138344381548314,2.6448469427761,-2.1363712172860856,1.6657781570982442,1.2683863509934428,0.3485717479478896,1.3603654869787225,-0.1352689419387105,0.3660977657680705,-0.9396393740285223,0.35704400891499766,0.2672146269833743,0.7137371863749224,1.7962746801706775,2.1874762351206867
50,1,0,2.246385491963009,38.228515625,0.949454164653444,1.2417631059866112,2.7817385586476338,-1.7706721667184038,1.7330462794696313,1.2091714017658262,0.7795446827864343,1.289781699434864,-0.25728066353556645,0.15971253911831673,-0.7593004483821444,-0.33763712474171936,0.24273775374212575,0.7686574552089834,1.8102544897371762,1.8713366479827083
51,1,0,1.8342635681949466,42.017578125,1.1574949340197975,1.2168120713368475,2.2958952392672183,-1.562216061607859,1.5146764527512766,1.3015958363296778,0.30345446342860766,1.3598720770605892,-0.481077193356471,-0.07211212372689833,-0.5264624405423544,-0.47236603379131037,-0.4237211308492316,-0.12803649600928058,1.5269276950128043,1.8978636613959834
52,1,0,2.164947778774134,42.560546875,1.028561144435327,1.2117308503825024,2.665047341858934,-1.7870811789766015,1.984832600344484,1.2678671221162934,0.3031307546455785,1.2571236312654128,-0.39114766282980457,0.020604473136683177,-0.2838616078309115,-0.4845338378248101,0.22609413231101655,0.774641093245115,1.7259142255016098,2.1931911163893423
53,1,0,2.164947778774134,42.560546875,1.028561144435327,1.2117308503825024,2.6650473418589335,-1.7870811789766012,1.9848326003444843,1.2678671221162934,0.3031307546455785,1.2571236312654128,-0.39114766282980457,0.020604473136683177,-0.2838616078309115,-0.4845338378248101,0.22609413231101655,0.7746410932451151,1.7259142255016098,2.1931911163893423
54,1,0,2.164947778774134,42.560546875,1.028561144435327,1.2117308503825024,2.6650473418589344,-1.7870811789766012,1.9848326003444838,1.2678671221162934,0.3031307546455785,1.2571236312654128,-0.3911476628298045,0.020604473136683177,-0.2838616078309115,-0.4845338378248101,0.22609413231101655,0.7746410932451149,1.7259142255016098,2.1931911163893423
55,1,0,2.0982132088033763,33.130859375,1.0670378096900328,1.2117308503825024,2.657480232730623,-1.7612437316153091,1.9836631241472058,1.2678671221162934,0.2820477700748101,1.3603654869787225,-0.29161352903365645,0.01260410131825812,-0.2782848084178269,-0.4845338378248101,0.2499038423854858,0.7537543883977467,1.7303632122893182,2.1904560965292896
56,1,0,2.36072557158461,24.943359375,1.0297876181528605,1.2149570076437648,2.258148893126157,-2.455290222362609,1.9690266792188384,1.2687899531027227,0.44000938066107914,1.2370322299896463,-0.6137007727054336,0.37576780533695575,-0.2891514733171553,0.29150650093736064,0.24984508888807022,0.7245876237266656,2.120859795354977,2.3186433667032182
57,1,0,2.1352643783009695,32.95703125,1.2027829676728854,1.2117308503825024,2.674291517207826,-1.7870811789766015,1.9836631241472058,1.2678671221162934,0.3031307546455785,1.3603654869787225,-0.09658156893095304,0.01260410131825812,-0.2838616078309115,-0.4845338378248101,0.2499038423854858,0.774641093245115,1.7303632122893178,2.1943061344327326
58,1,0,2.1849663674618442,28.197265625,1.1865258690889942,1.211977284685979,2.340433953566852,-2.1957318940484143,1.474713892689913,1.2722234983934002,0.6087483989587369,1.3599455155285485,-0.4810953734723602,-0.03540423578123021,-0.4734670727963197,-0.4821808225074038,0.2500275648938126,0.753577670103167,1.7503024291093268,2.1904560965292896
59,1,0,2.3373937616306604,28.17578125,1.1583404791546115,1.213307898762065,2.2536538644419006,-2.1778127950232964,1.9646782907504083,1.2556232493437849,0.2820756658893994,1.3517348180381572,-0.34986731751203953,-0.032178557611765884,-0.7134583451366278,-0.47482527117470286,0.24347959979203326,0.7705771075690957,1.7535242970976377,2.3295447570778407
60,1,0,2.2003443599669903,26.619140625,1.2594500299923137,1.2120034718188322,2.352462202786657,-2.218337245076115,1.466751381468106,1.2722234983934002,0.6064317698252211,1.3599455155285485,-0.4811094166876468,-0.0354042357812302,-0.4802826603412059,-0.4821808225074038,-0.21440669950391944,0.753577670103167,1.7574267407329045,2.3901422381134187
61,1,0,2.3037433782617396,27.9453125,1.229935673868715,1.2119772846859793,2.340433953566852,-2.1957318940484143,1.4637714274058116,1.2722234983934002,0.608748398958737,1.3599455155285485,-0.4810953734723602,-0.0354042357812302,-0.4734670727963197,-0.4821808225074038,0.2500275648938126,0.7535776701031669,1.7503024291093268,2.1904560965292896
62,1,0,2.3037433782617396,27.9453125,1.229935673868715,1.2119772846859793,2.340433953566852,-2.1957318940484143,1.4637714274058116,1.2722234983934002,0.608748398958737,1.3599455155285485,-0.4810953734723602,-0.0354042357812302,-0.4734670727963197,-0.4821808225074038,0.2500275648938126,0.7535776701031669,1.7503024291093268,2.1904560965292896
63,1,0,2.7016737718088817,21.591796875,1.0388717321149081,1.2101504092215722,2.657480232730623,-2.178154661973254,1.977164742292755,1.2571225648688138,0.28204777007480997,1.3694305594049825,-0.34727578810589477,0.395844687585214,-0.6049194824890218,-0.4669650263937444,0.24942846581685674,0.38703205930276385,1.7493803486981907,2.1903080974053757
64,1,0,2.8664760157461915,31.953125,0.9707932716881454,1.6286459528455945,2.375109000458031,-2.138327901622179,1.5244809344589094,1.3001861571387612,0.44488076489800266,1.47414101367746,-0.46044156991842766,0.3524245204147147,-0.9486811228560925,-0.3750193233721084,0.26819141327975443,0.688653315318953,1.6812932800334752,2.301800019272841
65,1,0,1.7682590915805518,2878.572265625,0.12423142803902062,1.7479977695585842,2.332983299421925,-1.8345180374486127,1.6832275479243928,2.164569066387139,0.6284557965488842,1.2327464149071474,-0.582728397363478,-0.3999043804237281,-1.0217039568460662,-0.1203088826985601,-0.13137053841706714,-0.15619022111754105,1.7626409276586141,2.4881590016592527
66,1,0,2.2971349508558467,25.88671875,1.2932180619424916,1.212003471818832,2.352462202786657,-2.2183372450761145,1.466751381468106,1.2722234983934002,0.6064317698252211,1.3599455155285485,-0.48110941668764684,-0.03540423578123021,-0.47348038825329014,-0.4821808225074038,-0.21440669950391944,0.753577670103167,1.7574267407329045,2.3901422381134187
67,1,0,2.8346719291659888,19.443359375,1.0577496948197218,1.2117308503825024,2.3065831511828288,-2.1721935590917507,1.9274454523038567,1.2554062472363947,0.28248071597197144,1.2674052985758735,-0.41991636700016866,0.3904415679915847,-0.295948895300686,-0.4887474357887218,0.10772332844200605,0.38356389836466165,1.7493841995005477,2.1851301087855335
68,1,0,2.7114671489926403,21.20703125,1.2265311065488773,1.211810890645805,2.621548688837921,-2.1814972466051348,1.9691870748697933,1.2558782581176207,0.2860958143159674,1.3560123309923653,-0.5860579237717487,0.3785749758922199,-0.2785435067359844,-0.469409859070978,0.24942846581685674,0.38703205930276396,1.759715220766434,2.1935102438317893
69,1,0,2.841811401600361,16.603515625,1.1861198266955204,1.2117308503825024,2.657480232730622,-2.178154661973254,1.9274454523038567,1.255406247236395,0.28204777007480997,1.360365486978722,-0.34727578810589477,0.3904415679915847,-0.28050684016257454,-0.489655824227493,0.012022205996175997,0.3870320593027639,1.7493841995005477,2.1908067591157185
70,1,0,3.2042546469038458,19.263671875,1.0281214319015677,1.2371921333013414,2.352485352139853,-2.257642995121145,1.5218386779154234,1.290037358584103,0.4165605673206467,1.4502781218394798,-0.48877894695782914,0.4462558849769792,-0.9453017821226151,0.327748225269068,-0.21526210501322562,0.6890522038770829,1.7611685861643287,2.469317431780836
71,1,0,2.628817744750577,24.599609375,1.3665046549321787,1.2149570076437648,2.258148893126157,-2.455290222362609,2.0651641211310476,1.268789953102723,0.4400093806610792,1.2370322299896466,-0.6137007727054336,0.37576780533695575,-0.2891514733171553,0.29150650093736064,0.24984508888807022,0.7245876237266656,2.120859795354977,2.455829045958794
72,1,0,2.7819704827604026,21.005859375,1.31414659634747,1.2430796140570624,2.657480232730623,-1.7612437316153091,1.9799879280652566,1.2678671221162934,0.2820477700748101,1.3603487100070448,-0.29161352903365645,0.3345124018195188,-0.753520576708886,-0.4838522824665946,0.2499038423854858,0.7285221711244518,1.934791001740815,2.1904560965292896
73,1,0,2.7819704827604026,21.005859375,1.31414659634747,1.2430796140570624,2.657480232730623,-1.7612437316153091,1.9799879280652566,1.2678671221162934,0.2820477700748101,1.3603487100070448,-0.29161352903365645,0.3345124018195188,-0.753520576708886,-0.4838522824665946,0.2499038423854858,0.7285221711244518,1.9347910017408152,2.1904560965292896
74,1,0,3.4531759826104462,14.548828125,1.2679813309633605,1.2371921333013414,2.352485352139853,-2.257642995121145,1.5218386779154236,1.2491671142406693,0.4165605673206467,1.4502781218394798,-0.4887789469578292,0.4462558849769792,-0.9453017821226151,0.327748225269068,-0.21526210501322562,0.6769034285487749,1.7611685861643287,2.469317431780836
