niche_id,grid_x,grid_y,quality_train,quality_holdout,descriptor_daily_battery_throughput_per_kwh_train,descriptor_peak_import_ratio_train,descriptor_daily_battery_throughput_per_kwh_holdout,descriptor_peak_import_ratio_holdout,visit_count,retained_niche,constraint_self_sufficiency,constraint_unserved,constraint_cycles,pv_kwp,wind_kw,battery_kwh,battery_kw,electrolyser_kw,hydrogen_kwh,grid_kw,grid_tier,include_wind,include_battery,include_hydrogen
2,2,0,0.09694557786266982,0.08976744887596332,0.42693716433812073,0,0.5154775316536393,0,4,1,-0.4397284725284305,-0.0001,-273.82869766499243,4279.285397533587,2750.143382698199,14007.49216856606,1345.7610200099957,0,0,2600,4,1,1,0
5,5,0,0.07672748536104815,0.07089331170036485,1.05340911508152,0,1.2352713206446515,0,2,0,-0.4337912769552289,-0.0001,-154.87526904030105,3923.958249526877,2609.4585089596744,8550.742392259688,1573.772333300954,0,0,1800,3,1,1,0
12,0,1,0.0504934168125468,0.05708184360795463,0,0.16763143192539814,0,0.16763143192539814,2,1,-0.34686279895973715,-0.0001,-365,1223.4638937172756,2713.8814296873084,0,0,0,0,4000,5,1,0,0
13,1,1,0.08661467236102448,0.08067696978699833,0.3618415965579899,0.1423719214293663,0.43421910220303167,0.17281559206974756,3,0,-0.43374562940046746,-0.0001,-272.60893126222913,4145.479395573853,2486.4752740812214,11264.280304798893,737.1845990782952,0,0,4000,5,1,1,0
15,3,1,0.09902747551707239,0.09418276642950042,0.5710715537835409,0.1381489803100327,0.609757290620986,0.378439391757442,1,0,-0.4366481118064053,-0.0001,-252.59370071541346,4727.033311975543,2538.462090208488,14072.351120553742,660.3042799642501,0,0,1800,3,1,1,0
17,5,1,0.05430255404937746,0.05414739004033102,1.0585785337748856,0.17422803493085626,1.1118165767936483,0.1742280349308563,2,0,-0.3916665005541031,-0.0001,-114.08006617946916,3048.506454734343,2558.901523151651,2015.3465934017618,203.38651072619476,0,0,4000,5,1,1,0
24,0,2,0.04747031302719668,0.04842292120489618,0,0.2492553173249663,0,0.2492553173249663,4,1,-0.3720999820757558,-0.0001,-365,2567.6686015511473,2845.81083227016,0,0,0,0,2600,4,1,0,0
25,1,2,0.06265460160317111,0.06209280567848233,0.2797138899356292,0.2691865179147527,0.28603580306460297,0.26918651791475273,1,1,-0.36613694708485367,-0.0001,-300.6764833664106,3186.9342618470782,2541.4408192050614,3789.8599285947075,80.62453100861114,0,0,2600,4,1,1,0
26,2,2,0.11606800581589097,0.11367693204846636,0.5077466914381655,0.24538324593237013,0.5407956596669592,0.5599079572626842,1,0,-0.4350540812830841,-0.0001,-271.1750488645809,4231.636113191814,2541.4408192050614,18518.851450272516,661.4751816190387,0,0,1250,2,1,1,0
27,3,2,0.06492424371118548,0.06289709906493963,0.6374596772933463,0.26899240174842853,0.7753417492541744,0.2615536711904154,1,0,-0.4191757855634721,-0.0001,-201.9376493372862,3029.4372495624543,2544.4051735004396,5756.965952273255,545.0487064854988,0,0,2600,4,1,1,0
28,4,2,0.05127925306193737,0.05238056128694884,0.869841086139736,0.26100812971866744,0.8780712545241829,0.2610081297186675,3,1,-0.37508877292670717,-0.0001,-161.8447002824791,2621.7352724138054,2666.3332515941834,1046.3407263278798,81.35238750815708,0,0,2600,4,1,1,0
29,5,2,0.05134914357425403,0.05002181750457491,0.9527387229353294,0.2346901008379551,0.9610276776431107,0.2586642884226693,2,1,-0.37974156443098495,-0.0001,-151.5158021738172,3354.6752721268554,2702.1261283289164,1041.2517996662502,79.84458596291263,0,0,2600,4,1,1,0
30,6,2,0.05453700359701761,0.05336218305201029,1.2264525116966127,0.25214489889489744,1.3454296143895697,0.36085300520740604,4,0,-0.39542084680919265,-0.0001,-55.012465690378804,3048.506454734343,2558.904293757146,2015.3465934017618,1130.920042319036,0,0,4000,5,1,1,0
31,7,2,0.061019199612812006,0.055569408848692645,1.4033782736716491,0.28441149517960534,1.5626540580257267,0.5080242162831009,3,0,-0.4157988666109711,-0.0001,-52.78473372794076,4279.285397533587,2308.939695745709,4112.939848404078,1345.8731653521024,0,0,2600,4,1,1,0
36,0,3,0.048634875148059864,0.054340178712362415,0,0.3751664046615027,0,0.3751664046615027,6,1,-0.3470994354616117,-0.0001,-365,1397.119897399307,2685.8426351741937,0,0,0,0,1800,3,1,0,0
37,1,3,0.06877487149441322,0.06888045881349922,0.21444726293073224,0.37481896588171326,0.21600459303521866,0.37481896588171326,6,1,-0.37870340881361075,-0.0001,-318.1725358190781,3324.499766952782,2689.515845962888,5409.057402393426,79.84458596291263,0,0,1800,3,1,1,0
38,2,3,0.06499889776423473,0.07125655569813694,0.4562544666899455,0.34825993244681214,0.4860312798670052,0.33334128554385223,3,1,-0.3556609646618749,-0.0001,-258.9296894651621,1407.7980415231655,2473.0238443096205,4633.201725565909,193.94240973847903,0,0,2600,4,1,1,0
39,3,3,0.05564470651767741,0.05557949856757848,0.673037889446253,0.37398654568873047,0.6792607263990463,0.37398654568873047,3,1,-0.38207250383663605,-0.0001,-217.91297431395682,3352.8319569808045,2698.3164031011697,1965.506551776264,91.96627023531661,0,0,1800,3,1,1,0
40,4,3,0.06737805336737805,0.06402963274861677,0.8232465145569982,0.30010034879386377,0.8586312610979926,0.30010034879386377,2,1,-0.35739035992662804,-0.0001,-198.25113238707553,4269.554945994971,2069.3547014531264,4798.305056553513,239.36784078580726,0,0,2600,4,1,1,0
41,5,3,0.049972065925498625,0.05082119805572889,1.031209906046984,0.36074165025497057,1.05524892595202,0.3461634995036589,3,1,-0.38859600605710054,-0.0001,-141.3805319725878,2621.7352724138054,2838.344792654873,1046.3407263278798,81.35238750815708,0,0,1800,3,1,1,0
42,6,3,0.05398228877896196,0.053745278946307505,1.2144982079236897,0.39555600951409603,1.225123404156034,0.39555600951409575,1,1,-0.3593605315000531,-0.0001,-106.86595134592022,3362.3692990751883,2470.2785678379178,1041.2517996662502,80.03338373412738,0,0,1800,3,1,1,0
44,8,3,0.052791213673280254,0.05250019942392518,1.5059660914752822,0.38002827719968196,1.7120318512319093,0.3699341526499814,1,0,-0.37704620522906207,-0.0001,-6.6416941945452095,2922.600551215254,2389.2829631945356,1858.3702447970916,519.2893577738223,0,0,2600,4,1,1,0
48,0,4,0.09760799672356187,0.10267127884715754,0.18123622192074076,0.4795418282076391,0.2173747761289815,0.43514840216062495,2,0,-0.38074207429468554,-0.0001,-316.1196579465994,1230.6698657698469,2718.76529956388,14123.404569838862,577.1145386111754,0,0,2600,4,1,1,0
49,1,4,0.08397760126654503,0.08897767654768117,0.25173756567528643,0.48123152830537763,0.3034873473631882,0.4368381022583641,6,1,-0.3790358013591075,-0.0001,-296.6880591266279,1230.6698657698466,2692.9618343632783,10442.372906044022,577.1145386111754,0,0,2600,4,1,1,0
50,2,4,0.11376131916757078,0.10986920623527624,0.37020118178944766,0.465152878650316,0.3741861681387549,0.4497217327785788,3,1,-0.1069795226137914,-0.0001,-293.68574472067996,3339.868222931446,847.4497455904309,10337.590445341037,200.60489633258246,0,0,2600,4,1,1,0
51,3,4,0.07837324767418583,0.07589886518906103,0.5502599686432016,0.41027307757091735,0.687824960804002,0.41027307757091735,3,1,-0.42339367844761555,-0.0001,-227.68586410127722,2861.4103352785146,2609.4585089596744,8550.742392259705,2588.970437906722,0,0,1800,3,1,1,0
52,4,4,0.09701200249020628,0.08819259528559976,0.8909070981063644,0.4669404715960667,0.8942477108785046,0.456255257332592,2,1,-0.04417646242488116,-0.0001,-194.46013563123438,4534.084211269419,504.9912952370226,3074.4258931818217,138.90778542517253,0,0,2600,4,1,1,0
55,7,4,0.051054619321068286,0.056267339689252224,1.2850246828298408,0.44053035952149144,1.4368368883982958,0.39542670578186045,1,0,-0.37672171361535034,-0.0001,-21.59588598819562,1409.6113144363176,2696.1476285912113,1426.288512838345,471.8339035013616,0,0,2600,4,1,1,0
60,0,5,0.051319070833779845,0.05467598030213223,0,0.5812402135526273,0,0.5812402135526273,4,1,-0.31868511856820747,-0.0001,-365,1896.4669151224666,2384.8227517659166,0,0,0,0,1250,2,1,0,0
61,1,5,0.08572494973670093,0.0918045374384931,0.25939446062373656,0.5695614047974624,0.28573402723842095,0.5347683399993578,1,1,-0.36603978894698197,-0.0001,-300.7571160374712,1407.7980415231655,2469.854923979628,10768.503949898282,313.13758318294225,0,0,1800,3,1,1,0
62,2,5,0.06467823043117092,0.06651508447898023,0.5236998512134526,0.516278010958725,0.532932307811125,0.516278010958725,2,1,-0.40050389502725336,-0.0001,-269.4247771535449,3252.9317613372855,2861.7650165016107,4291.9358238661625,134.14204390090012,0,0,1250,2,1,1,0
64,4,5,0.06196442250477659,0.06363840306230537,0.81190270371747,0.5599079572626855,0.8376784426138242,0.5599079572626855,3,1,-0.39071527957888774,-0.0001,-195.98834054217937,3183.2765179501134,2541.4408192050614,3789.8599285947075,199.21284274691567,0,0,1250,2,1,1,0
65,5,5,0.0550034847871184,0.05845716510645571,1.0877187603369476,0.5301868606345539,1.2050206599571336,0.47792399075460706,3,0,-0.37933255606599725,-0.0001,-79.06769540401729,1644.108292931844,2546.2360254367736,2570.8383224691156,679.4173084393088,0,0,2600,4,1,1,0
67,7,5,0.0919022600146436,0.09455767654305715,1.3879944221641425,0.5723293844046622,1.517126709766243,0.5304025608288556,2,0,-0.0312630567158424,-0.0001,-80.92088006478349,1232.2920917051003,1187.0178114241373,5756.965952273255,545.0487064854988,0,0,2600,4,1,1,0
68,8,5,0.060313692099760875,0.058683290441452735,1.5451956785805157,0.5599075798907289,1.6171633559137109,0.5599075798907288,2,1,-0.41669638586650326,-0.0001,-43.932731148229664,3183.2765179501134,2541.4435898105557,4049.0592291021967,1171.8331595244488,0,0,1250,2,1,1,0
72,0,6,0.06899313963670965,0.07255347079918721,0,0.6897749676128843,0,0.6897749676128843,1,1,-0.16355792019406734,-0.0001,-365,1472.5319807897513,1604.0338873950345,0,0,0,0,1250,2,1,0,0
73,1,6,0.1135932615305357,0.10883376322078511,0.33464899821302724,0.6559850976049854,0.3375501280991137,0.6359609902921108,2,1,-0.1305101977644747,-0.0001,-301.0175680101976,3818.169275658687,889.9642321699562,10569.534292281123,180.21696581587392,0,0,1800,3,1,1,0
74,2,6,0.0674697967605985,0.06828798451699225,0.5207168680535419,0.6185435249004216,0.5248624283684082,0.6610970971766855,2,1,-0.3172305513115993,-0.0001,-265.91399730477264,3711.3477503015674,2110.9477123437214,2837.993649828397,77.40216433550434,0,0,1250,2,1,1,0
75,3,6,0.09664264185887324,0.09174430960916104,0.606043602784595,0.6593871879992987,0.6107723641918229,0.639363080686424,2,1,-0.12090908041854465,-0.0001,-248.87283037179583,3700.986601317731,858.3546316237786,5812.522955073666,180.21696581587378,0,0,1800,3,1,1,0
76,4,6,0.06138218567328655,0.0645229774396856,0.833115076172188,0.6453649165059897,0.946818143441276,0.5973667533464361,1,0,-0.38269946998530846,-0.0001,-165.7960951754124,1944.9181897952603,2366.479220739949,4567.460920917499,431.9834684359773,0,0,1800,3,1,1,0
78,6,6,0.053128429695013066,0.05769534296926088,1.1280913094010125,0.6266800631693448,1.2495450939876491,0.705577503620271,3,0,-0.3963371250514389,-0.0001,-78.47272122518592,1409.6113144363176,2931.84183330816,1426.288512838345,2212.160350190579,0,0,2600,4,1,1,0
79,7,6,0.0833907780916265,0.07853344129947924,1.4215623467884855,0.6559721202675363,1.433959318672531,0.6359480129546616,1,1,-0.12764542473078522,-0.0001,-92.87815431141291,3683.2732089994824,890.0848075825355,2480.5168699844294,180.21696581587392,0,0,1800,3,1,1,0
84,0,7,0.07537111365818648,0.07312392399185758,0,0.720039585330322,0,0.720039585330322,1,1,-0.18182168835637236,-0.0001,-365,4474.209649251629,1408.7592413008804,0,0,0,0,1250,2,1,0,0
85,1,7,0.09561696033342965,0.09485777449408425,0.2971877906239348,0.7447218753149557,0.36205985070828045,0.6820890951100743,2,0,-0.4149990502036407,-0.0001,-293.67434997970037,2588.820917763953,2543.6022538507414,14072.351120553742,660.3042799642501,0,0,1800,3,1,1,0
86,2,7,0.06518790036391033,0.06956103051637175,0.4928823978472922,0.7956247100516869,0.5837123637126364,0.7110492371439143,2,0,-0.38038012612581795,-0.0001,-237.6029095195706,1238.472756964968,2711.4175412592544,5588.589099955111,761.179256169956,0,0,1800,3,1,1,0
88,4,7,0.07979146097115367,0.08025180943723481,0.7881304885551041,0.7504949127089192,0.8804527581442546,0.6912625576612489,1,0,-0.3617146618667596,-0.0001,-207.50108978277405,2871.8008157071195,1848.8718824096516,9158.342314697957,533.0911954290307,0,0,1800,3,1,1,0
89,5,7,0.0542483225548143,0.05770058604150112,1.0897446151356893,0.7552985281255219,1.2070951185959764,0.6798077160767079,2,0,-0.37914394378239213,-0.0001,-78.47477286148415,1644.108292931844,2543.989664110295,2570.8383224691156,679.4173084393088,0,0,1800,3,1,1,0
90,6,7,0.08533028482599,0.08138654248810262,1.157728407350451,0.7296003293895645,1.1796650953307735,0.6936215132674999,1,0,-0.1731984125650412,-0.0001,-141.0379321670682,3708.7975932627696,947.1825209449765,5253.7278794098065,323.80934509858207,0,0,1800,3,1,1,0
91,7,7,0.051458068484982536,0.05260875810507766,1.2964527402137536,0.7407068635319342,1.4254040774512349,0.6999382192175672,3,0,-0.3974263961358766,-0.0001,-61.96110226485837,2227.593534697777,2711.4175412592544,1973.1748262372573,765.2559241877811,0,0,1800,3,1,1,0
93,9,7,0.05406970814180595,0.052162897920714754,1.673269096828152,0.7307055701879016,1.7931259700622855,0.7307055701879003,2,1,-0.4067656584102247,-0.0001,-3.7071761785593935,3356.5167931991423,2698.3164031011697,2046.203841981424,1370.4535634268398,0,0,1800,3,1,1,0
97,1,8,0.09364566219718709,0.09100359788963701,0.3405983706921496,0.8411941705905025,0.34258621427164176,0.8305569016552796,1,1,-0.08928417713967918,-0.0001,-301.49194687830976,2712.9714635137025,970.2116855507102,3799.621367792101,66.48293084514326,0,0,1250,2,1,1,0
98,2,8,0.06528277535386937,0.0695971148002246,0.5065121126086495,0.8313980765243603,0.598052811373387,0.7397812371324034,1,0,-0.3800668086729836,-0.0001,-236.63725643072087,1240.84116462246,2705.4279997569643,5588.589099955111,824.5515545276163,0,0,1800,3,1,1,0
99,3,8,0.113220127003795,0.10862813261839101,0.6751402455952911,0.8506640873858345,0.6885696299146687,0.793437034041364,2,0,-0.21308517753796097,-0.0001,-233.29025806724613,4734.653881463449,809.4626128816835,14072.351120553742,515.043480100236,0,0,1800,3,1,1,0
100,4,8,0.08244924311091732,0.0806184218661006,0.8770393713425401,0.85878899960241,1.0958644240272923,0.6215023259202667,2,0,-0.38570815297452943,-0.0001,-172.05377500034152,3077.057538895795,1864.1222701794468,8771.126440141097,2619.952836043692,0,0,4000,5,1,1,0
101,5,8,0.09968943388144336,0.09431839844166054,0.9826229714824518,0.8652708425557509,1.0028462093192123,0.8080437892112822,1,1,-0.17530313184250446,-0.0001,-172.69878216707448,4734.653881463448,673.7479073086998,9621.371101956782,515.043480100236,0,0,1800,3,1,1,0
102,6,8,0.052881751124482713,0.059207382314309664,1.1269696701911553,0.8009112111798156,1.2720595661685288,0.7023622357399159,1,0,-0.37048294133174875,-0.0001,-78.99886771670657,1084.667702738543,2711.2088941768516,1988.6926304610154,770.6594345768717,0,0,1800,3,1,1,0
103,7,8,0.05479294236179325,0.06150659211815113,1.3363949859675894,0.8160021277024275,1.565762563828475,0.6861016383580328,3,0,-0.3422021950145572,-0.0001,-33.26205940288702,1101.1564057566004,2450.9516695594234,1987.831133912559,770.6594345768717,0,0,1800,3,1,1,0
109,1,9,0.10398305927145572,0.10753845833960379,0.29467963072428394,1,0.368349538405355,0.890914991354704,2,0,-0.3614755261652911,-0.0001,-280.9056228162159,1502.166380983584,2351.0681882210206,13839.926912712654,3557.706291674456,0,0,4000,5,1,1,0
110,2,9,0.1077229555580221,0.1113663613436183,0.4726668410923793,0.9010630843604112,0.561888251967682,0.8160315407165439,4,0,-0.19411444105277154,-0.0001,-255.61470127626998,1325.786432873807,1632.8834135630689,14016.660952049779,765.2838927948259,0,0,1800,3,1,1,0
111,3,9,0.09120130766522136,0.094516866724096,0.7081158938266041,0.9371044132885711,0.8401689313212614,0.8449935328000184,3,0,-0.1925601539466788,-0.0001,-200.81540429182365,1328.1548405312985,1626.893872060779,9583.295319643154,828.9979243969651,0,0,1800,3,1,1,0
112,4,9,0.06047003426751568,0.0642574231091206,0.8129354855671282,0.9069625477404286,0.9315277382603563,0.8389196396102084,3,0,-0.3828043880892016,-0.0001,-170.6713485436775,1710.7181328967063,2491.222250176277,4498.75209701908,425.26817581387644,0,0,1250,2,1,1,0
113,5,9,0.05805755587574439,0.059955209932190334,1.0649072345502566,1,1.1642480782755391,1,3,0,-0.4007466572096189,-0.0001,-113.1980526958732,1919.6090410511251,2714.235633106316,2570.8383224691156,3239.0193690138194,0,0,1800,3,1,1,0
114,6,9,0.06314923750495743,0.06870843866704313,1.2361519477804876,1,1.4179105654196815,1,1,0,-0.3364811789322867,-0.0001,-70.63387839519197,1230.6698657698466,2334.950415040508,2757.4851701284874,3330.067146563242,0,0,2600,4,1,1,0
116,8,9,0.10079306916795323,0.09415909854770303,1.4934202038757025,0.9991097878047299,1.7927410253458678,0.8400356741269311,3,0,-0.23624487465948918,-0.0001,-69.87797560070493,4640.664726216421,576.9811505845198,11945.760082576111,3181.482273555977,0,0,4000,5,1,1,0
