candidate_id,feasible,scalar_fitness,log_loss,brier,pr_auc,roc_auc,ece,recall,precision,predicted_positive_rate,false_positives,false_negatives,mean_model_bytes,mean_structural_cost,estimated_structural_cost,recall_violation,structural_violation,model_fits,trees_fitted,elapsed_seconds,failure,decision_n_trees,decision_max_depth,decision_min_samples_leaf,decision_min_samples_split,decision_row_sample_fraction,decision_feature_fraction,decision_positive_sampling_weight,decision_criterion_index
0,0,15.815510557964274,1.5334852828563756,0.15832028158503253,0.1853902953586498,0.555625,0.14143451435185186,0,0,0,0,40,32949,94,252,0.1,-0.999874,5,90,0.014925861,,18,7,24,12,0.9822857906445495,0.5315970110608896,0.7390402806480971,1
1,0,15.815510557964274,0.47364389714795957,0.14009875207823785,0.2716671846616413,0.6431875,0.08236430358527128,0,0,0,0,40,267394.8,858.2,10965,0.1,-0.9945175,5,645,0.069804318,,129,10,3,50,0.6776205686816033,0.5801930943898356,0.9577816005384281,0
2,0,15.815510557964274,1.0082811476927744,0.1566555640498535,0.22070342194696596,0.539125,0.13530276363636362,0,0,0,0,40,104387,297,825,0.1,-0.9995875,5,275,0.038630432,,55,7,23,9,0.9977717270687425,0.45951394200208195,0.7652518418235168,0
3,1,0.46712436275943026,0.46712436275943026,0.14890367798356413,0.2694033991996121,0.6733125,0.11377312314814812,0.125,0.2631578947368421,0.07916666666666666,14,35,154571.4,294.8,1692,-0.024999999999999994,-0.999154,5,180,0.041937775,,36,15,7,2,0.8740458597422949,0.6116673810065312,2.9705405755397636,1
4,0,15.815510557964274,1.4696614388623597,0.15485518856805128,0.1803441069824156,0.5201875,0.1147721689393939,0,0,0,0,40,20061,57,165,0.1,-0.9999175,5,55,0.007600217,,11,13,17,15,0.7079564295288358,0.684563723096675,0.8578680637117402,0
5,1,0.48255683030485835,0.48255683030485835,0.1544986127625883,0.2878500140597706,0.63875,0.11681034066091954,0.275,0.3235294117647059,0.14166666666666666,23,29,79157.6,250,464,-0.17500000000000002,-0.999768,5,290,0.032611561,,58,7,39,58,0.9610419307216455,0.44247018652902004,2.8460398076096904,0
6,1,0.5455015307616876,0.5455015307616876,0.18528813727435037,0.25712705128411517,0.6545625,0.18049687010954615,0.425,0.25757575757575757,0.275,49,23,272893.6,859.8,1491,-0.32499999999999996,-0.9992545,5,1065,0.144050401,,213,21,30,10,0.649868972313359,0.7612499037493311,3.882567443123976,1
7,0,15.815510557964274,1.1928071583510231,0.15684143878654958,0.2166866028708134,0.6110625,0.1439809398148148,0,0,0,0,40,40858,128.4,243,0.1,-0.9998785,5,135,0.018063203,,27,16,33,2,0.9330457166368527,0.4865371986638324,1.0875814573666276,0
8,0,15.815510557964274,0.4170779234298674,0.13156666666677472,0.2830574291669963,0.71625,0.06849989166666662,0,0,0,0,40,31452.8,100,375,0.1,-0.9998125,5,125,0.012551777,,25,3,2,3,0.49253411836673455,0.7152617858929737,1.4367316957683514,1
9,1,0.44791376054356247,0.44791376054356247,0.14170148148148565,0.28033786339985467,0.682,0.09005555138888893,0.125,0.2777777777777778,0.075,13,35,355785.4,688.8,26625,-0.024999999999999994,-0.9866875,5,375,0.087593908,,75,13,1,13,0.9286066062372421,0.6869766788448466,2.000895501589314,0
10,1,0.733736893790056,0.733736893790056,0.1526234067904109,0.21530440685045946,0.61225,0.10231452731481482,0.125,0.23809523809523808,0.0875,16,35,20255,50.8,162,-0.024999999999999994,-0.999919,5,45,0.010573477,,9,11,16,11,0.8120443284059031,0.6509628740704917,1.5967679461576596,0
11,1,0.56890025700514,0.56890025700514,0.15189392272734764,0.2533161295253753,0.588375,0.12007568257575756,0.125,0.29411764705882354,0.07083333333333333,12,35,63208,105.8,3355,-0.024999999999999994,-0.9983225,5,55,0.008133503,,11,17,1,7,0.7986529517523209,0.32211161008345013,2.6497947618055084,0
12,0,15.065510557964274,0.49184241018801717,0.15813437404346484,0.2349039239693065,0.6345,0.13181818181818183,0.075,0.15789473684210525,0.07916666666666666,16,37,117146.4,272.4,2739,0.02500000000000001,-0.9986305,5,165,0.014924461,,33,11,3,18,0.6557508672652921,0.2916224592514402,3.246607607856317,1
13,0,15.815510557964274,0.43392656714491756,0.13541358481265256,0.25568234108674004,0.6648125,0.04102561185897438,0,0,0.004166666666666667,1,40,108749.2,297.8,1404,0.1,-0.999298,5,260,0.057434592,,52,9,13,48,0.9790058812619533,0.7946337820673163,1.2796426549095308,1
14,0,15.815510557964274,2.3025859263278,0.16666633333433287,0.16666666666666666,0.5,0.16666566666666666,0,0,0,0,40,24774.8,85.2,132,0.1,-0.999934,5,110,0.006638138,,22,8,22,22,0.44677732966311046,0.5507590504023234,0.5524338521939871,1
15,0,15.815510557964274,0.4131488168838704,0.12910493827162145,0.31413717820563647,0.7073125,0.028425909259259155,0,0,0,0,40,119700.8,290.8,1575,0.1,-0.9992125,5,225,0.030205336,,45,16,5,3,0.47976785001316885,0.8299095404103751,1.0555192895127898,1
16,0,15.815510557964274,0.6641081666062327,0.15020170140288958,0.25186649132927036,0.6418125,0.12283086272831051,0,0,0,0,40,109652.6,371,7300,0.1,-0.99635,5,365,0.020216485,,73,12,2,43,0.5271538581600027,0.38390085654216943,0.6706255206222282,1
17,0,15.815510557964274,0.9068229054490501,0.1461418919756291,0.1985419726595948,0.569125,0.07916634583333337,0,0,0.004166666666666667,1,40,16244.2,48.6,126,0.1,-0.999937,5,45,0.003645767,,9,10,13,11,0.5172821428827714,0.45235886867187936,1.134327148523032,1
18,0,15.815510557964274,0.5393654628613516,0.13983766051679763,0.23234780376199612,0.6228125,0.06018507685185188,0,0,0.008333333333333333,2,40,84538,201.8,2889,0.1,-0.9985555,5,135,0.012037252,,27,21,2,5,0.565065606741765,0.502376039943685,0.5998542295551248,0
19,0,15.815510557964274,0.43403674765271244,0.13366220435300205,0.29843528120492596,0.6390625,0.03191153238546607,0,0,0,0,40,340991.4,1047.2,2321,0.1,-0.9988395,5,1055,0.065336373,,211,17,15,3,0.4843354734903078,0.364959442040958,1.5088005374768887,1
20,1,1.0072517992450334,1.0072517992450334,0.14986969166697486,0.24316590064591415,0.5904375,0.11770802500000002,0.225,0.4090909090909091,0.09166666666666666,13,31,16366.2,45.8,120,-0.125,-0.99994,5,40,0.005671997,,8,16,23,40,0.9808851675623446,0.4883003523811172,1.867989123706962,0
21,0,15.815510557964274,0.43747437594567934,0.13630122245179896,0.23709746406903973,0.64375,0.035132567424242395,0,0,0.004166666666666667,1,40,195925,379.6,2816,0.1,-0.998592,5,220,0.034369679,,44,18,5,3,0.8556284120599698,0.3376597354990085,1.1337022780996975,1
22,0,15.565510557964274,0.5537665977907144,0.1350422927085665,0.2649222681238789,0.67725,0.06848935,0.025,1,0.004166666666666667,0,39,43408,103.2,640,0.07500000000000001,-0.99968,5,80,0.014608808,,16,21,6,6,0.6405146159961085,0.9679099386404897,0.8391269976445253,0
23,0,15.815510557964274,0.6608400969393178,0.13629396839290042,0.2671996428157124,0.644875,0.055246788580246925,0,0,0.004166666666666667,1,40,78421.8,179.6,1080,0.1,-0.99946,5,135,0.029715841,,27,6,9,9,0.9637307502019477,0.6760088856152968,0.766073696250496,1
24,0,15.315510557964274,0.501396182288799,0.1307411066881681,0.32467664200726676,0.6935,0.04002517752525252,0.05,1,0.008333333333333333,0,38,243513.2,501.2,3894,0.05,-0.998053,5,330,0.090962812,,66,22,6,7,0.9503328249284759,0.8776731797687517,0.97381097479138,0
25,1,0.4508712719461314,0.4508712719461314,0.13995382829965675,0.2977520805543397,0.635,0.08221677559912857,0.125,0.625,0.03333333333333333,3,35,128174.2,459,1071,-0.024999999999999994,-0.9994645,5,765,0.05513237,,153,2,22,61,0.9964156703662652,0.2999520348590011,2.677015645208959,0
26,0,15.065510557964274,0.4567346705029137,0.14191984953708697,0.23583734976413556,0.6015,0.06406245,0.075,0.42857142857142855,0.029166666666666667,4,37,38002,116.8,240,0.02500000000000001,-0.99988,5,120,0.007640897,,24,24,21,21,0.6362506038121172,0.2796843379077804,2.0798513690335034,0
27,0,15.065510557964274,0.7733940249659702,0.18137855915648693,0.18072677223410386,0.531875,0.1546295212962963,0.075,0.12,0.10416666666666667,22,37,25286,58.8,198,0.02500000000000001,-0.999901,5,45,0.006634307,,9,13,16,5,0.9698692324957443,0.36628412307634495,2.797039431363557,1
28,0,15.815510557964274,2.3025859263278,0.16666633333433287,0.16666666666666666,0.5,0.16666566666666666,0,0,0,0,40,86671.6,300.8,425,0.1,-0.9997875,5,425,0.04537722,,85,21,54,57,0.9036839986189563,0.515786637979592,0.8726363660459279,0
29,0,15.815510557964274,1.4977180613828975,0.15829063299377613,0.183439760848006,0.52225,0.13541608749999995,0,0,0,0,40,33380.8,112,420,0.1,-0.99979,5,140,0.014007822,,28,3,5,19,0.926667215706614,0.35738632552800925,0.7424618568870852,1
30,0,15.815510557964274,0.45528688331668504,0.13880749842470072,0.24037012487738899,0.5989375,0.05362318840579709,0,0,0,0,40,41355.4,138,138,0.1,-0.999931,5,230,0.019097553,,46,13,42,4,0.4428961905617178,0.8183799574195971,2.6285419500777407,0
31,0,15.065510557964274,0.4365970751987221,0.13589704376648612,0.3228342487490805,0.6801875,0.07995323129251698,0.075,0.42857142857142855,0.029166666666666667,4,37,884264.8,1760.8,47628,0.02500000000000001,-0.976186,5,980,0.107336009,,196,14,1,7,0.6363079958255415,0.4296132691029005,1.7486318178722515,0
32,1,0.43783303765662634,0.43783303765662634,0.14089038990163286,0.33185316755393035,0.710125,0.0932725819444444,0.2,0.27586206896551724,0.12083333333333333,21,32,244714.4,671.6,6816,-0.1,-0.996592,5,480,0.100278857,,96,9,4,34,0.7552406711219591,0.9473744290300785,1.9854930974352711,0
33,0,15.815510557964274,1.679313029286857,0.16377722650965343,0.1886904761904762,0.56375,0.15987580570987656,0,0,0,0,40,43060.2,162,216,0.1,-0.999892,5,270,0.011878401,,54,22,44,5,0.5880104826734531,0.3058415222061111,1.5416617847664325,1
34,1,0.5784877662929535,0.5784877662929535,0.14305010520853323,0.2369617291302338,0.6468125,0.06223938333333333,0.1,0.26666666666666666,0.0625,11,36,46812.6,130.4,2416,0,-0.998792,5,80,0.011768989,,16,10,2,26,0.7921474814145644,0.5767642248191495,0.9953800375578646,0
35,0,15.815510557964274,0.659944163185598,0.1594883638671287,0.16666666666666666,0.5,0.14320297951582858,0,0,0,0,40,96649,179,358,0.1,-0.999821,5,895,0.044783034,,179,13,46,13,0.40086829912814076,0.6971796064785127,3.1509216449548307,0
36,0,15.815510557964274,1.6596497542700037,0.15755186666732468,0.189979674796748,0.518625,0.13697850833333328,0,0,0,0,40,27451.6,80,336,0.1,-0.999832,5,80,0.009281094,,16,4,15,4,0.8770827841382687,0.4346437555343564,0.7030860144811341,1
37,1,0.6113933521247222,0.6113933521247222,0.1927083250000457,0.21593058270664697,0.6089375,0.1862499541666667,0.45,0.23076923076923078,0.325,60,22,23259.6,68,1220,-0.35,-0.99939,5,50,0.007299114,,10,21,2,40,0.6407088315328836,0.7984802402182556,3.1296140241700825,0
38,1,0.4650023941636244,0.4650023941636244,0.14684245055866665,0.30075919668545703,0.697125,0.12150900900900907,0.15,0.42857142857142855,0.058333333333333334,8,34,455434.8,929.8,17871,-0.04999999999999999,-0.9910645,5,555,0.087811741,,111,18,2,20,0.844572524677129,0.5132634091584529,3.1778077860393243,0
39,0,15.565510557964274,0.42225959538978486,0.13211563116370814,0.2857550217643133,0.692875,0.0361858974358974,0.025,0.3333333333333333,0.0125,2,39,377213.4,867,5850,0.07500000000000001,-0.997075,5,650,0.090219165,,130,6,4,5,0.48666571857266455,0.7851721056962426,1.5050023958859653,1
40,0,15.815510557964274,1.056381803908135,0.14824939857031963,0.2061384469877127,0.532875,0.09775611025641026,0,0,0.004166666666666667,1,40,24560.2,72.6,234,0.1,-0.999883,5,65,0.005864519,,13,12,14,36,0.7247555578643963,0.39099994380663783,1.0814373175187735,1
41,1,0.44881520577495426,0.44881520577495426,0.14324792243767306,0.295058980557425,0.69375,0.09864035087719296,0.2,0.36363636363636365,0.09166666666666666,14,32,252985.4,570,4085,-0.1,-0.9979575,5,475,0.108342459,,95,5,6,3,0.6859333912620114,0.92301710748382,2.755964433806252,1
42,0,15.815510557964274,0.6586997060881713,0.15404957500009175,0.22562151255068405,0.585,0.13158324166666668,0,0,0,0,40,334345.2,976.2,2600,0.1,-0.9987,5,1000,0.183807554,,200,11,20,4,0.747934866321967,0.9236987180591685,0.7807773058197713,0
43,0,15.815510557964274,0.43986468141367985,0.13773738293444326,0.24991703492673767,0.6316875,0.04939516129032255,0,0,0.0125,3,40,267703.2,517.2,7626,0.1,-0.996187,5,310,0.061461263,,62,8,3,10,0.9727386340373351,0.5055698746678093,1.2672115111022704,1
44,0,15.815510557964274,0.42958985767007213,0.13390417316403055,0.25759380134980253,0.6635625,0.03783167495854064,0,0,0,0,40,345223.6,1095.6,8241,0.1,-0.9958795,5,1005,0.096748431,,201,20,6,49,0.6691244520356298,0.4820260216178477,1.4544566513445663,1
45,1,0.7498571301381527,0.7498571301381527,0.15820307500022077,0.28643499058929917,0.636875,0.14270812083333334,0.325,0.2708333333333333,0.2,35,27,28922.4,66,1944,-0.225,-0.999028,5,40,0.006305314,,8,20,1,14,0.6369070518461375,0.7069918170151973,1.872850416400152,0
46,1,0.47110398129076325,0.47110398129076325,0.1541135865595325,0.29321822642118,0.7165625,0.13781531531531538,0.375,0.3488372093023256,0.17916666666666667,28,25,492081.4,1344.2,19795,-0.275,-0.9901025,5,925,0.194847036,,185,9,3,45,0.8438058584739521,0.8401578346647798,2.7989982955634343,0
47,0,15.815510557964274,0.4352986238094212,0.13536400854401578,0.26413589498946216,0.662125,0.04363202547169805,0,0,0,0,40,102634.6,310.4,8162,0.1,-0.995919,5,265,0.044592592,,53,13,2,55,0.8081479763060717,0.7242119735425541,1.1700079096206852,1
48,1,0.5303596333685027,0.5303596333685027,0.17937305130385486,0.291375060174681,0.6613125,0.17857142857142858,0.45,0.26865671641791045,0.2791666666666667,49,22,204342,672,2016,-0.35,-0.998992,5,840,0.092950893,,168,3,22,60,0.7552020686352241,0.635548006808943,3.0807975354951567,0
49,1,0.4906185917717032,0.4906185917717032,0.15895867768595046,0.2968477023915746,0.6346875,0.14060606060606065,0.175,0.25,0.11666666666666667,21,33,139823.8,332.8,1045,-0.07499999999999998,-0.9994775,5,275,0.036216837,,55,12,12,5,0.6417840634925706,0.5744643306777658,3.293254410393916,0
50,0,15.815510557964274,0.44625170977015743,0.13774780132642128,0.22990841631506811,0.6018125,0.021507344607843128,0,0,0,0,40,166614.2,441.4,2584,0.1,-0.998708,5,340,0.020968453,,68,11,6,20,0.6097863538504034,0.27197616239587563,1.2294412525241345,0
51,0,15.815510557964274,0.4634701442395769,0.1406069780853726,0.2034813385881243,0.572375,0.042647037990196174,0,0,0,0,40,112215.8,268.2,3944,0.1,-0.998028,5,170,0.012532307,,34,19,2,8,0.6107309515470611,0.277042079898018,0.7290419722893866,1
52,1,0.4654217079250508,0.4654217079250508,0.14913343131562373,0.281643999575938,0.6581875,0.10459337349397592,0.2,0.3076923076923077,0.10833333333333334,18,32,378714,962,2656,-0.1,-0.998672,5,830,0.172643001,,166,20,19,9,0.8509382159555934,0.6920065957319628,2.7881693275161297,1
53,1,0.48281399484371224,0.48281399484371224,0.13894855937512493,0.3069354597846817,0.6744375,0.09036445833333333,0.25,0.5263157894736842,0.07916666666666666,9,30,47060.4,107.2,976,-0.15,-0.999512,5,80,0.012966171,,16,6,3,7,0.4838369387485746,0.8964429387860748,1.737697810910446,1
54,0,15.815510557964274,1.3939113119257123,0.15601835185241816,0.18963675213675213,0.551375,0.13472165555555554,0,0,0,0,40,28324.4,82.8,180,0.1,-0.99991,5,90,0.016332556,,18,16,22,7,0.6747508221648106,0.9657531072199339,0.7528746801263493,1
55,0,15.815510557964274,0.652477434781313,0.14411354007410213,0.21473165684245626,0.591875,0.08201731052631576,0,0,0,0,40,15932.8,57,57,0.1,-0.9999715,5,95,0.00790778,,19,5,59,54,0.7001391555453986,0.4831782094089928,2.1696778847734333,1
56,0,15.815510557964274,0.4318019066988344,0.13423605442176859,0.26085023609648167,0.659625,0.0344523809523809,0,0,0,0,40,397560,1148,27825,0.1,-0.9860875,5,875,0.044128648,,175,17,1,10,0.4188051960159077,0.3291564128590782,0.7314604383339482,1
57,0,15.815510557964274,2.3025859263278,0.16666633333433287,0.16666666666666666,0.5,0.16666566666666666,0,0,0,0,40,12174,45,60,0.1,-0.99997,5,75,0.004742178,,15,11,44,4,0.6825350111748814,0.3671411604996636,1.2254907498110608,0
58,1,0.5587793590360751,0.5587793590360751,0.1532368979340467,0.25867360176128834,0.62075,0.11060589810606054,0.175,0.3333333333333333,0.0875,14,33,43494.2,83.4,583,-0.07499999999999998,-0.9997085,5,55,0.00892171,,11,23,5,3,0.7123355196692271,0.5721014429983704,1.7093237486388664,0
59,1,0.6011781615037979,0.6011781615037979,0.20746598639455785,0.25987059004908875,0.612375,0.20273809523809516,0.475,0.2602739726027397,0.30416666666666664,54,21,73022.6,234.4,350,-0.375,-0.999825,5,350,0.048641634,,70,21,36,2,0.5991097498467532,0.94854640491146,3.4467231442538577,1
60,0,15.815510557964274,0.5770545816876683,0.1401748721194913,0.21392682072829133,0.60875,0.04583318333333333,0,0,0.008333333333333333,2,40,7765.8,27,27,0.1,-0.9999865,5,45,0.004054391,,9,23,57,48,0.6265773132640449,0.6044146384180311,2.6632078498722027,1
61,1,0.6766665847532652,0.6766665847532652,0.1452160077162784,0.2953580799335022,0.6145,0.10416644583333334,0.225,0.5625,0.06666666666666667,7,31,32848.8,70.8,855,-0.125,-0.9995725,5,45,0.006346684,,9,21,2,5,0.5013892178196547,0.6894605621360841,1.649823457014406,1
62,0,15.815510557964274,1.3395037130661822,0.15418092586557647,0.19293546365914785,0.5504375,0.128921043627451,0,0,0,0,40,20954.8,68,255,0.1,-0.9998725,5,85,0.006082372,,17,3,5,6,0.4471652999112856,0.6612559461853224,0.5100319644441106,0
63,0,15.565510557964274,0.5760485568420811,0.1386481231482855,0.23843575019372532,0.6295,0.05583319583333336,0.025,0.25,0.016666666666666666,3,39,84101.4,154,5745,0.07500000000000001,-0.9971274999999999,5,75,0.011506787,,15,13,1,4,0.9980805187182326,0.3665721216298286,0.7420213679588089,0
64,1,0.6101451135245731,0.6101451135245731,0.13649996666676253,0.2941971738549354,0.669875,0.06291657083333334,0.15,0.4,0.0625,9,34,57770.2,129.2,520,-0.04999999999999999,-0.99974,5,100,0.026461888,,20,7,11,5,0.7948994894165151,0.9145482533721845,1.7631700185612733,1
65,0,15.815510557964274,1.357763558468584,0.16460470878387365,0.178594351732991,0.534125,0.16085025694444444,0,0,0,0,40,127552.6,432,576,0.1,-0.999712,5,720,0.053093598,,144,15,32,20,0.438030086333467,0.7485206902793865,1.1450396130683238,1
66,0,15.815510557964274,0.956410880514903,0.15874262873171727,0.20782241691375225,0.586125,0.1456078247747747,0,0,0,0,40,119163,355.4,1184,0.1,-0.999408,5,370,0.039880215,,74,13,13,7,0.5996351878931495,0.6607238283099481,0.505704853231248,0
67,1,0.467651254090274,0.467651254090274,0.15020386222565235,0.27240345566516727,0.6474375,0.10111464551486196,0.25,0.3225806451612903,0.12916666666666668,21,30,228356,712.6,1727,-0.15,-0.9991365,5,785,0.088967102,,157,17,19,50,0.6142338273082258,0.7364419313255921,2.254270201546846,1
68,0,15.815510557964274,0.520695336936425,0.14434222835116822,0.26383982810138895,0.617875,0.09874496741967871,0,0,0,0,40,529098,1403.8,5478,0.1,-0.997261,5,1245,0.251004036,,249,10,14,3,0.8608817581805928,0.8011295503886054,0.6034150218039743,1
69,0,15.815510557964274,0.4240919681558389,0.1339608579306737,0.26935136227958234,0.6766875,0.022928172628913435,0,0,0.004166666666666667,1,40,461654.4,1117.4,4344,0.1,-0.997828,5,905,0.159240645,,181,21,11,5,0.727964616558423,0.7700565063130349,1.4800962723817068,0
70,0,15.815510557964274,0.44563013143732816,0.1371741997026103,0.2883010151227757,0.65,0.06574923130733941,0,0,0,0,40,236276.8,637.8,2725,0.1,-0.9986375,5,545,0.043047526,,109,22,8,3,0.5466760819460827,0.4259438291606241,0.704430396103283,1
71,1,0.5204834611255705,0.5204834611255705,0.1723657171201815,0.2697139609707502,0.63475,0.1699900793650794,0.325,0.28888888888888886,0.1875,32,27,135712.2,393.8,840,-0.225,-0.99958,5,420,0.057622455,,84,12,21,45,0.6348053252557654,0.834133907866692,3.4533800105952195,1
72,0,15.815510557964274,0.4571213157510488,0.13747637944073174,0.28721152418600476,0.6251875,0.0795634253968255,0,0,0,0,40,130937.8,295.4,1680,0.1,-0.99916,5,210,0.031678871,,42,8,9,11,0.9628319778509475,0.44711497809819634,0.8072441126575406,0
73,0,15.815510557964274,0.44849577145761277,0.13601920098276515,0.2668859936257006,0.6345625,0.04277424493670881,0,0,0,0,40,145238.2,471.4,6320,0.1,-0.99684,5,395,0.02265938,,79,23,2,28,0.4244440501601769,0.507495883166979,0.9440105533487113,0
74,1,0.6672194143806104,0.6672194143806104,0.14129046759275077,0.23975092845582702,0.633375,0.05451373055555554,0.1,0.3076923076923077,0.05416666666666667,9,36,11237.6,36,84,0,-0.999958,5,60,0.008565627,,12,2,7,7,0.7113896136052492,0.7937109032778424,2.925861228444553,1
75,0,15.815510557964274,0.8333261286306056,0.14585983979628064,0.24067656594025763,0.6244375,0.10461273273809521,0,0,0.004166666666666667,1,40,65955.4,197.4,2408,0.1,-0.998796,5,140,0.034782092,,28,7,4,41,0.9136213120308515,0.9990288773073317,0.6421984185674668,0
76,0,15.315510557964274,0.4383031263260891,0.13658670880015739,0.27118712057860256,0.665625,0.05211863990112995,0.05,0.2857142857142857,0.029166666666666667,5,38,298055.4,527,5074,0.05,-0.997463,5,295,0.067354743,,59,21,4,4,0.9118177748213963,0.5875051074666453,1.7450760258055595,1
77,0,15.565510557964274,0.4252248439000066,0.13331163434903046,0.29324170121409854,0.68725,0.053289473684210525,0.025,0.16666666666666666,0.025,5,39,304940.8,680,6080,0.07500000000000001,-0.99696,5,475,0.08482457,,95,17,3,7,0.5108029648227166,0.9814560785973527,1.4778342379440386,1
78,1,0.4824254049454646,0.4824254049454646,0.1579681032383819,0.23944641064221892,0.6545625,0.12612611779279279,0.175,0.21875,0.13333333333333333,25,33,99994.2,231.6,740,-0.07499999999999998,-0.99963,5,185,0.04734475,,37,14,15,22,0.8486407722832836,0.910700492285361,3.0064607552682356,1
79,0,15.315510557964274,0.4325593068733274,0.1387125651042291,0.2447678898537344,0.679125,0.05182297916666667,0.05,0.2222222222222222,0.0375,7,38,95138.6,240.6,3008,0.05,-0.998496,5,160,0.026897643,,32,8,3,19,0.7425486754036557,0.7131212770335038,1.275730094420961,0
80,1,0.5228510173837713,0.5228510173837713,0.17246755326843977,0.300519547695406,0.604625,0.15416666666666662,0.35,0.2916666666666667,0.2,34,26,110575,381,889,-0.24999999999999997,-0.9995555,5,635,0.03936271,,127,2,1,3,0.6024788280627282,0.406816102032419,3.6214961481539003,0
81,1,0.5498203371397946,0.5498203371397946,0.1650913590264816,0.21032862639478184,0.609875,0.13623190072463773,0.1,0.16666666666666666,0.1,20,36,84862.8,189.4,6095,0,-0.9969525,5,115,0.010924901,,23,9,1,22,0.6947669785909572,0.32808023976094447,3.453695995349691,0
82,1,0.4809896138064011,0.4809896138064011,0.15355055155400443,0.25869703128773663,0.6471875,0.13074212271973468,0.15,0.35294117647058826,0.07083333333333333,11,34,377086.4,1079.2,2412,-0.04999999999999999,-0.998794,5,1005,0.07591377,,201,24,16,21,0.5717297827851254,0.3860535040374796,3.202444392952514,1
83,1,0.5101397509495488,0.5101397509495488,0.14995382361499576,0.2890922839406887,0.697375,0.1249999625,0.2,0.3333333333333333,0.1,16,32,47375.6,114,1197,-0.1,-0.9994015,5,95,0.013633058,,19,5,1,18,0.6111915917283722,0.7634150192979218,2.7380210598047614,0
84,1,0.4262552365395622,0.4262552365395622,0.13182938856024531,0.33618217536456585,0.673,0.05256401506410264,0.125,0.5555555555555556,0.0375,4,35,88641.8,187.2,1326,-0.024999999999999994,-0.999337,5,130,0.02371052,,26,21,5,8,0.6762421816011406,0.8483625738303683,1.202011269207842,0
85,1,0.47350770648344337,0.47350770648344337,0.15080333333333332,0.29688612195890424,0.6723125,0.13483333333333333,0.15,0.42857142857142855,0.058333333333333334,8,34,155336.8,373,5750,-0.04999999999999999,-0.997125,5,250,0.021255406,,50,23,2,22,0.6019828077823881,0.37868654536813895,3.0135668953197836,0
86,0,15.815510557964274,0.4584105388088615,0.1391018518519768,0.2500321699416722,0.642375,0.08166654166666669,0,0,0,0,40,51922,152.2,540,0.1,-0.99973,5,150,0.01181939,,30,7,10,22,0.49854106896464745,0.6316094028988786,0.832861470206815,0
