evaluations,elapsed_seconds,coverage,qd_score,best_quality,invalid_fraction
256,0.026560147,0.0475,19.237163330231393,0.5895474582793601,0.765625
512,0.039016992,0.08,36.61996222607131,0.29550703535042233,0.490234375
768,0.053183486,0.1075,55.721075720157344,0.29550703535042233,0.38671875
1024,0.067038762,0.1375,79.82982962131895,0.2107562840115695,0.337890625
1280,0.081457923,0.1675,106.26627105661674,0.20447441698516353,0.31796875
1536,0.096972637,0.1975,134.1269571259668,0.20447441698516353,0.3001302083333333
1792,0.112989706,0.2125,150.3106928947764,0.20447441698516353,0.2845982142857143
2048,0.128924912,0.22,163.08735821676564,0.18764599986462427,0.26806640625
2304,0.14524953,0.24,179.93972440803145,0.18764599986462427,0.2621527777777778
2560,0.162044041,0.2425,188.35470054361687,0.18764599986462427,0.258203125
2816,0.178731119,0.255,202.76658278682902,0.18263530741855216,0.25248579545454547
3072,0.194200542,0.265,212.46277508223932,0.18263530741855216,0.24446614583333334
3328,0.20986484,0.27,223.85009986810252,0.18263530741855216,0.24128605769230768
3584,0.2259332,0.28,236.04745024454087,0.1813181517959745,0.24190848214285715
3840,0.241809704,0.285,243.51937468438405,0.1813181517959745,0.23697916666666666
4096,0.257619327,0.2875,254.03632229345402,0.1813181517959745,0.232177734375
4352,0.273188392,0.2925,260.3111627750803,0.1813181517959745,0.22954963235294118
4608,0.288531131,0.295,266.29098391747254,0.1813181517959745,0.2269965277777778
4864,0.305151157,0.295,269.9085447801831,0.18006407962766163,0.2265625
5120,0.320868597,0.3,275.5968090681835,0.18006407962766163,0.224609375
5376,0.336674259,0.305,285.84628230921294,0.15889891637775483,0.2230282738095238
5632,0.352178452,0.3075,290.6168074950072,0.15889891637775483,0.22123579545454544
5888,0.367632424,0.31,296.9042364438088,0.15889891637775483,0.2190896739130435
6144,0.38291255,0.3175,304.7038504314637,0.15889891637775483,0.21630859375
6400,0.397992601,0.3175,307.2079166096403,0.15889891637775483,0.2159375
6656,0.414134452,0.3175,310.07357888131577,0.15889891637775483,0.21574519230769232
6912,0.431084028,0.3175,312.0555847862325,0.15889891637775483,0.21643518518518517
7168,0.447102986,0.3175,316.3882170459767,0.15889891637775483,0.21484375
7424,0.463645339,0.32,319.9051336332998,0.15889891637775483,0.21417025862068967
7680,0.478779691,0.325,327.9700987146705,0.15655197189729828,0.213671875
7936,0.495278903,0.325,332.86653877056807,0.15655197189729828,0.21169354838709678
8192,0.512367993,0.33,345.64821580216704,0.15655197189729828,0.2100830078125
8448,0.529485323,0.3325,354.17839625867276,0.1299574663500551,0.20975378787878787
8704,0.545378077,0.335,357.68003074864185,0.1299574663500551,0.20990349264705882
8960,0.562974681,0.335,363.5745043008136,0.1299574663500551,0.21037946428571427
9216,0.57935937,0.34,372.8539895395029,0.1299574663500551,0.2095269097222222
9472,0.594192844,0.34,376.5284662599532,0.1299574663500551,0.20945945945945946
9728,0.609849761,0.34,379.38385926792535,0.1299574663500551,0.20929276315789475
9984,0.62486914,0.34,385.0771830599343,0.1299574663500551,0.20893429487179488
10240,0.639816927,0.3425,393.4025252935223,0.11851135910311443,0.20859375
10496,0.655116734,0.3425,399.41139264963715,0.11662858774395225,0.20817454268292682
10752,0.671020339,0.3425,402.9310946803967,0.11662858774395225,0.20731026785714285
11008,0.686779949,0.3425,409.46145848353206,0.09922720535904034,0.20739462209302326
11264,0.703455126,0.345,412.5077787833275,0.09922720535904034,0.20676491477272727
11520,0.719726192,0.35,420.4566431402537,0.09470179799093248,0.2068576388888889
11776,0.735702959,0.35,427.8607984340035,0.08302422513546678,0.20567255434782608
12032,0.751118199,0.35,436.1666971567548,0.08302422513546678,0.20453789893617022
12288,0.767208559,0.35,444.4239499726115,0.08302422513546678,0.20361328125
12544,0.782621479,0.35,452.25376234411436,0.08302422513546678,0.203125
12800,0.798203055,0.35,459.6218030505137,0.07173075438961019,0.20359375
13056,0.813651986,0.3525,472.0839850304656,0.07173075438961019,0.2035845588235294
13312,0.829582882,0.3525,475.41727141245707,0.07173075438961019,0.20350060096153846
13568,0.844019214,0.3525,483.37459042813083,0.07173075438961019,0.2034198113207547
13824,0.859408203,0.3525,497.2506776741158,0.07173075438961019,0.20326967592592593
14080,0.875208095,0.3525,511.72035859286694,0.06642988291078869,0.20298295454545454
14336,0.891214793,0.3525,522.452548188587,0.06642988291078869,0.20228794642857142
14592,0.906556771,0.3525,527.9206836940843,0.06642988291078869,0.20202850877192982
14848,0.922058554,0.3525,529.19696006246,0.06642988291078869,0.20305765086206898
15104,0.937237587,0.3525,538.5401950391707,0.06642988291078869,0.20259533898305085
15360,0.951548935,0.3525,542.544607649027,0.0660698356407438,0.20279947916666666
15616,0.966667677,0.3525,547.0455748514885,0.0660698356407438,0.2026767418032787
15872,0.982090928,0.3525,551.9156498719321,0.0660698356407438,0.20243195564516128
16128,0.997803007,0.355,561.2205438057792,0.0660698356407438,0.20219494047619047
16384,1.013506656,0.355,565.3225438345108,0.0660698356407438,0.20220947265625
16640,1.028827803,0.3575,571.4446671845791,0.0660698356407438,0.20198317307692307
16896,1.043499172,0.3575,579.148417747131,0.0660698356407438,0.2021188446969697
17152,1.059259823,0.3575,582.7355699168572,0.0660698356407438,0.20172574626865672
17408,1.075553609,0.3575,597.0988274003932,0.0660698356407438,0.20128676470588236
17664,1.095056679,0.3575,598.3500143646128,0.0660698356407438,0.20153985507246377
17920,1.110383416,0.3575,602.2226344152236,0.0660698356407438,0.2021763392857143
18176,1.126524048,0.3575,605.0693195241902,0.0660698356407438,0.20268485915492956
18432,1.141609839,0.3575,608.3608266775545,0.0660698356407438,0.2024197048611111
18688,1.1577473,0.3575,614.5046777515977,0.0660698356407438,0.20242936643835616
18944,1.173234413,0.3575,621.843528817167,0.0660698356407438,0.20296663851351351
19200,1.188842739,0.3575,625.0993468041149,0.0660698356407438,0.20260416666666667
19456,1.204210048,0.3575,631.1914580544573,0.0660698356407438,0.20276521381578946
19712,1.219290019,0.3575,634.149121043376,0.0660698356407438,0.20241477272727273
19968,1.233779832,0.36,644.4820143709313,0.06376001553040408,0.20237379807692307
20224,1.248138302,0.3625,647.192323053856,0.06376001553040408,0.20198773734177214
20480,1.263241383,0.3625,647.8084227141579,0.06376001553040408,0.20205078125
20736,1.278617752,0.3625,654.8842436011204,0.06376001553040408,0.20230516975308643
20992,1.293709843,0.365,657.6945631874812,0.06376001553040408,0.20217225609756098
21248,1.309373071,0.365,660.4013797248335,0.06376001553040408,0.20265436746987953
21504,1.325608905,0.365,664.9232216995354,0.06376001553040408,0.20284598214285715
21760,1.341372795,0.365,669.3773321408689,0.06376001553040408,0.203125
22016,1.356070694,0.3675,673.0232594444066,0.06376001553040408,0.20344295058139536
22272,1.3712604879999999,0.3675,679.1212467641151,0.06376001553040408,0.20308010057471265
22528,1.386143922,0.3675,687.4669583277856,0.06376001553040408,0.2025479403409091
22784,1.39978472,0.3675,690.0974537737787,0.06376001553040408,0.20264220505617977
23040,1.414413297,0.3675,696.982446050102,0.06376001553040408,0.203125
23296,1.429168608,0.3675,698.5824546877291,0.06376001553040408,0.2032967032967033
23552,1.444075463,0.3675,704.054289420268,0.06376001553040408,0.20401664402173914
23808,1.458195855,0.3675,708.580926999361,0.06376001553040408,0.20442708333333334
24064,1.473687397,0.3675,709.3623011668495,0.06376001553040408,0.20487034574468085
24320,1.487569232,0.3675,711.2361686076206,0.06376001553040408,0.2052220394736842
24576,1.50533231,0.37,715.9063195538596,0.06376001553040408,0.205322265625
24832,1.519836544,0.37,722.3108966975949,0.06376001553040408,0.20542042525773196
25088,1.5346167849999999,0.3725,725.0069989117956,0.06376001553040408,0.20527742346938777
25344,1.5495309800000001,0.3725,727.0621822689865,0.06376001553040408,0.20553188131313133
25600,1.563734325,0.3725,732.0414211262719,0.06242308960321746,0.2057421875
25856,1.5780863840000001,0.3725,734.4613361298431,0.06242308960321746,0.20571627475247525
26112,1.5920172799999999,0.3725,734.6419282578397,0.06242308960321746,0.20572916666666666
26368,1.607194113,0.3725,735.3362650044496,0.06242308960321746,0.2054763349514563
26624,1.621400798,0.3725,737.7951853804447,0.06242308960321746,0.20549128605769232
26880,1.636370845,0.3725,739.2825146717993,0.06242308960321746,0.20561755952380953
27136,1.651326321,0.3725,740.3464217980238,0.06242308960321746,0.20585200471698112
27392,1.665896696,0.375,742.4778242965498,0.06242308960321746,0.20600905373831777
27648,1.6793683000000001,0.375,744.2573270260305,0.06242308960321746,0.2062717013888889
27904,1.694051548,0.375,745.8782698580815,0.06242308960321746,0.20613532110091742
28160,1.708544901,0.375,746.0705494125613,0.06242308960321746,0.2063565340909091
28416,1.7235290490000001,0.375,746.5334344583334,0.06242308960321746,0.20653856981981983
28672,1.7377306529999998,0.375,750.732500785016,0.06242308960321746,0.206787109375
28928,1.751250908,0.375,750.7889355617058,0.06242308960321746,0.20661642699115043
29184,1.7666463270000001,0.375,751.0445645497948,0.06242308960321746,0.20689418859649122
29440,1.78113276,0.375,753.5097805177784,0.06242308960321746,0.2070991847826087
29696,1.7956886349999999,0.375,756.4725900586752,0.06242308960321746,0.20736799568965517
29952,1.8110760240000001,0.375,757.4076900764321,0.06242308960321746,0.20756543803418803
30208,1.8257811830000001,0.375,759.5950073169364,0.06242308960321746,0.20785884533898305
30464,1.840624356,0.375,762.4227883178504,0.06242308960321746,0.20765493697478993
30720,1.854745648,0.375,762.8459553991985,0.06242308960321746,0.20823567708333332
30976,1.8689314719999999,0.375,763.4585352244998,0.06242308960321746,0.20848398760330578
31232,1.883697103,0.375,767.1117594771152,0.06242308960321746,0.20860015368852458
31488,1.898617628,0.375,768.4985957113516,0.06242308960321746,0.20884146341463414
31744,1.913630327,0.375,769.3332642377361,0.06242308960321746,0.2090788810483871
32000,1.927518442,0.375,774.2752855545737,0.06242308960321746,0.20940625
32256,1.941450518,0.375,780.0474332177381,0.061446606677286554,0.20982142857142858
32512,1.955282682,0.375,780.499704108893,0.061446606677286554,0.2101070374015748
32768,1.969866238,0.375,783.0607131524104,0.06094917192813727,0.21051025390625
33024,1.984309919,0.375,783.230218337656,0.06094917192813727,0.21090721899224807
33280,1.998410771,0.375,784.2013802079445,0.06094917192813727,0.21123798076923078
33536,2.012110411,0.375,785.7898986052971,0.06094917192813727,0.21141459923664122
33792,2.02646984,0.375,785.844088963056,0.06094917192813727,0.21138139204545456
34048,2.040604572,0.375,785.942504915977,0.06094917192813727,0.21161301691729323
34304,2.055012863,0.375,787.8392856340203,0.06094917192813727,0.2119286380597015
34560,2.069845156,0.375,789.1042874462013,0.06094917192813727,0.21200810185185184
34816,2.083925937,0.375,789.5217466313583,0.06094917192813727,0.21266084558823528
35072,2.097860683,0.375,791.1835205819978,0.06094917192813727,0.21276231751824817
35328,2.111299016,0.375,796.9601501765945,0.06094917192813727,0.21297554347826086
35584,2.125467649,0.375,798.2006255054852,0.06094917192813727,0.21352293165467626
35840,2.13988223,0.375,798.5942635242544,0.06094917192813727,0.21356026785714285
36096,2.153575099,0.375,799.1907643253612,0.06094917192813727,0.2139849290780142
36352,2.168045752,0.375,799.9594268710642,0.06094917192813727,0.21404599471830985
36608,2.18202964,0.375,800.9593858592452,0.06094917192813727,0.21424278846153846
36864,2.197548313,0.375,802.3341249959325,0.06094917192813727,0.21443684895833334
37120,2.212102627,0.375,803.8222126949522,0.06094917192813727,0.2146282327586207
37376,2.2270514439999998,0.3775,804.7600380974147,0.06094917192813727,0.214576198630137
37632,2.242118183,0.3775,805.1498639459592,0.06094917192813727,0.2147640306122449
37888,2.257193573,0.3775,805.2788367900168,0.06094917192813727,0.21468538851351351
38144,2.272003186,0.3775,805.82009952057,0.06094917192813727,0.21492239932885907
38400,2.2864631380000002,0.3775,806.2673557400535,0.06094917192813727,0.21502604166666667
38656,2.300405374,0.3775,806.267360790279,0.06094917192813727,0.21520591887417218
38912,2.315568127,0.3775,807.6707345025152,0.06094917192813727,0.21553762335526316
39168,2.329653598,0.3775,808.3010976603389,0.06094917192813727,0.21571180555555555
39424,2.344295575,0.3775,808.3010976603389,0.06094917192813727,0.2160359172077922
39680,2.359394355,0.3775,809.2359428369333,0.06094917192813727,0.2163054435483871
39936,2.373834815,0.3775,810.3217104453546,0.06094917192813727,0.21637119391025642
40192,2.388179634,0.3775,810.5305105787435,0.06094917192813727,0.21663515127388536
40448,2.401555544,0.3775,812.5848752377274,0.06094917192813727,0.21689576740506328
40704,2.415423078,0.3775,812.8980203428351,0.06094917192813727,0.21722680817610063
40960,2.429105887,0.3775,812.9540796880262,0.06094917192813727,0.217431640625
41216,2.44327702,0.3775,814.3967007682886,0.06094917192813727,0.21758540372670807
41472,2.456898967,0.3775,814.4547714120106,0.06094917192813727,0.2177854938271605
41728,2.471894194,0.3775,814.4547714120106,0.06094917192813727,0.21786330521472394
41984,2.48648632,0.3775,815.5689712757223,0.06094917192813727,0.21801162347560976
42240,2.501153017,0.3775,815.7439225082442,0.06094917192813727,0.21792140151515152
42496,2.515279809,0.3775,815.7439225082442,0.06094917192813727,0.21830289909638553
42752,2.528961227,0.3775,817.2644160310781,0.06094917192813727,0.21870321856287425
43008,2.543609005,0.3775,817.7945756342527,0.06094917192813727,0.21895926339285715
43264,2.559367194,0.3775,818.2111805947618,0.06094917192813727,0.21893491124260356
43520,2.574638039,0.3775,818.248872685141,0.06094917192813727,0.21900275735294117
43776,2.588542724,0.3775,818.2606947057952,0.06094917192813727,0.219343932748538
44032,2.602835861,0.3775,818.8817637556969,0.06094917192813727,0.2196811409883721
44288,2.616659074,0.3775,820.626163602966,0.06094917192813727,0.21978865606936415
44544,2.63024363,0.3775,821.2406501508303,0.06094917192813727,0.2197826867816092
44800,2.644030592,0.3775,821.4764576948345,0.06094917192813727,0.22002232142857142
45056,2.658305158,0.3775,823.4894600606981,0.06094917192813727,0.22001509232954544
45312,2.672304716,0.3775,823.5369502314271,0.06094917192813727,0.22016242937853106
45568,2.686719306,0.3775,825.4472140869462,0.06094917192813727,0.22035200140449437
45824,2.701190508,0.3775,825.7930946762787,0.06094917192813727,0.22062674581005587
46080,2.71669267,0.3775,825.8433391603153,0.06094917192813727,0.22081163194444445
46336,2.734215331,0.3775,826.6301091305298,0.06094917192813727,0.22123187154696133
46592,2.7489315,0.3775,826.9899326653812,0.06094917192813727,0.22154017857142858
46848,2.76300848,0.3775,827.5034770859392,0.06094917192813727,0.2216316598360656
47104,2.7772234940000002,0.3775,828.7240443861867,0.06094917192813727,0.22178583559782608
47360,2.791683386,0.3775,830.3536449344281,0.06094917192813727,0.22191722972972974
47616,2.805244711,0.3775,830.3536449344281,0.06094917192813727,0.22202620967741934
47872,2.819334772,0.3775,830.3542490327875,0.06094917192813727,0.22225935828877005
48128,2.834294898,0.3775,831.156499033418,0.06094917192813727,0.22240691489361702
48384,2.848378399,0.3775,832.3168622343153,0.06094917192813727,0.22288359788359788
48640,2.862250743,0.3775,832.6324968744323,0.06094917192813727,0.22300575657894736
48896,2.876439217,0.3775,833.3674541545133,0.06094917192813727,0.22314708769633507
49152,2.890488006,0.3775,834.7757180747036,0.06094917192813727,0.22320556640625
49408,2.904832114,0.3775,834.8038360285002,0.06094917192813727,0.22320272020725387
49664,2.919553063,0.3775,834.9890213948754,0.06094917192813727,0.22328044458762886
49920,2.9340062749999998,0.3775,835.0356700549653,0.06094917192813727,0.22333733974358974
50176,2.9490446930000003,0.3775,835.1818732607553,0.06041085297238902,0.2234733737244898
50432,2.9636812900000002,0.3775,835.6137774564206,0.06041085297238902,0.22362785532994925
50688,2.977951346,0.3775,835.9184976192405,0.06041085297238902,0.2236032196969697
50944,2.99248936,0.3775,837.4317841713207,0.06041085297238902,0.2235199434673367
51200,3.006992932,0.3775,837.4317841713207,0.06041085297238902,0.2236328125
51456,3.021563687,0.3775,838.4205738805963,0.05766969357797225,0.22386116293532338
51712,3.036018858,0.3775,838.4205738805963,0.05766969357797225,0.22402923886138615
51968,3.054095045,0.3775,839.0621696790313,0.05766969357797225,0.22444581280788178
52224,3.067857967,0.3775,839.0792530634164,0.05766969357797225,0.22443704044117646
52480,3.082414361,0.3775,839.0792530634164,0.05766969357797225,0.22448551829268293
52736,3.097023657,0.3775,839.8786501287652,0.05766969357797225,0.2247610740291262
52992,3.111747766,0.3775,840.4758455725046,0.05766969357797225,0.2248263888888889
53248,3.126742713,0.3775,840.4943732636343,0.05766969357797225,0.2249474158653846
53504,3.14104522,0.3775,840.5942414387171,0.05766969357797225,0.2247495514354067
53760,3.155204503,0.3775,840.7157557582211,0.05766969357797225,0.22494419642857144
54016,3.170372785,0.3775,840.7157557582211,0.05766969357797225,0.22504443127962084
54272,3.184726733,0.3775,840.7269761992344,0.05766969357797225,0.2250515919811321
54528,3.198755072,0.3775,840.9721511927181,0.05766969357797225,0.22529709507042253
54784,3.212636807,0.3775,841.1633467684068,0.05766969357797225,0.2253395151869159
55040,3.226226843,0.3775,841.5372740128479,0.05766969357797225,0.22554505813953488
55296,3.240290753,0.3775,842.611999537443,0.05766969357797225,0.2256401909722222
55552,3.254854738,0.3775,842.8484023083444,0.05766969357797225,0.22577044930875576
55808,3.269063442,0.3775,842.941831908489,0.05766969357797225,0.22602494266055045
56064,3.284323787,0.3775,843.9532763154043,0.05766969357797225,0.22583119292237444
56320,3.298191221,0.38,845.8811528766402,0.05766969357797225,0.22574573863636363
56576,3.311931871,0.38,845.8811528766402,0.05766969357797225,0.22587316176470587
56832,3.32630297,0.38,846.052896052987,0.05766969357797225,0.22594664977477477
57088,3.34105818,0.38,846.6646936442312,0.05766969357797225,0.22596692825112108
57344,3.355374897,0.38,847.0936504720387,0.05766969357797225,0.22628348214285715
57600,3.370179288,0.38,847.1251150777033,0.05766969357797225,0.22630208333333332
57856,3.384458163,0.38,847.6890737468906,0.05766969357797225,0.22633780420353983
58112,3.398473702,0.38,848.0352883235793,0.05766969357797225,0.22644204295154186
58368,3.4121792810000002,0.38,848.0352883235793,0.05766969357797225,0.2265796326754386
58624,3.426479327,0.38,848.053968999135,0.05766969357797225,0.2269377729257642
58880,3.440433963,0.38,848.2757866536889,0.05766969357797225,0.22722486413043477
59136,3.453893645,0.38,849.3859955341336,0.05766969357797225,0.22727272727272727
59392,3.468103879,0.38,849.768924194635,0.05766969357797225,0.2272191540948276
59648,3.48188401,0.38,850.1052495427265,0.05766969357797225,0.22714927575107297
59904,3.496427243,0.38,850.1073284372168,0.05766969357797225,0.2269798344017094
60160,3.510502853,0.38,850.1123262317657,0.05766969357797225,0.22701130319148935
60416,3.524983975,0.38,850.1989383737945,0.05766969357797225,0.22725768008474576
60672,3.539509578,0.38,850.5746745768992,0.05766969357797225,0.22732067510548523
60928,3.55367384,0.38,850.7495829758092,0.05766969357797225,0.22753085609243698
61184,3.5676741979999997,0.38,851.8672159447323,0.05766969357797225,0.22754314853556484
61440,3.58217289,0.38,851.8672159447323,0.05766969357797225,0.22755533854166668
61696,3.595689144,0.38,851.8730425191543,0.05766969357797225,0.22782676348547717
61952,3.610391562,0.38,851.9538080870108,0.05766969357797225,0.22796681301652894
62208,3.625076799,0.38,851.9754840070814,0.05766969357797225,0.2279931841563786
62464,3.638681985,0.38,851.9781100318069,0.05766969357797225,0.22809938524590165
62720,3.65292819,0.38,852.8118378733719,0.05766969357797225,0.2280612244897959
62976,3.666745463,0.38,853.2330315240022,0.05766969357797225,0.22818216463414634
63232,3.681200103,0.38,853.2513253903315,0.05766969357797225,0.22830212550607287
63488,3.696027785,0.38,853.2513253903315,0.05766969357797225,0.22827935987903225
63744,3.710717793,0.38,853.2513253903315,0.05766969357797225,0.2284136546184739
64000,3.725473922,0.38,854.2160755908105,0.05766969357797225,0.228609375
64256,3.739581873,0.38,854.5921674154179,0.05766969357797225,0.22864790836653387
64512,3.7542776509999998,0.38,855.4317774938571,0.05766969357797225,0.22877914186507936
64768,3.769527975,0.38,855.499613214533,0.05766969357797225,0.2288475790513834
65024,3.783129961,0.38,855.499613214533,0.05766969357797225,0.22902312992125984
65280,3.796275164,0.38,855.5265294496227,0.05766969357797225,0.22904411764705881
65536,3.810423396,0.38,855.7788488023591,0.05766969357797225,0.2292633056640625
65792,3.824677081,0.38,856.0880303261531,0.05766969357797225,0.22940479085603113
66048,3.838593116,0.38,856.2237749131866,0.05766969357797225,0.22943919573643412
66304,3.851950785,0.38,856.9906890826603,0.05766969357797225,0.2294582528957529
66560,3.8661684689999998,0.38,856.9906890826603,0.05766969357797225,0.22952223557692308
66816,3.880104405,0.38,857.0396670295679,0.05766969357797225,0.22963062739463602
67072,3.893569377,0.38,857.0806921375295,0.05766969357797225,0.2297232824427481
67328,3.906488723,0.38,858.5097243444526,0.05766969357797225,0.2297261169201521
67584,3.921071317,0.38,859.645815398948,0.05766969357797225,0.22961055871212122
67840,3.934578361,0.38,859.751480791712,0.05766969357797225,0.2298201650943396
68096,3.947323102,0.38,859.751480791712,0.05766969357797225,0.22999882518796994
68352,3.962448332,0.38,859.9410703647088,0.05766969357797225,0.23001521535580524
68608,3.975921864,0.38,859.9410703647088,0.05766969357797225,0.2300752098880597
68864,3.989693985,0.38,861.9777019055296,0.05766969357797225,0.23017832249070633
69120,4.002990563,0.38,862.0897005260213,0.05766969357797225,0.23033854166666667
69376,4.0176687,0.38,862.461583262491,0.05766969357797225,0.23036785055350553
69632,4.031852833,0.38,862.5430472103917,0.05766969357797225,0.23054055606617646
69888,4.046267153,0.38,862.5460877699077,0.05766969357797225,0.23071199633699635
70144,4.060377333,0.38,862.565290179198,0.05766969357797225,0.23082515967153286
70400,4.074981949,0.38,862.7112399408124,0.05766969357797225,0.23078125
70656,4.087971507,0.38,862.9568061584775,0.05766969357797225,0.2308084239130435
70912,4.101856681,0.38,862.9568061584775,0.05766969357797225,0.2306802797833935
71168,4.116071545,0.38,863.0015274046518,0.05766969357797225,0.23080598021582735
71424,4.130148105,0.38,863.0962001594719,0.05766969357797225,0.2308187724014337
71680,4.144870014,0.38,863.385670326255,0.05766969357797225,0.23088727678571427
71936,4.158670675,0.38,864.6609057447695,0.05766969357797225,0.23085798487544484
72192,4.172442906,0.38,865.2837979768565,0.05766969357797225,0.231036679964539
72448,4.186426313,0.38,865.3147526688374,0.05766969357797225,0.2310898851590106
72704,4.20037744,0.38,865.3147526688374,0.05766969357797225,0.23121148767605634
72960,4.214263734,0.38,866.613460241819,0.05766969357797225,0.23114035087719298
73216,4.228431357,0.38,866.613460241819,0.05766969357797225,0.2311926354895105
73472,4.244167925,0.38,866.613460241819,0.05766969357797225,0.2312581663763066
73728,4.258988006,0.38,866.8987600249347,0.05766969357797225,0.23148600260416666
73984,4.273787277,0.38,866.8987600249347,0.05766969357797225,0.2315906141868512
74240,4.289466944,0.38,866.9382077314813,0.05766969357797225,0.23177532327586206
74496,4.302917815,0.38,867.1441924250993,0.05766969357797225,0.23185137457044674
74752,4.316355126,0.38,868.2834290815425,0.05766969357797225,0.23214094606164384
75008,4.330093756,0.38,868.4555234868981,0.05766969357797225,0.23213523890784982
75264,4.344011251,0.38,868.4555234868981,0.05766969357797225,0.23227572278911565
75520,4.360096419,0.38,871.5754711483046,0.05766969357797225,0.23209745762711864
75776,4.374810037,0.38,871.5754711483046,0.05766969357797225,0.23226351351351351
76032,4.387683061,0.38,871.6625562727093,0.05766969357797225,0.23241529882154882
76288,4.402235214,0.38,872.0870953538773,0.05766969357797225,0.23243498322147652
76544,4.416291843,0.38,872.2143111039126,0.05766969357797225,0.23244147157190637
76800,4.430119365,0.38,873.0830943208803,0.05766969357797225,0.23244791666666667
77056,4.443910366,0.38,873.1968251924786,0.05766969357797225,0.23251920681063123
77312,4.460350704,0.38,873.3135570824976,0.05766969357797225,0.232408940397351
77568,4.473312801,0.38,873.3135570824976,0.05766969357797225,0.2325572400990099
77824,4.487314088,0.38,873.3235304944633,0.05766969357797225,0.232666015625
78080,4.501776209,0.38,873.8448519941114,0.05766969357797225,0.23269723360655736
78336,4.516306112,0.38,873.8448519941114,0.05766969357797225,0.23280484068627452
78592,4.530326409,0.38,873.9952145056128,0.05766969357797225,0.23289902280130292
78848,4.545422468,0.38,873.9952145056128,0.05766969357797225,0.23286576704545456
79104,4.560864348,0.38,874.4612024425286,0.05766969357797225,0.23290857605177995
79360,4.576163032,0.38,874.5741120125485,0.05766969357797225,0.23285030241935484
79616,4.590496189,0.38,874.5741120125485,0.05766969357797225,0.23293056672025725
79872,4.604130236,0.38,875.2984760404244,0.05766969357797225,0.23293519631410256
80128,4.617204076,0.38,875.6276497796754,0.05766969357797225,0.23296475638977635
80384,4.6307514,0.38,876.6938637527462,0.05766969357797225,0.23300656847133758
80640,4.64382524,0.38,876.86166446948,0.05766969357797225,0.23314732142857142
80896,4.65859656,0.38,876.86166446948,0.05766969357797225,0.2332871835443038
81152,4.673833853,0.38,877.927723931002,0.054971076830453186,0.233598679022082
81408,4.688698795,0.38,877.927723931002,0.054971076830453186,0.23367482311320756
81664,4.702775204,0.38,878.3761200029526,0.054971076830453186,0.23373824451410657
81920,4.718077679,0.38,879.279569195774,0.054971076830453186,0.2337646484375
82176,4.731968183,0.38,879.656213740903,0.054971076830453186,0.23376654984423675
82432,4.745095875,0.38,882.2235216561697,0.054971076830453186,0.23378057065217392
82688,4.75935889,0.38,882.2235216561697,0.054971076830453186,0.23375822368421054
82944,4.773528932,0.38,882.3064755869035,0.054971076830453186,0.23389274691358025
83200,4.787780486,0.38,884.0684634431124,0.054971076830453186,0.2338221153846154
83456,4.80370945,0.38,884.5147673994093,0.054971076830453186,0.23385975843558282
83712,4.817500341,0.38,884.8152515947344,0.054971076830453186,0.23390911697247707
83968,4.831466067,0.38,884.8152515947344,0.054971076830453186,0.23389862804878048
84224,4.846128523,0.38,885.1253781523129,0.054971076830453186,0.233888202887538
84480,4.86044397,0.38,885.1253781523129,0.054971076830453186,0.2338186553030303
84736,4.874992423,0.38,885.1253781523129,0.054971076830453186,0.23391474697885195
84992,4.889533376,0.38,885.3445522427722,0.054971076830453186,0.23390436746987953
85248,4.9031625519999995,0.38,885.5543083001302,0.054971076830453186,0.23395270270270271
85504,4.916462939,0.38,885.8845126892979,0.054971076830453186,0.2339656624251497
85760,4.931030932,0.38,885.8845126892979,0.054971076830453186,0.23396688432835822
86016,4.9462546849999995,0.38,886.127896897409,0.054971076830453186,0.23394484747023808
86272,4.960833979,0.38,886.316392595178,0.054971076830453186,0.23406203635014836
86528,4.975258959,0.38,886.4096807037388,0.054971076830453186,0.23407451923076922
86784,4.990140981,0.38,886.5110515372793,0.054971076830453186,0.23415606563421829
87040,5.006702733,0.38,886.7041865406812,0.054971076830453186,0.23409926470588235
87296,5.020922267,0.38,886.7041865406812,0.054971076830453186,0.23434063416422288
87552,5.03514183,0.38,886.7041865406812,0.054971076830453186,0.23431789108187134
87808,5.048430096,0.38,886.7145802066017,0.054971076830453186,0.23440916545189505
88064,5.061501507,0.38,887.1001227656528,0.054971076830453186,0.23448855377906977
88320,5.075935396,0.38,887.1177003448173,0.054971076830453186,0.23455615942028984
88576,5.089182282,0.38,887.3450391393582,0.054971076830453186,0.23463466401734104
88832,5.103696684,0.38,887.517803911597,0.054971076830453186,0.23467894452449567
89088,5.117968449,0.38,887.517803911597,0.054971076830453186,0.23475664511494254
89344,5.131044669,0.38,887.6892448666589,0.054971076830453186,0.23488986389684813
89600,5.145492769,0.38,887.7130516248099,0.054971076830453186,0.2350111607142857
89856,5.159738153,0.38,888.4987581287388,0.054971076830453186,0.23517628205128205
90112,5.173095562,0.38,889.0351202339409,0.054971076830453186,0.23530717329545456
90368,5.187984745,0.3825,890.6735245908649,0.054971076830453186,0.23538199362606232
90624,5.201366774,0.3825,890.6735245908649,0.054971076830453186,0.2353901836158192
90880,5.215360011,0.3825,892.1191119111808,0.054971076830453186,0.23545334507042254
91136,5.228763221,0.3825,892.1278921398377,0.054971076830453186,0.23553809691011235
91392,5.243122328,0.3825,892.1278921398377,0.054971076830453186,0.23561143207282914
91648,5.257433745,0.3825,892.1278921398377,0.054971076830453186,0.23570618016759776
91904,5.271865834,0.3825,892.1278921398377,0.054971076830453186,0.2357024721448468
92160,5.286441888,0.3825,892.1278921398377,0.054971076830453186,0.23570963541666667
92416,5.300800386,0.3825,892.1278921398377,0.054971076830453186,0.2356410145429363
92672,5.315192964,0.3825,892.228912755511,0.054971076830453186,0.23576700621546962
92928,5.327948365,0.3825,893.2445577261263,0.054971076830453186,0.2359676308539945
93184,5.341662804,0.3825,893.2682223818283,0.054971076830453186,0.23593106112637363
93440,5.355878037,0.3825,893.2902289438978,0.054971076830453186,0.23596960616438356
93696,5.369821562,0.3825,893.4139893125971,0.054971076830453186,0.23612534153005466
93952,5.384774746,0.3825,893.5110495377709,0.054971076830453186,0.2362482970027248
94208,5.398477794,0.3825,894.0940080537581,0.054971076830453186,0.23628566576086957
94464,5.4127821990000005,0.3825,894.2088585891213,0.054971076830453186,0.23628048780487804
94720,5.427465276,0.3825,894.2088585891213,0.054971076830453186,0.2362647804054054
94976,5.441248916,0.3825,894.2088585891213,0.054971076830453186,0.2364597371967655
95232,5.455564362,0.3825,894.2088585891213,0.054971076830453186,0.23654863911290322
95488,5.470492036,0.3825,894.49819950434,0.054971076830453186,0.2365428116621984
95744,5.484927655,0.3825,894.5105358966246,0.054971076830453186,0.23653701537433156
96000,5.499353264,0.3825,894.5105358966246,0.054971076830453186,0.23659375
96256,5.51299367,0.3825,894.5408512259272,0.054971076830453186,0.2365462932180851
96512,5.528181092,0.3825,894.5408512259272,0.054971076830453186,0.2365301724137931
96768,5.541474738,0.3825,894.6001794813175,0.054971076830453186,0.23663814484126985
97024,5.555870496,0.3825,894.626279808685,0.054971076830453186,0.23669401385224276
97280,5.570992465,0.3825,894.626279808685,0.054971076830453186,0.23678042763157894
97536,5.585467886,0.3825,894.626279808685,0.054971076830453186,0.23685613517060367
97792,5.598822613,0.3825,894.6495584685312,0.054971076830453186,0.2370337041884817
98048,5.612751878,0.3825,895.8371458104256,0.054971076830453186,0.23707775783289817
98304,5.626442616,0.3825,895.8371458104256,0.054971076830453186,0.237060546875
98560,5.641235505,0.3875,897.6378126316636,0.054971076830453186,0.2369419642857143
98816,5.6548381,0.3875,897.940678681421,0.054971076830453186,0.23695555375647667
99072,5.670337601,0.3875,897.940678681421,0.054971076830453186,0.23694888565891473
99328,5.683927975,0.3875,897.940678681421,0.054971076830453186,0.23708319909793815
99584,5.698062296,0.3875,897.940678681421,0.054971076830453186,0.23710636246786632
99840,5.711807365,0.3875,897.940678681421,0.054971076830453186,0.23720953525641025
100096,5.726487822,0.3875,897.940678681421,0.054971076830453186,0.23734215153452684
100352,5.740861829,0.3875,897.940678681421,0.054971076830453186,0.23741430165816327
100608,5.755305869,0.3875,897.940678681421,0.054971076830453186,0.23754572201017812
100864,5.769139161,0.3875,897.9593687095526,0.054971076830453186,0.23763681789340102
101120,5.783278931,0.3875,897.9883975012698,0.054971076830453186,0.23776700949367088
101376,5.798668188,0.3875,898.0913529982137,0.054971076830453186,0.23785708648989898
101632,5.812923402,0.3875,898.4237205052391,0.054971076830453186,0.2378679943324937
101888,5.826909779,0.3875,898.9375600398004,0.054971076830453186,0.23787884736180903
102144,5.841010558,0.3875,898.9400202619028,0.054971076830453186,0.2379092261904762
102400,5.856100236,0.3875,899.3432855799097,0.054971076830453186,0.23806640625
102656,5.8698373759999996,0.3875,899.363084946613,0.054971076830453186,0.23802797693266833
102912,5.8853119750000005,0.3875,899.363084946613,0.054971076830453186,0.23792171952736318
103168,5.899728974,0.3875,900.0728570298425,0.054971076830453186,0.23795169044665013
103424,5.91440931,0.3875,900.6068916993183,0.054971076830453186,0.2380395266089109
103680,5.928307384,0.3875,900.6068916993183,0.054971076830453186,0.23816550925925925
103936,5.942258539,0.3875,900.6076364576118,0.054971076830453186,0.23821390086206898
104192,5.962199978,0.3875,901.5571474264243,0.054971076830453186,0.23817567567567569
104448,5.9774119599999995,0.3875,901.5571474264243,0.054971076830453186,0.23822380514705882
104704,5.991378846,0.3875,901.5571474264243,0.054971076830453186,0.23828125
104960,6.006178976,0.3875,901.5571474264243,0.054971076830453186,0.23843368902439024
105216,6.020413159,0.39,903.2462294332468,0.054971076830453186,0.23840480535279807
105472,6.03455689,0.39,903.2462294332468,0.054971076830453186,0.23847087378640777
105728,6.049580577,0.39,903.2462294332468,0.054971076830453186,0.23849878934624696
105984,6.063786009,0.39,903.2820669049831,0.054971076830453186,0.2386020531400966
106240,6.077687763,0.39,903.9884366380747,0.054971076830453186,0.2385918674698795
106496,6.092413121,0.39,904.1415815481382,0.054971076830453186,0.23865685096153846
106752,6.106896921,0.39,904.2511442652809,0.054971076830453186,0.23870278776978418
107008,6.120578179,0.39,904.3897227082501,0.054971076830453186,0.23867374401913877
107264,6.134078251,0.39,904.708186115518,0.054971076830453186,0.23880332637231502
107520,6.148729257,0.39,904.708186115518,0.054971076830453186,0.23895089285714285
107776,6.16364614,0.39,904.708186115518,0.054971076830453186,0.2389771377672209
108032,6.178130031,0.39,904.7387648445184,0.054971076830453186,0.23898474526066352
108288,6.192479507,0.39,904.7736100844614,0.054971076830453186,0.23896461288416077
108544,6.20598267,0.39,904.7736100844614,0.054971076830453186,0.2389630011792453
108800,6.219724349,0.39,904.7736100844614,0.054971076830453186,0.23894301470588236
109056,6.235198618,0.39,904.7839962802677,0.054971076830453186,0.23906983568075119
109312,6.251125051,0.39,905.121564450865,0.054971076830453186,0.23895821135831383
109568,6.26485828,0.39,906.0031867284293,0.054971076830453186,0.2389383761682243
109824,6.279580768,0.39,906.0600958061237,0.054971076830453186,0.23900968822843824
110080,6.293866922,0.39,906.0600958061237,0.054971076830453186,0.23909883720930233
110336,6.30858709,0.39,906.2239531469246,0.054971076830453186,0.2390969402552204
110592,6.324003058,0.39,906.2239531469246,0.054971076830453186,0.23914930555555555
110848,6.340873767,0.39,906.5801264608154,0.054971076830453186,0.23921947170900693
111104,6.355410329,0.39,906.5801264608154,0.054971076830453186,0.2392713133640553
111360,6.370233009,0.39,907.713902521251,0.054971076830453186,0.239367816091954
111616,6.3858222510000004,0.39,907.713902521251,0.054971076830453186,0.23937428325688073
111872,6.400872998,0.39,907.7644600599344,0.054971076830453186,0.23945223112128147
112128,6.416203063,0.39,907.765391853981,0.054971076830453186,0.23956549657534246
112384,6.430454116,0.39,909.0621164625475,0.054971076830453186,0.2396337556947608
112640,6.444746241,0.39,909.0621164625475,0.054971076830453186,0.23970170454545456
112896,6.458043997,0.39,909.0621164625475,0.054971076830453186,0.2398047760770975
113152,6.472622,0.39,909.0621164625475,0.054971076830453186,0.23990738122171945
113408,6.487557913,0.39,909.0833737450251,0.054971076830453186,0.23993016365688488
113664,6.501681313,0.39,909.4166717103205,0.054971076830453186,0.24002322635135134
113920,6.516661587,0.39,909.5379712677397,0.054971076830453186,0.24010709269662922
114176,6.530705125,0.39,909.7500185797679,0.054971076830453186,0.24017306614349776
114432,6.545851144,0.39,909.7602729918199,0.054971076830453186,0.24024748322147652
114688,6.559757548,0.39,909.8394722169786,0.054971076830453186,0.24029541015625
114944,6.574071513,0.39,910.2724108109936,0.054971076830453186,0.24038662305122493
115200,6.588354567,0.39,910.2724108109936,0.054971076830453186,0.2402951388888889
115456,6.603544778,0.39,910.2724108109936,0.054971076830453186,0.24029067350332595
115712,6.6171993239999995,0.39,910.2724108109936,0.054971076830453186,0.24033808075221239
115968,6.63223174,0.39,910.2755872089664,0.054971076830453186,0.2404283940397351
116224,6.64668517,0.39,910.4334592022157,0.054971076830453186,0.2405269135462555
116480,6.662070836,0.3925,911.5999798818591,0.054971076830453186,0.24056490384615384
116736,6.676039811,0.3925,911.7743255890138,0.054971076830453186,0.2407397889254386
116992,6.68976885,0.3925,911.7743255890138,0.054971076830453186,0.2407515043763676
117248,6.704487337,0.3925,911.7743255890138,0.054971076830453186,0.2407716975982533
117504,6.719939955,0.3925,912.0102785400671,0.054971076830453186,0.24077478213507625
117760,6.734397325,0.3925,912.0600933765523,0.054971076830453186,0.24079483695652174
118016,6.748911386,0.3925,912.0600933765523,0.054971076830453186,0.2407385439262473
118272,6.765217279,0.3925,912.1287751077045,0.054971076830453186,0.24071631493506493
118528,6.780987286,0.3925,912.2379778340587,0.054971076830453186,0.24074480291576675
118784,6.795210099,0.3925,912.2379778340587,0.054971076830453186,0.24078158674568967
119040,6.810394759,0.3925,912.2379778340587,0.054971076830453186,0.2408266129032258
119296,6.825173928,0.3925,912.2379778340587,0.054971076830453186,0.24082953326180256
119552,6.839973358,0.3925,912.3600686770005,0.054971076830453186,0.24087426391862954
119808,6.854587432,0.3925,912.424248808248,0.054971076830453186,0.2409271501068376
120064,6.869572256,0.3925,912.4430732832554,0.054971076830453186,0.2410131263326226
120320,6.884661134,0.3925,913.0022591471153,0.054971076830453186,0.24103224734042553
120576,6.899034691,0.3925,914.0167850321628,0.054971076830453186,0.24106787420382167
120832,6.914763087,0.3925,914.0479881963496,0.054971076830453186,0.24120266154661016
121088,6.930867695,0.3925,914.0479881963496,0.054971076830453186,0.24117996828752641
121344,6.9457187860000005,0.3925,914.4934865211643,0.054971076830453186,0.2412645042194093
121600,6.964759488,0.3925,914.6061026234858,0.054971076830453186,0.24126644736842107
121856,6.980094423,0.3925,914.6061026234858,0.054971076830453186,0.2412109375
122112,6.99516275,0.3925,914.6061026234858,0.054971076830453186,0.24123755241090147
122368,7.010061742,0.3925,914.6061026234858,0.054971076830453186,0.2412804001046025
122624,7.025226522,0.3925,914.6061026234858,0.054971076830453186,0.24136384394572025
122880,7.040044862,0.3925,914.6211792054179,0.054971076830453186,0.2412841796875
123136,7.055310605,0.395,915.3619537771256,0.054971076830453186,0.24124545218295218
123392,7.070546097,0.395,916.6423953833105,0.054971076830453186,0.2412393023858921
123648,7.085047448,0.395,916.6423953833105,0.054971076830453186,0.24130596532091098
123904,7.100164596,0.395,916.6423953833105,0.054971076830453186,0.2412916451446281
124160,7.114873463,0.395,917.9016088994667,0.054971076830453186,0.24143041237113402
124416,7.129999182,0.395,917.9016088994667,0.054971076830453186,0.24145608281893005
124672,7.144876994,0.395,918.1607505740825,0.054971076830453186,0.2415458162217659
124928,7.159472457,0.395,918.537493975432,0.054971076830453186,0.24161116803278687
125184,7.174324808,0.395,918.6510318334232,0.054971076830453186,0.24166826431492844
125440,7.189439147,0.395,918.6510318334232,0.054971076830453186,0.2416374362244898
125696,7.203455713,0.395,918.8803854414132,0.054971076830453186,0.24185336048879838
125952,7.218097878,0.395,918.8805855341781,0.054971076830453186,0.24185403963414634
126208,7.231431915,0.395,919.170071679156,0.054971076830453186,0.24188640973630832
126464,7.245270867,0.395,919.170071679156,0.054971076830453186,0.24195818572874495
126720,7.261443926,0.395,919.170071679156,0.054971076830453186,0.241958648989899
126976,7.274967058,0.395,919.2025451705066,0.054971076830453186,0.24195123487903225
127232,7.288512981,0.395,919.2025451705066,0.054971076830453186,0.24198314889336017
127488,7.302754924,0.395,919.2025451705066,0.054971076830453186,0.24196002761044177
127744,7.318184842,0.395,919.2025451705066,0.054971076830453186,0.24207790581162325
128000,7.332815426,0.395,919.2025451705066,0.054971076830453186,0.2420859375
128256,7.346698819,0.395,919.2025451705066,0.054971076830453186,0.24199257734530938
128512,7.361693563,0.395,919.2025451705066,0.054971076830453186,0.24200074701195218
128768,7.376446201,0.395,919.2025451705066,0.054971076830453186,0.24203218190854872
129024,7.3910100530000005,0.395,919.284494477156,0.054971076830453186,0.24214099702380953
129280,7.405380929,0.395,919.3795032622901,0.054971076830453186,0.2421256188118812
129536,7.420515518,0.395,919.3887721776745,0.054971076830453186,0.24221065958498023
129792,7.435374408,0.395,919.3911111863142,0.054971076830453186,0.24224143244575938
130048,7.449441906,0.395,919.3911111863142,0.054971076830453186,0.2423951156496063
130304,7.463710509,0.395,919.3911111863142,0.054971076830453186,0.24241005648330058
130560,7.477993713,0.395,919.3911111863142,0.054971076830453186,0.24252450980392157
130816,7.491876436,0.395,919.3911111863142,0.054971076830453186,0.24255442759295498
131072,7.505932733,0.395,919.4758885764538,0.054971076830453186,0.24257659912109375
131328,7.521388881,0.395,919.4758885764538,0.054971076830453186,0.2426367568226121
131584,7.535259143,0.395,919.8188630555125,0.054971076830453186,0.24272707928015563
131840,7.549242278,0.395,920.0680354762225,0.054971076830453186,0.24271844660194175
132096,7.563869512,0.395,920.0680354762225,0.054971076830453186,0.2427174176356589
132352,7.578755263,0.395,920.0680354762225,0.054971076830453186,0.2427239482591876
132608,7.594832559,0.395,920.0680354762225,0.054971076830453186,0.24279078185328185
132864,7.609057641,0.395,920.0747247860472,0.054971076830453186,0.24288746387283236
133120,7.623965763,0.395,920.121588218735,0.054971076830453186,0.24287860576923076
133376,7.638651959,0.395,920.4127719977539,0.054971076830453186,0.2429447576775432
133632,7.653446468,0.395,920.4127719977539,0.054971076830453186,0.24295079022988506
133888,7.667861555,0.395,920.5927681807381,0.054971076830453186,0.2429418618546845
134144,7.682436708,0.395,920.6005787958443,0.054971076830453186,0.24298515028625955
134400,7.697120263,0.395,920.6420790028104,0.054971076830453186,0.2430357142857143
134656,7.713072816,0.395,920.6420790028104,0.054971076830453186,0.24309351235741444
134912,7.72704019,0.395,920.8739713006652,0.054971076830453186,0.24318815227703985
135168,7.741101658,0.395,921.0902364045014,0.054971076830453186,0.24320105350378787
135424,7.755281149,0.395,921.1391042979475,0.054971076830453186,0.2431696006616257
135680,7.769519811,0.395,921.4920834659613,0.054971076830453186,0.24321196933962264
135936,7.783656621,0.395,921.4940518878819,0.054971076830453186,0.2432909604519774
136192,7.798056198,0.395,921.4940518878819,0.054971076830453186,0.2433623120300752
136448,7.811016164,0.395,921.4940518878819,0.054971076830453186,0.2434407246716698
136704,7.825182584,0.395,921.4940518878819,0.054971076830453186,0.24346032303370788
136960,7.839611852,0.395,921.4940518878819,0.054971076830453186,0.24345794392523365
137216,7.854092932,0.395,921.4940518878819,0.054971076830453186,0.2434482859141791
137472,7.867376467,0.395,921.5481372267169,0.054971076830453186,0.24349685754189945
137728,7.88196894,0.395,921.6428588235804,0.054971076830453186,0.24353798791821563
137984,7.896343636,0.395,922.0610328659642,0.054971076830453186,0.24351374072356216
138240,7.911196907,0.395,922.0729921717694,0.054971076830453186,0.2435619212962963
138496,7.9252928449999995,0.3975,922.9828723386696,0.054971076830453186,0.243581042051756
138752,7.940054913,0.3975,924.3800384156383,0.054971076830453186,0.24357126383763839
139008,7.954396749,0.3975,924.3865954640597,0.054971076830453186,0.24351116482504603
139264,7.968903059,0.3975,925.1432595735256,0.054971076830453186,0.24348000919117646
139520,7.982539954,0.3975,925.1432595735256,0.054971076830453186,0.2435636467889908
139776,7.997606651,0.3975,925.1432595735256,0.054971076830453186,0.24355397206959706
140032,8.011648308,0.3975,925.5449410704207,0.05439605357175267,0.24363716864716636
140288,8.026391235,0.3975,925.5532080776616,0.05439605357175267,0.24372006158759124
140544,8.04003588,0.3975,925.6145876300209,0.05439605357175267,0.24371727003642987
140800,8.054262793,0.3975,925.6145876300209,0.05439605357175267,0.2437215909090909
141056,8.068871586,0.3975,925.6586918357725,0.05439605357175267,0.24381805807622506
141312,8.082956464,0.3975,925.7429964224053,0.05439605357175267,0.24380802762681159
141568,8.098287899,0.3975,925.7429964224053,0.05439605357175267,0.24383335216998192
141824,8.111616885,0.3975,926.0948489922924,0.05439605357175267,0.24383038131768953
142080,8.126568138,0.3975,926.7134685933739,0.05439605357175267,0.24379222972972972
142336,8.139887584,0.3975,926.7134685933739,0.05439605357175267,0.24383852293165467
142592,8.154906829,0.3975,926.7134685933739,0.05439605357175267,0.2438776368940754
142848,8.169484522,0.3975,926.770084170857,0.05439605357175267,0.24394461245519714
143104,8.183465307,0.3975,926.770084170857,0.05439605357175267,0.24401134838998212
143360,8.197841724,0.3975,927.37170910725,0.05439605357175267,0.24397321428571428
143616,8.212880679,0.3975,927.37170910725,0.05439605357175267,0.2439004010695187
143872,8.227459212,0.3975,927.6515550874025,0.05439605357175267,0.24390430382562278
144128,8.241158319,0.3975,928.363884859871,0.05439605357175267,0.2439567606571936
144384,8.255642808,0.3975,928.363884859871,0.05439605357175267,0.24395362367021275
144640,8.269642284,0.3975,928.363884859871,0.05439605357175267,0.24397815265486725
144896,8.284167435,0.3975,928.4160856319363,0.05439605357175267,0.24397498895759717
145152,8.298570232,0.3975,928.4160856319363,0.05439605357175267,0.24404072971781304
145408,8.312316561,0.3975,928.4831910000922,0.05439605357175267,0.2440030809859155
145664,8.326394909,0.3975,928.502937099988,0.05439605357175267,0.24401362038664323
145920,8.341492066,0.3975,928.5677077822262,0.05439605357175267,0.2440720942982456
146176,8.355736558,0.3975,928.8726950659794,0.05439605357175267,0.24409615805604204
146432,8.369787625,0.3975,929.7788685500257,0.05439605357175267,0.24420208697552448
146688,8.384652395,0.3975,930.3325772100883,0.05439605357175267,0.2442667430191972
146944,8.400843344,0.3975,930.3325772100883,0.05439605357175267,0.24427673127177701
147200,8.415442596,0.3975,930.8742455822829,0.05439605357175267,0.2441983695652174
147456,8.430180023,0.3975,930.8909064078387,0.05439605357175267,0.24418131510416666
147712,8.444423495,0.3975,930.8909064078387,0.05439605357175267,0.24421170927209707
147968,8.458497153,0.3975,930.8909064078387,0.05439605357175267,0.24430282223183392
148224,8.473215829,0.3975,930.8909064078387,0.05439605357175267,0.24439362046632124
148480,8.486866574,0.3975,930.8925817117685,0.05439605357175267,0.24448410560344827
148736,8.501044504,0.3975,930.985743357722,0.05439605357175267,0.2444868760757315
148992,8.515966236,0.3975,930.9863393527107,0.05439605357175267,0.24450977233676977
149248,8.530477626,0.3975,930.9863393527107,0.05439605357175267,0.24455269082332762
149504,8.545844021,0.3975,931.0934418941092,0.05439605357175267,0.2445753959760274
149760,8.561495374,0.3975,931.3042432312814,0.05439605357175267,0.24460470085470085
150016,8.576372804,0.3975,931.3042432312814,0.05439605357175267,0.24468723336177475
150272,8.590717389,0.3975,931.3064578096764,0.05439605357175267,0.24483603066439524
150528,8.604497398,0.3975,931.3064578096764,0.05439605357175267,0.24489131590136054
150784,8.620219853,0.3975,931.3380299408941,0.05439605357175267,0.24489335738539897
151040,8.634854857,0.3975,931.3380299408941,0.05439605357175267,0.24496822033898305
151296,8.649629615,0.3975,931.3412849491153,0.05439605357175267,0.2449172483079526
151552,8.664911347,0.3975,931.3428941280474,0.05439605357175267,0.24492583403716217
151808,8.679291493000001,0.3975,931.4313025492352,0.05439605357175267,0.2449014544688027
152064,8.694150163,0.3975,931.4313025492352,0.05439605357175267,0.2450218329124579
152320,8.708799686999999,0.3975,931.45539534273,0.05439605357175267,0.2450827205882353
152576,8.723782041,0.3975,931.45539534273,0.05439605357175267,0.24513684983221476
152832,8.738060244,0.3975,932.8905205632856,0.05439605357175267,0.24519734087102177
153088,8.752012508,0.3975,932.8905205632856,0.05439605357175267,0.24522496864548496
153344,8.766360233,0.3975,932.8905205632856,0.05439605357175267,0.24521989774624373
153600,8.780818472,0.3975,934.2753485804088,0.05439605357175267,0.24530598958333333
153856,8.795137916,0.3975,934.2753485804088,0.05439605357175267,0.24543079242928453
154112,8.809352228,0.3975,934.288028267331,0.05439605357175267,0.2453734946013289
154368,8.823510078,0.3975,934.3048746426758,0.05439605357175267,0.24542003524046435
154624,8.837583775,0.3975,934.3048746426758,0.05439605357175267,0.24536941225165562
154880,8.851448676,0.3975,934.3048746426758,0.05439605357175267,0.24537706611570248
155136,8.86538865,0.3975,934.5151135922137,0.05439605357175267,0.2454233704620462
155392,8.879015043999999,0.3975,935.3548636543109,0.05439605357175267,0.2455274402800659
155648,8.892851515,0.3975,935.3548636543109,0.05439605357175267,0.24557976973684212
155904,8.907154149,0.3975,935.3707175652071,0.05439605357175267,0.24558702791461412
156160,8.921857024,0.3975,936.7068660150574,0.051468350994662126,0.24561347336065573
156416,8.936720254,0.3975,936.7068660150574,0.051468350994662126,0.24559507978723405
156672,8.95175091,0.3975,937.2056958144408,0.051468350994662126,0.24573631535947713
156928,8.966341822,0.3975,937.2056958144408,0.051468350994662126,0.24580062194127242
157184,8.981026827,0.3975,938.388633336247,0.051468350994662126,0.24582654723127037
157440,8.995172126,0.3975,938.413925105205,0.051468350994662126,0.24576981707317072
157696,9.010464379,0.3975,938.413925105205,0.051468350994662126,0.2458400974025974
157952,9.025139964,0.3975,938.4180318332612,0.051468350994662126,0.2458531705834684
158208,9.039369775,0.3975,938.9964485778212,0.051468350994662126,0.2458788430420712
158464,9.054020479,0.3975,938.9964485778212,0.051468350994662126,0.24599909127625202
158720,9.068743326,0.3975,939.2181880261455,0.051468350994662126,0.24603704637096774
158976,9.082928436,0.3975,939.2207553404269,0.051468350994662126,0.24596794484702095
159232,9.097741675,0.3975,939.2207553404269,0.051468350994662126,0.2459681471061093
159488,9.111313628,0.3975,939.2207553404269,0.051468350994662126,0.2459620786516854
159744,9.125692684,0.3975,939.4158734115359,0.051468350994662126,0.24597480969551283
160000,9.141393479,0.3975,939.4158734115359,0.051468350994662126,0.246075
160256,9.155471426,0.3975,939.6057076704019,0.051468350994662126,0.2461686301916933
160512,9.170304955,0.3975,939.6057076704019,0.051468350994662126,0.24624327153110048
160768,9.18498797,0.3975,939.6057076704019,0.051468350994662126,0.24622437300955413
161024,9.200047116,0.3975,939.6057076704019,0.051468350994662126,0.24624279610492847
161280,9.214646219,0.3975,939.6057076704019,0.051468350994662126,0.24627976190476192
161536,9.228398407,0.3975,939.7108986527595,0.051468350994662126,0.2463351822503962
161792,9.242956698,0.3975,939.7108986527595,0.051468350994662126,0.24636570411392406
162048,9.257489549,0.3975,940.2916491163915,0.051468350994662126,0.24642081358609794
162304,9.271952118,0.3975,941.9699979886167,0.05001454830522493,0.24637716876971608
162560,9.286748496,0.3975,941.9724802878955,0.05001454830522493,0.24643208661417323
162816,9.301301267,0.3975,942.3907683417642,0.05001454830522493,0.24646840605345913
163072,9.316982051,0.3975,942.483543742318,0.05001454830522493,0.24648621467817897
163328,9.331940783,0.3975,942.6005429140308,0.05001454830522493,0.24644274098746083
163584,9.345860066,0.3975,942.6005429140308,0.05001454830522493,0.24657668231611893
163840,9.360788297,0.3975,942.6005429140308,0.05001454830522493,0.24658203125
164096,9.374978828,0.3975,942.6005429140308,0.05001454830522493,0.24665439742589704
164352,9.389151237,0.3975,942.6005429140308,0.05001454830522493,0.2466535241433022
164608,9.403708148,0.3975,942.6792462186818,0.05001454830522493,0.24670732892690514
164864,9.417716453,0.3975,942.6792462186818,0.05001454830522493,0.2467306385869565
165120,9.432759678,0.3975,942.6792462186818,0.05001454830522493,0.24680838178294573
165376,9.446640129,0.3975,942.6792462186818,0.05001454830522493,0.24680727554179566
165632,9.460809069,0.3975,942.7628660287696,0.05001454830522493,0.24681824768160743
165888,9.475211505,0.3975,942.9706516323964,0.05001454830522493,0.24688343942901234
166144,9.489676944,0.3975,942.9706516323964,0.05001454830522493,0.24696648690292758
166400,9.503899765,0.3975,942.9706516323964,0.05001454830522493,0.24701322115384616
166656,9.517997482,0.3975,942.9706516323964,0.05001454830522493,0.24704181067588327
166912,9.532718158,0.3975,942.9706516323964,0.05001454830522493,0.24713022430981596
167168,9.545986292,0.3975,942.9706516323964,0.05001454830522493,0.24717649310872894
167424,9.560374637,0.3975,942.9706516323964,0.05001454830522493,0.247276376146789
167680,9.574493126,0.3975,942.9706516323964,0.05001454830522493,0.2473043893129771
167936,9.58916432,0.3975,943.0014784370059,0.05001454830522493,0.24734422637195122
168192,9.603780492,0.3975,943.7393073331374,0.04823458694538802,0.2473720509893455
168448,9.618317063,0.3975,943.7393073331374,0.04823458694538802,0.24742353723404256
168704,9.632249575,0.3975,943.7429622607959,0.04823458694538802,0.24746893968133535
168960,9.646427475,0.3975,943.8983364685412,0.04823458694538802,0.24754379734848486
169216,9.661388298,0.3975,943.8983364685412,0.04823458694538802,0.24770116301059
169472,9.676377321,0.3975,943.8983364685412,0.04823458694538802,0.24771053625377643
169728,9.691133558,0.3975,943.8983364685412,0.04823458694538802,0.2476786387631976
169984,9.705848893,0.3975,943.9577255036081,0.04823458694538802,0.2476644860692771
170240,9.720126246,0.3975,943.9923498985502,0.04823458694538802,0.2476856203007519
170496,9.734416189000001,0.3975,944.0431511017819,0.04823458694538802,0.2477712087087087
170752,9.748181717,0.3975,944.5537783562786,0.04823458694538802,0.2478448275862069
171008,9.762915173,0.3975,944.5537783562786,0.04823458694538802,0.2478539015718563
171264,9.777183835,0.3975,944.6150136619468,0.04823458694538802,0.24786294843049328
171520,9.791635243,0.3975,944.7388086904299,0.04823458694538802,0.24794193097014924
171776,9.80605394,0.3975,944.8467941957566,0.04823458694538802,0.24801485655737704
172032,9.820942101,0.3975,944.8467941957566,0.04823458694538802,0.24810500372023808
172288,9.834976916,0.3975,944.8467941957566,0.04823458694538802,0.2481658618127786
172544,9.849007262,0.3975,944.9051063701978,0.04823458694538802,0.2481743787091988
172800,9.862718429,0.3975,944.9051063701978,0.04823458694538802,0.2482002314814815
173056,9.877273439,0.3975,944.9051063701978,0.04823458694538802,0.24819133690828402
173312,9.89079948,0.3975,944.9081364129255,0.04823458694538802,0.24821708825701624
173568,9.903514828,0.3975,944.9081364129255,0.04823458694538802,0.24832918510324484
173824,9.918181572,0.3975,944.9081364129255,0.04823458694538802,0.24832589285714285
174080,9.932561628,0.3975,944.9081364129255,0.04823458694538802,0.24835707720588235
174336,9.946947104,0.3975,947.0435220461533,0.04823458694538802,0.2483422815712188
174592,9.962218525,0.3975,947.0435220461533,0.04823458694538802,0.24835616752199413
174848,9.976136247,0.3975,947.0435220461533,0.04823458694538802,0.24837573206442168
175104,9.991298846,0.3975,947.0435220461533,0.04823458694538802,0.2483609740497076
175360,10.005919098,0.3975,947.0435220461533,0.04823458694538802,0.2483462591240876
175616,10.02051437,0.3975,947.0510351805814,0.04823458694538802,0.24836575255102042
175872,10.035095812,0.3975,947.0510351805814,0.04823458694538802,0.2484136189956332
176128,10.049353224,0.3975,948.3768134387163,0.048015703683097086,0.24845566860465115
176384,10.063895675,0.3975,948.3768134387163,0.048015703683097086,0.24842956277213352
176640,10.078800175,0.3975,948.3768134387163,0.048015703683097086,0.2484658061594203
176896,10.093798589,0.3975,948.3768134387163,0.048015703683097086,0.24848498552821996
177152,10.108103392,0.3975,948.5283307003173,0.048015703683097086,0.24848152998554912
177408,10.121674535,0.3975,948.6154324445724,0.048015703683097086,0.2485908189033189
177664,10.136164234,0.3975,948.8750867842583,0.048015703683097086,0.24868290706051874
177920,10.149772327,0.3975,948.8750867842583,0.048015703683097086,0.24871852517985613
178176,10.164880514,0.3975,948.8961416191217,0.048015703683097086,0.2487035290948276
178432,10.179208728,0.3975,948.8961416191217,0.048015703683097086,0.24866055416068866
178688,10.193209213,0.3975,948.8961416191217,0.048015703683097086,0.24867366583094555
178944,10.20763474,0.3975,948.8961416191217,0.048015703683097086,0.24877056509298998
179200,10.221673116,0.3975,948.8961416191217,0.048015703683097086,0.24880580357142856
179456,10.235324401,0.3975,950.4446720116935,0.048015703683097086,0.24884094151212555
179712,10.24983671,0.3975,950.4446720116935,0.048015703683097086,0.2488704148860399
179968,10.26472376,0.3975,950.4527490027486,0.048015703683097086,0.24889980440967283
180224,10.279457696,0.3975,950.4527490027486,0.048015703683097086,0.24896795099431818
180480,10.293972276,0.3975,950.4527490027486,0.048015703683097086,0.24887522163120568
180736,10.308351182,0.3975,950.4588182195675,0.048015703683097086,0.2488934135977337
180992,10.322949484,0.3975,950.4588182195675,0.048015703683097086,0.24888392857142858
181248,10.33702151,0.3975,950.4588182195675,0.048015703683097086,0.2489461952683616
181504,10.352280661,0.3975,950.4588182195675,0.048015703683097086,0.24895870063469674
181760,10.367202862,0.3975,950.4588182195675,0.048015703683097086,0.24899317781690142
182016,10.381718881,0.3975,950.5089530642268,0.048015703683097086,0.24901107594936708
182272,10.396395645,0.3975,950.9814924821408,0.048015703683097086,0.24895211551966293
182528,10.409927466,0.3975,950.9814924821408,0.048015703683097086,0.24894262798036465
182784,10.423845687,0.3975,950.9814924821408,0.048015703683097086,0.24888939950980393
183040,10.438656245,0.3975,950.9814924821408,0.048015703683097086,0.24889641608391608
183296,10.453762731,0.3975,950.9844483296384,0.048015703683097086,0.24889250174581007
183552,10.468403234,0.3975,950.9844483296384,0.048015703683097086,0.24889404637377963
183808,10.482881702,0.3975,950.9844483296384,0.048015703683097086,0.24890102715877438
184064,10.497388871,0.3975,951.0822389257947,0.048015703683097086,0.24885365959666203
184320,10.511415946,0.3975,951.0822389257947,0.048015703683097086,0.24896375868055556
184576,10.526258825,0.3975,951.5382809344381,0.048015703683097086,0.24895977808599168
184832,10.539984131,0.3975,951.5382809344381,0.048015703683097086,0.24900450138504154
185088,10.554765028,0.3975,951.5382809344381,0.048015703683097086,0.24902208679114798
185344,10.56905162,0.3975,951.8258308202727,0.048015703683097086,0.24907739122928177
185600,10.583860468,0.3975,951.8258308202727,0.048015703683097086,0.2490678879310345
185856,10.598585603,0.3975,951.9252944511513,0.048015703683097086,0.24907455234159778
186112,10.613240157,0.3975,952.2752995115651,0.048015703683097086,0.2490704522008253
186368,10.628525488,0.3975,952.2752995115651,0.048015703683097086,0.24909319196428573
186624,10.643010346,0.3975,952.2770523483204,0.048015703683097086,0.24912122770919068
186880,10.657179215,0.3975,952.656681586993,0.048015703683097086,0.2491117294520548
187136,10.672166958,0.3975,952.656681586993,0.048015703683097086,0.2490969134746922
187392,10.686320207,0.3975,953.101183132412,0.048015703683097086,0.24911415642076504
187648,10.701146755,0.3975,953.2906042904661,0.048015703683097086,0.24913135231923603
187904,10.715730116,0.3975,953.2906042904661,0.048015703683097086,0.24918575442779292
188160,10.729901354999999,0.3975,954.8013947530176,0.04476814761842527,0.2492984693877551
188416,10.745014961999999,0.3975,954.8013947530176,0.04476814761842527,0.2492941151494565
188672,10.759309504,0.3975,955.009634104974,0.04476814761842527,0.24932157394843962
188928,10.777375836000001,0.3975,955.009634104974,0.04476814761842527,0.24931720020325204
189184,10.79170757,0.3975,955.009634104974,0.04476814761842527,0.24934983930987822
189440,10.806298191,0.3975,955.009634104974,0.04476814761842527,0.24938766891891892
189696,10.820711368,0.3975,955.0622795963117,0.04476814761842527,0.24936740890688258
189952,10.835115254,0.3975,955.0622795963117,0.04476814761842527,0.24938405491913745
190208,10.848918332,0.3975,955.0622795963117,0.04476814761842527,0.24944271534320323
190464,10.863234775,0.3975,955.0622795963117,0.04476814761842527,0.24957997311827956
190720,10.877805846,0.3975,955.0622795963117,0.04476814761842527,0.2495910234899329
190976,10.892108899,0.3975,955.0622795963117,0.04476814761842527,0.2496177530160858
191232,10.906370781,0.3975,955.0622795963117,0.04476814761842527,0.24967578647925034
191488,10.920164789,0.3975,955.0622795963117,0.04476814761842527,0.2497232202540107
191744,10.934941006,0.3975,955.0622795963117,0.04476814761842527,0.24973402036048065
192000,10.948981212,0.3975,955.0622795963117,0.04476814761842527,0.24975
192256,10.963349056,0.3975,955.0622795963117,0.04476814761842527,0.24974513149134486
192512,10.977047882,0.3975,955.0707780689577,0.04476814761842527,0.24977663730053193
192768,10.992333193,0.3975,955.0707780689577,0.04476814761842527,0.24982880976095617
193024,11.006966546,0.3975,956.122037821313,0.04476814761842527,0.2498704824270557
193280,11.021866716,0.3975,956.122037821313,0.04476814761842527,0.24992239238410596
193536,11.036596732,0.3975,956.2014197497994,0.04476814761842527,0.2499948330026455
193792,11.051012958,0.3975,956.2014197497994,0.04476814761842527,0.24998451948480846
194048,11.064990182,0.3975,956.2205314129316,0.04476814761842527,0.2500773004617414
194304,11.079999125,0.3975,956.2205314129316,0.04476814761842527,0.2501183712121212
194560,11.09403831,0.3975,956.2205314129316,0.04476814761842527,0.2502004523026316
194816,11.108421476,0.3975,956.2415343027809,0.04476814761842527,0.2502258541392904
195072,11.12277296,0.3975,956.2415343027809,0.04476814761842527,0.25022555774278216
195328,11.136881367,0.3975,956.2415343027809,0.04476814761842527,0.25024062090432503
195584,11.151085708,0.3975,956.2415343027809,0.04476814761842527,0.25029143488219896
195840,11.165304848,0.3975,956.2415343027809,0.04476814761842527,0.2503216911764706
196096,11.180107636,0.3975,956.3380719546199,0.04476814761842527,0.2503467689295039
196352,11.194644855,0.3975,956.3380719546199,0.04476814761842527,0.2504023386571056
196608,11.208717772,0.3975,956.3405530823104,0.04476814761842527,0.2504425048828125
196864,11.223520419,0.3975,956.3405530823104,0.04476814761842527,0.25047748699609884
197120,11.23808994,0.3975,956.3705669064861,0.04476814761842527,0.25049208603896106
197376,11.252124605,0.3975,956.3705669064861,0.04476814761842527,0.2504559824902724
197632,11.266637744,0.3975,956.3705669064861,0.04476814761842527,0.2505110508419689
197888,11.280889286,0.3975,956.4872222750533,0.04476814761842527,0.25049017626131953
198144,11.294905551,0.3975,956.4872222750533,0.04476814761842527,0.2504794492894057
198400,11.315682571,0.3975,956.6274821128621,0.04476814761842527,0.2504637096774194
198656,11.329694285,0.3975,956.6274821128621,0.04476814761842527,0.2505436533505155
198912,11.344495112,0.3975,956.6274821128621,0.04476814761842527,0.250532898970399
199168,11.358199207,0.3975,956.6274821128621,0.04476814761842527,0.25053221401028275
199424,11.371981045,0.3975,956.6274821128621,0.04476814761842527,0.2505415596919127
199680,11.386570826,0.3975,956.6274821128621,0.04476814761842527,0.25050080128205127
199936,11.401347812000001,0.3975,956.6274821128621,0.04476814761842527,0.2504451424455826
200192,11.414784839,0.4,957.4898660939612,0.04476814761842527,0.25044956841432225
