design,time,arm_angle,counterweight_x,counterweight_y,arm_tip_x,arm_tip_y,projectile_x,projectile_y,released
initial,0.000000000,-0.750000000,-0.819491533,7.763435411,2.560911041,4.614264340,0.856814141,2.785042168,false
initial,0.016666667,-0.749585774,-0.819816466,7.763086475,2.561890285,4.615315923,0.858529786,2.785407993,false
initial,0.033333333,-0.748399107,-0.820721372,7.762113149,2.564718355,4.618357774,0.863456355,2.786498691,false
initial,0.050000000,-0.746454793,-0.822201571,7.760516023,2.569344201,4.623348944,0.871550180,2.788275191,false
initial,0.066666667,-0.743762700,-0.824245944,7.758299874,2.575733072,4.630274508,0.882788526,2.790725881,false
initial,0.083333333,-0.740332822,-0.826841952,7.755468397,2.583845790,4.639122922,0.897148727,2.793844183,false
initial,0.100000000,-0.736175288,-0.829975679,7.752024289,2.593638861,4.649885756,0.914608173,2.797628532,false
initial,0.116666667,-0.731300380,-0.833631858,7.747969342,2.605064582,4.662557409,0.935144270,2.802082376,false
initial,0.133333333,-0.725718547,-0.837793907,7.743304540,2.618071129,4.677134803,0.958734391,2.807214171,false
initial,0.150000000,-0.719440426,-0.842443947,7.738030168,2.632602638,4.693617052,0.985355796,2.813037394,false
initial,0.166666667,-0.712476863,-0.847562837,7.732145915,2.648599287,4.712005124,1.014985537,2.819570551,false
initial,0.183333333,-0.704838931,-0.853130187,7.725650993,2.665997363,4.732301483,1.047600344,2.826837200,false
initial,0.200000000,-0.696537960,-0.859124389,7.718544253,2.684729340,4.754509714,1.083176483,2.834865971,false
initial,0.216666667,-0.687585557,-0.865522638,7.710824315,2.704723956,4.778634133,1.121689593,2.843690585,false
initial,0.233333333,-0.677993636,-0.872300962,7.702489689,2.725906299,4.804679392,1.163114502,2.853349879,false
initial,0.250000000,-0.667774443,-0.879434249,7.693538912,2.748197898,4.832650064,1.207425012,2.863887816,false
initial,0.266666667,-0.656940581,-0.886896287,7.683970681,2.771516837,4.862550220,1.254593660,2.875353494,false
initial,0.283333333,-0.645505046,-0.894659795,7.673783988,2.795777874,4.894383007,1.304591455,2.887801146,false
initial,0.300000000,-0.633481244,-0.902696479,7.662978262,2.820892587,4.928150211,1.357387583,2.901290120,false
initial,0.316666667,-0.620883028,-0.910977078,7.651553506,2.846769541,4.963851821,1.412949088,2.915884845,false
initial,0.333333333,-0.607724718,-0.919471428,7.639510438,2.873314476,5.001485594,1.471240521,2.931654773,false
initial,0.350000000,-0.594021130,-0.928148533,7.626850628,2.900430532,5.041046624,1.532223566,2.948674296,false
initial,0.366666667,-0.579787599,-0.936976639,7.613576634,2.928018488,5.082526917,1.595856635,2.967022628,false
initial,0.383333333,-0.565040002,-0.945923332,7.599692135,2.955977049,5.125914979,1.662094446,2.986783653,false
initial,0.400000000,-0.549794776,-0.954955631,7.585202056,2.984203155,5.171195416,1.730887569,3.008045730,false
initial,0.416666667,-0.534068939,-0.964040100,7.570112693,3.012592327,5.218348560,1.802181959,3.030901453,false
initial,0.433333333,-0.517880097,-0.973142973,7.554431821,3.041039044,5.267350114,1.875918473,3.055447354,false
initial,0.450000000,-0.501246464,-0.982230278,7.538168801,3.069437158,5.318170830,1.952032372,3.081783552,false
initial,0.466666667,-0.484186861,-0.991267987,7.521334670,3.097680332,5.370776220,2.030452826,3.110013344,false
initial,0.483333333,-0.466720721,-1.000222163,7.503942223,3.125662517,5.425126309,2.111102413,3.140242717,false
initial,0.500000000,-0.448868086,-1.009059120,7.486006073,3.153278454,5.481175428,2.193896635,3.172579811,false
initial,0.516666667,-0.430649600,-1.017745594,7.467542709,3.180424191,5.538872064,2.278743445,3.207134286,false
initial,0.533333333,-0.412086495,-1.026248910,7.448570520,3.206997633,5.598158754,2.365542812,3.244016634,false
initial,0.550000000,-0.393200575,-1.034537170,7.429109814,3.232899094,5.658972043,2.454186319,3.283337410,false
initial,0.566666667,-0.374014189,-1.042579425,7.409182814,3.258031868,5.721242498,2.544556810,3.325206387,false
initial,0.583333333,-0.354550203,-1.050345862,7.388813628,3.282302791,5.784894788,2.636528105,3.369731645,false
initial,0.600000000,-0.334831966,-1.057807984,7.368028207,3.305622814,5.849847826,2.729964780,3.417018594,false
initial,0.616666667,-0.314883265,-1.064938786,7.346854280,3.327907544,5.916014973,2.824722046,3.467168936,false
initial,0.633333333,-0.294728282,-1.071712924,7.325321264,3.349077787,5.983304313,2.920645709,3.520279579,false
initial,0.650000000,-0.274391543,-1.078106880,7.303460156,3.369060048,6.051618986,3.017572251,3.576441507,false
initial,0.666666667,-0.253897857,-1.084099112,7.281303415,3.387787007,6.120857578,3.115329022,3.635738626,false
initial,0.683333333,-0.233272262,-1.089670191,7.258884810,3.405197946,6.190914572,3.213734562,3.698246593,false
initial,0.700000000,-0.212539956,-1.094802925,7.236239263,3.421239136,6.261680848,3.312599047,3.764031652,false
initial,0.716666667,-0.191726230,-1.099482462,7.213402676,3.435864161,6.333044223,3.411724886,3.833149481,false
initial,0.733333333,-0.170856402,-1.103696379,7.190411745,3.449034192,6.404890039,3.510907444,3.905644086,false
initial,0.750000000,-0.149955742,-1.107434744,7.167303762,3.460718187,6.477101766,3.609935910,3.981546749,false
initial,0.766666667,-0.129049404,-1.110690165,7.144116416,3.470893035,6.549561641,3.708594294,4.060875050,false
initial,0.783333333,-0.108162352,-1.113457807,7.120887584,3.479543622,6.622151305,3.806662562,4.143631986,false
initial,0.800000000,-0.087319292,-1.115735396,7.097655127,3.486662830,6.694752453,3.903917877,4.229805209,false
initial,0.816666667,-0.066544601,-1.117523196,7.074456683,3.492251473,6.767247472,4.000135955,4.319366385,false
initial,0.833333333,-0.045862268,-1.118823965,7.051329471,3.496318154,6.839520062,4.095092508,4.412270716,true
initial,0.850000000,-0.024917417,-1.119653793,7.027904656,3.498912054,6.912798100,4.189420414,4.505153046,true
initial,0.866666667,-0.003463770,-1.119994819,7.003879419,3.499977466,6.987876836,4.283748319,4.595310376,true
initial,0.883333333,0.018480635,-1.119810352,6.979302837,3.499400727,7.064678512,4.378076225,4.682742706,true
initial,0.900000000,0.040884545,-1.119065734,6.954221997,3.497073532,7.143055979,4.472404131,4.767450036,true
initial,0.916666667,0.063715451,-1.117729089,6.928686858,3.492896271,7.222853113,4.566732036,4.849432367,true
initial,0.933333333,0.086939560,-1.115771696,6.902750156,3.486779194,7.303905122,4.661059942,4.928689697,true
initial,0.950000000,0.110521776,-1.113168356,6.876467260,3.478643559,7.386038976,4.755387847,5.005222027,true
initial,0.966666667,0.134425692,-1.109897753,6.849895995,3.468422751,7.469073969,4.849715753,5.079029357,true
initial,0.983333333,0.158613583,-1.105942790,6.823096428,3.456063348,7.552822403,4.944043658,5.150111687,true
initial,1.000000000,0.183046408,-1.101290914,6.796130603,3.441526124,7.637090387,5.038371564,5.218469017,true
initial,1.016666667,0.207683824,-1.095934410,6.769062251,3.424786967,7.721678766,5.132699470,5.284101347,true
initial,1.033333333,0.232484205,-1.089870661,6.741956457,3.405837702,7.806384152,5.227027375,5.347008677,true
initial,1.050000000,0.257404673,-1.083102373,6.714879299,3.384686787,7.891000049,5.321355281,5.407191007,true
initial,1.066666667,0.282401133,-1.075637760,6.687897462,3.361359891,7.975318079,5.415683186,5.464648337,true
initial,1.083333333,0.307428325,-1.067490676,6.661077818,3.335900308,8.059129262,5.510011092,5.519380667,true
initial,1.100000000,0.332439881,-1.058680701,6.634487006,3.308369226,8.142225358,5.604338998,5.571387997,true
initial,1.116666667,0.357388396,-1.049233168,6.608190987,3.278845811,8.224400240,5.698666903,5.620670327,true
initial,1.133333333,0.382225500,-1.039179137,6.582254604,3.247427123,8.305451275,5.792994809,5.667227657,true
initial,1.150000000,0.406901954,-1.028555305,6.556741144,3.214227838,8.385180697,5.887322714,5.711059987,true
initial,1.166666667,0.431367741,-1.017403858,6.531711910,3.179379787,8.463396935,5.981650620,5.752167317,true
initial,1.183333333,0.455572178,-1.005772264,6.507225815,3.143031306,8.539915891,6.075978525,5.790549647,true
initial,1.200000000,0.479464029,-0.993713005,6.483339000,3.105346400,8.614562120,6.170306431,5.826206977,true
initial,1.216666667,0.502991632,-0.981283259,6.460104493,3.066503742,8.687169916,6.264634337,5.859139307,true
initial,1.233333333,0.526103027,-0.968544515,6.437571903,3.026695490,8.757584251,6.358962242,5.889346637,true
initial,1.250000000,0.548746100,-0.955562161,6.415787165,2.986125971,8.825661574,6.453290148,5.916828967,true
initial,1.266666667,0.570868725,-0.942405005,6.394792342,2.945010213,8.891270445,6.547618053,5.941586297,true
initial,1.283333333,0.592418919,-0.929144780,6.374625478,2.903572373,8.954291972,6.641945959,5.963618627,true
initial,1.300000000,0.613344990,-0.915855602,6.355320519,2.862044062,9.014620075,6.736273864,5.982925957,true
initial,1.316666667,0.633595705,-0.902613413,6.336907295,2.820662598,9.072161532,6.830601770,5.999508287,true
initial,1.333333333,0.653120445,-0.889495407,6.319411567,2.779669206,9.126835839,6.924929676,6.013365617,true
initial,1.350000000,0.671869372,-0.876579441,6.302855138,2.739307187,9.178574856,7.019257581,6.024497947,true
initial,1.366666667,0.689793588,-0.863943449,6.287256029,2.699820080,9.227322271,7.113585487,6.032905277,true
initial,1.383333333,0.706845304,-0.851664857,6.272628707,2.661449840,9.273032867,7.207913392,6.038587607,true
initial,1.400000000,0.722977994,-0.839820010,6.258984375,2.624435038,9.315671628,7.302241298,6.041544937,true
initial,1.416666667,0.738146559,-0.828483611,6.246331311,2.589009124,9.355212687,7.396569203,6.041777267,true
initial,1.433333333,0.752307482,-0.817728187,6.234675242,2.555398739,9.391638140,7.490897109,6.039284597,true
initial,1.450000000,0.765418972,-0.807623573,6.224019762,2.523822118,9.424936757,7.585225015,6.034066927,true
initial,1.466666667,0.777441114,-0.798236428,6.214366768,2.494487564,9.455102597,7.679552920,6.026124257,true
initial,1.483333333,0.788336005,-0.789629776,6.205716925,2.467592029,9.482133582,7.773880826,6.015456587,true
initial,1.500000000,0.798067886,-0.781862585,6.198070130,2.443319783,9.506030029,7.868208731,6.002063917,true
initial,1.516666667,0.806603262,-0.774989368,6.191425980,2.421841181,9.526793192,7.962536637,5.985946247,true
initial,1.533333333,0.813911016,-0.769059826,6.185784232,2.403311536,9.544423829,8.056864543,5.967103577,true
initial,1.550000000,0.819962516,-0.764118513,6.181145241,2.387870079,9.558920828,8.151192448,5.945535907,true
initial,1.566666667,0.824731705,-0.760204537,6.177510371,2.375639020,9.570279916,8.245520354,5.921243237,true
initial,1.583333333,0.828195187,-0.757351285,6.174882378,2.366722692,9.578492489,8.339848259,5.894225567,true
initial,1.600000000,0.830332297,-0.755586176,6.173265734,2.361206780,9.583544559,8.434176165,5.864482897,true
initial,1.616666667,0.831125166,-0.754930442,6.172666919,2.359157632,9.585415878,8.528504070,5.832015227,true
initial,1.633333333,0.830561606,-0.755396578,6.173092496,2.360614293,9.584085937,8.622831976,5.796822557,true
initial,1.650000000,0.828649980,-0.756975945,6.174538029,2.365549771,9.579568595,8.717159882,5.758904887,true
initial,1.666666667,0.825407685,-0.759648372,6.176996683,2.373901026,9.571885219,8.811487787,5.718262217,true
initial,1.683333333,0.820854922,-0.763387451,6.180463671,2.385585540,9.561050765,8.905815693,5.674894547,true
initial,1.700000000,0.815014640,-0.768160761,6.184935985,2.400501996,9.547074641,9.000143598,5.628801877,true
initial,1.716666667,0.807912466,-0.773930105,6.190412065,2.418531029,9.529961722,9.094471504,5.579984207,true
initial,1.733333333,0.799576624,-0.780651781,6.196891430,2.439536073,9.509713517,9.188799409,5.528441537,true
initial,1.750000000,0.790037842,-0.788276880,6.204374268,2.463364284,9.486329439,9.283127315,5.474173867,true
initial,1.766666667,0.779329252,-0.796751607,6.212861003,2.489847561,9.459808170,9.377455221,5.417181197,true
initial,1.783333333,0.767486274,-0.806017647,6.222351834,2.518803665,9.430149091,9.471783126,5.357463527,true
initial,1.800000000,0.754546500,-0.816012546,6.232846269,2.550037433,9.397353742,9.566111032,5.295020857,true
initial,1.816666667,0.740549561,-0.826670136,6.244342657,2.583342091,9.361427290,9.660438937,5.229853187,true
initial,1.833333333,0.725536991,-0.837920988,6.256837723,2.618500673,9.322379976,9.754766843,5.161960517,true
initial,1.850000000,0.709552081,-0.849692889,6.270326122,2.655287521,9.280228500,9.849094748,5.091342847,true
initial,1.866666667,0.692639735,-0.861911360,6.284800024,2.693469885,9.234997339,9.943422654,5.018000177,true
initial,1.883333333,0.674846309,-0.874500185,6.300248724,2.732809595,9.186719952,10.037750560,4.941932507,true
initial,1.900000000,0.656219457,-0.887381970,6.316658297,2.773064799,9.135439852,10.132078465,4.863139837,true
initial,1.916666667,0.636807964,-0.900478717,6.334011306,2.813991756,9.081211537,10.226406371,4.781622167,true
initial,1.933333333,0.616661590,-0.913712407,6.352286555,2.855346661,9.024101246,10.320734276,4.697379497,true
initial,1.950000000,0.595830901,-0.927005592,6.371458910,2.896887492,8.964187527,10.415062182,4.610411827,true
initial,1.966666667,0.574367104,-0.940281981,6.391499172,2.938375840,8.901561622,10.509390087,4.520719157,true
initial,1.983333333,0.552321889,-0.953467020,6.412374027,2.979578728,8.836327646,10.603717993,4.428301487,true
initial,2.000000000,0.529747264,-0.966488454,6.434046047,3.020270366,8.768602559,10.698045899,4.333158817,true
initial,2.016666667,0.506695400,-0.979276873,6.456473765,3.060233848,8.698515945,10.792373804,4.235291147,true
initial,2.033333333,0.483218481,-0.991766217,6.479611808,3.099262743,8.626209593,10.886701710,4.134698477,true
initial,2.050000000,0.459368552,-1.003894256,6.503411091,3.137162582,8.551836893,10.981029615,4.031380807,true
initial,2.066666667,0.435197383,-1.015603018,6.527819065,3.173752208,8.475562063,11.075357521,3.925338137,true
initial,2.083333333,0.410756331,-1.026839177,6.552780009,3.208864973,8.397559224,11.169685427,3.816570467,true
initial,2.100000000,0.386096216,-1.037554379,6.578235378,3.242349782,8.318011334,11.264013332,3.705077797,true
initial,2.116666667,0.361267205,-1.047705524,6.604124170,3.274071945,8.237109016,11.358341238,3.590860127,true
initial,2.133333333,0.336318700,-1.057254981,6.630383336,3.303913865,8.155049296,11.452669143,3.473917457,true
initial,2.150000000,0.311299238,-1.066170745,6.656948203,3.331775527,8.072034275,11.546997049,3.354249787,true
initial,2.166666667,0.286256406,-1.074426532,6.683752913,3.357574799,7.988269758,11.641324954,3.231857117,true
initial,2.183333333,0.261236756,-1.082001822,6.710730864,3.381247553,7.903963874,11.735652860,3.106739447,true
initial,2.200000000,0.236285738,-1.088881834,6.737815151,3.402747597,7.819325694,11.829980766,2.978896777,true
initial,2.216666667,0.211447639,-1.095057452,6.764939001,3.422046442,7.734563886,11.924308671,2.848329107,true
initial,2.233333333,0.186765533,-1.100525094,6.792036182,3.439132899,7.649885414,12.018636577,2.715036437,true
initial,2.250000000,0.162281241,-1.105286543,6.819041405,3.454012532,7.565494314,12.112964482,2.579018767,true
initial,2.266666667,0.138035303,-1.109348719,6.845890681,3.466706972,7.481590540,12.207292388,2.440276097,true
initial,2.283333333,0.114066951,-1.112723431,6.872521666,3.477253112,7.398368922,12.301620293,2.298808427,true
initial,2.300000000,0.090414102,-1.115427078,6.898873954,3.485702202,7.316018223,12.395948199,2.154615757,true
initial,2.316666667,0.067113351,-1.117480339,6.924889345,3.492118860,7.234720313,12.490276105,2.007698087,true
initial,2.333333333,0.044199975,-1.118907828,6.950512071,3.496580003,7.154649471,12.584604010,1.858055417,true
initial,2.350000000,0.021707945,-1.119737743,6.975688975,3.499173747,7.075971807,12.678931916,1.705687747,true
initial,2.366666667,-0.000330056,-1.120001496,7.000369663,3.499998252,6.998844806,12.773259821,1.550595077,true
initial,2.383333333,-0.021882611,-1.119733342,7.024506601,3.499160562,6.923417006,12.867587727,1.392777407,true
initial,2.400000000,-0.042919539,-1.118970002,7.048055187,3.496775430,6.849827790,12.961915632,1.232234737,true
initial,2.416666667,-0.063411858,-1.117750295,7.070973778,3.492964160,6.778207293,13.056243538,1.068967067,true
initial,2.433333333,-0.083331750,-1.116114767,7.093223684,3.487853457,6.708676422,13.150571444,0.902974397,true
initial,2.450000000,-0.102652516,-1.114105337,7.114769127,3.481574315,6.641346979,13.244899349,0.734256727,true
initial,2.466666667,-0.121348531,-1.111764953,7.135577178,3.474260942,6.576321873,13.339227255,0.562814057,true
initial,2.483333333,-0.139395200,-1.109137256,7.155617654,3.466049718,6.513695421,13.433555160,0.388646387,true
initial,2.500000000,-0.156768900,-1.106266270,7.174863005,3.457078218,6.453553721,13.527883066,0.211753717,true
initial,2.511111111,-0.167966252,-1.104238906,7.187239028,3.450742922,6.414878657,13.590768336,0.092311382,true
optimized,0.000000000,-1.250000000,-0.242556672,7.729991204,0.757989599,4.718777488,-4.922905575,2.831167036,false
optimized,0.016666667,-1.249786536,-0.242713250,7.729939159,0.758475784,4.718939092,-4.921977549,2.829999392,false
optimized,0.033333333,-1.249177894,-0.243157480,7.729791298,0.759863990,4.719401155,-4.919330032,2.826678605,false
optimized,0.050000000,-1.248174160,-0.243889879,7.729546864,0.762152717,4.720165005,-4.914959457,2.821207136,false
optimized,0.066666667,-1.246774781,-0.244910560,7.729204855,0.765342314,4.721233776,-4.908857117,2.813590003,false
optimized,0.083333333,-1.244978932,-0.246219715,7.728763856,0.769433388,4.722611888,-4.901010762,2.803834278,false
optimized,0.100000000,-1.242785513,-0.247817618,7.728222039,0.774426788,4.724305054,-4.891404609,2.791949116,false
optimized,0.116666667,-1.240193151,-0.249704613,7.727577159,0.780323591,4.726320292,-4.880019363,2.777945807,false
optimized,0.133333333,-1.237200198,-0.251881111,7.726826546,0.787125085,4.728665942,-4.866832233,2.761837826,false
optimized,0.150000000,-1.233804735,-0.254347585,7.725967102,0.794832745,4.731351682,-4.851816955,2.743640900,false
optimized,0.166666667,-1.230004568,-0.257104560,7.724995297,0.803448209,4.734388552,-4.834943818,2.723373081,false
optimized,0.183333333,-1.225797227,-0.260152600,7.723907155,0.812973245,4.737788972,-4.816179702,2.701054832,false
optimized,0.200000000,-1.221179972,-0.263492305,7.722698249,0.823409723,4.741566775,-4.795488105,2.676709119,false
optimized,0.216666667,-1.216149785,-0.267124290,7.721363693,0.834759570,4.745737231,-4.772829193,2.650361517,false
optimized,0.233333333,-1.210703379,-0.271049178,7.719898130,0.847024731,4.750317079,-4.748159845,2.622040321,false
optimized,0.250000000,-1.204837188,-0.275267582,7.718295722,0.860207119,4.755324564,-4.721433706,2.591776673,false
optimized,0.266666667,-1.198547376,-0.279780086,7.716550140,0.874308563,4.760779467,-4.692601248,2.559604687,false
optimized,0.283333333,-1.191829832,-0.284587231,7.714654547,0.889330748,4.766703146,-4.661609838,2.525561598,false
optimized,0.300000000,-1.184680174,-0.289689488,7.712601592,0.905275151,4.773118578,-4.628403813,2.489687908,false
optimized,0.316666667,-1.177093748,-0.295087240,7.710383393,0.922142969,4.780050392,-4.592924565,2.452027544,false
optimized,0.333333333,-1.169065628,-0.300780757,7.707991524,0.939935040,4.787524919,-4.555110632,2.412628032,false
optimized,0.350000000,-1.160590620,-0.306770163,7.705417003,0.958651759,4.795570230,-4.514897805,2.371540665,false
optimized,0.366666667,-1.151663262,-0.313055413,7.702650275,0.978292982,4.804216179,-4.472219237,2.328820694,false
optimized,0.383333333,-1.142277827,-0.319636257,7.699681202,0.998857927,4.813494450,-4.427005570,2.284527515,false
optimized,0.400000000,-1.132428326,-0.326512205,7.696499048,1.020345066,4.823438594,-4.379185074,2.238724871,false
optimized,0.416666667,-1.122108508,-0.333682490,7.693092464,1.042751997,4.834084072,-4.328683796,2.191481055,false
optimized,0.433333333,-1.111311868,-0.341146023,7.689449478,1.066075325,4.845468297,-4.275425722,2.142869125,false
optimized,0.450000000,-1.100031649,-0.348901355,7.685557484,1.090310512,4.857630667,-4.219332962,2.092967118,false
optimized,0.466666667,-1.088260849,-0.356946621,7.681403226,1.115451737,4.870612599,-4.160325941,2.041858276,false
optimized,0.483333333,-1.075992224,-0.365279494,7.676972798,1.141491725,4.884457556,-4.098323613,1.989631270,false
optimized,0.500000000,-1.063218298,-0.373897125,7.672251626,1.168421577,4.899211075,-4.033243694,1.936380432,false
optimized,0.516666667,-1.049931369,-0.382796088,7.667224473,1.196230583,4.914920774,-3.965002906,1.882205986,false
optimized,0.533333333,-1.036123518,-0.391972313,7.661875430,1.224906025,4.931636370,-3.893517255,1.827214283,false
optimized,0.550000000,-1.021786624,-0.401421017,7.656187917,1.254432960,4.949409669,-3.818702314,1.771518036,false
optimized,0.566666667,-1.006912368,-0.411136637,7.650144693,1.284793998,4.968294555,-3.740473543,1.715236552,false
optimized,0.583333333,-0.991492253,-0.421112747,7.643727856,1.315969063,4.988346966,-3.658746623,1.658495962,false
optimized,0.600000000,-0.975517614,-0.431341981,7.636918862,1.347935136,5.009624851,-3.573437819,1.601429454,false
optimized,0.616666667,-0.958979641,-0.441815947,7.629698545,1.380665993,5.032188110,-3.484464368,1.544177488,false
optimized,0.633333333,-0.941869390,-0.452525137,7.622047134,1.414131920,5.056098516,-3.391744892,1.486888012,false
optimized,0.650000000,-0.924177810,-0.463458834,7.613944296,1.448299426,5.081419619,-3.295199844,1.429716671,false
optimized,0.666666667,-0.905895761,-0.474605011,7.605369165,1.483130931,5.108216615,-3.194751973,1.372826996,false
optimized,0.683333333,-0.887014045,-0.485950235,7.596300402,1.518584456,5.136556197,-3.090326834,1.316390590,false
optimized,0.700000000,-0.867523429,-0.497479560,7.586716241,1.554613293,5.166506373,-2.981853310,1.260587284,false
optimized,0.716666667,-0.847414678,-0.509176418,7.576594570,1.591165672,5.198136249,-2.869264182,1.205605288,false
optimized,0.733333333,-0.826678589,-0.521022515,7.565913004,1.628184421,5.231515774,-2.752496723,1.151641315,false
optimized,0.750000000,-0.805306029,-0.532997715,7.554648983,1.665606623,5.266715452,-2.631493324,1.098900672,false
optimized,0.766666667,-0.783287969,-0.545079938,7.542779875,1.703363272,5.303806000,-2.506202156,1.047597338,false
optimized,0.783333333,-0.760615537,-0.557245043,7.530283103,1.741378932,5.342857972,-2.376577863,0.997953997,false
optimized,0.800000000,-0.737280059,-0.569466727,7.517136282,1.779571404,5.383941322,-2.242582290,0.950202043,false
optimized,0.816666667,-0.713273110,-0.581716419,7.503317374,1.817851412,5.427124920,-2.104185241,0.904581540,false
optimized,0.833333333,-0.688586574,-0.593963189,7.488804857,1.856122296,5.472476015,-1.961365271,0.861341144,false
optimized,0.850000000,-0.663212698,-0.606173653,7.473577924,1.894279739,5.520059633,-1.814110507,0.820737970,false
optimized,0.866666667,-0.637144157,-0.618311904,7.457616687,1.932211524,5.569937921,-1.662419500,0.783037413,false
optimized,0.883333333,-0.610374126,-0.630339437,7.440902410,1.969797333,5.622169429,-1.506302106,0.748512903,false
optimized,0.900000000,-0.582896345,-0.642215109,7.423417758,2.006908593,5.676808330,-1.345780389,0.717445607,false
optimized,0.916666667,-0.554705201,-0.653895103,7.405147065,2.043408381,5.733903576,-1.180889546,0.690124052,false
optimized,0.933333333,-0.525795809,-0.665332924,7.386076624,2.079151402,5.793498003,-1.011678859,0.666843683,false
optimized,0.950000000,-0.496164095,-0.676479416,7.366194993,2.113984045,5.855627367,-0.838212651,0.647906339,false
optimized,0.966666667,-0.465806888,-0.687282809,7.345493315,2.147744533,5.920319344,-0.660571260,0.633619645,false
optimized,0.983333333,-0.434722013,-0.697688800,7.323965661,2.180263173,5.987592465,-0.478852015,0.624296314,false
optimized,1.000000000,-0.402908389,-0.707640673,7.301609374,2.211362729,6.057455033,-0.293170209,0.620253356,false
optimized,1.016666667,-0.370366135,-0.717079454,7.278425430,2.240858915,6.129903996,-0.103660065,0.621811184,false
optimized,1.033333333,-0.337096668,-0.725944121,7.254418803,2.268561039,6.204923816,0.089524313,0.629292619,false
optimized,1.050000000,-0.303102815,-0.734171852,7.229598824,2.294272784,6.282485329,0.286208024,0.643021783,false
optimized,1.066666667,-0.268388926,-0.741698328,7.203979544,2.317793161,6.362544633,0.486194481,0.663322881,false
optimized,1.083333333,-0.232960978,-0.748458094,7.177580075,2.338917628,6.445041999,0.689264576,0.690518865,false
optimized,1.100000000,-0.196826697,-0.754384970,7.150424923,2.357439376,6.529900855,0.895175901,0.724929978,false
optimized,1.116666667,-0.159995662,-0.759412523,7.122544282,2.373150804,6.617026843,1.103662049,0.766872181,false
optimized,1.133333333,-0.122479425,-0.763474592,7.093974304,2.385845166,6.706306996,1.314431994,0.816655453,false
optimized,1.150000000,-0.084291614,-0.766505874,7.064757316,2.395318391,6.797609043,1.527169587,0.874581979,false
optimized,1.166666667,-0.045448041,-0.768442557,7.034941987,2.401371075,6.890780897,1.741533159,0.940944208,false
optimized,1.183333333,-0.005966808,-0.769223009,7.004583434,2.403810622,6.985650328,1.957155275,1.016022809,false
optimized,1.200000000,0.034131606,-0.768788505,6.973743245,2.402453518,7.082024878,2.173642630,1.100084508,false
optimized,1.216666667,0.074824247,-0.767083992,6.942489428,2.397127728,7.179692026,2.390576137,1.193379835,false
optimized,1.233333333,0.116085616,-0.764058880,6.910896269,2.387675158,7.278419641,2.607511193,1.296140768,false
optimized,1.250000000,0.157887597,-0.759667848,6.879044079,2.373954182,7.377956752,2.823978166,1.408578319,false
optimized,1.266666667,0.200199402,-0.753871649,6.847018854,2.355842158,7.478034638,3.039483119,1.530880040,false
optimized,1.283333333,0.242987529,-0.746637910,6.814911805,2.333237916,7.578368271,3.253508775,1.663207507,false
optimized,1.300000000,0.286215741,-0.737941893,6.782818790,2.306064152,7.678658105,3.465515759,1.805693773,false
optimized,1.316666667,0.329845055,-0.727767217,6.750839627,2.274269674,7.778592218,3.674944121,1.958440836,false
optimized,1.333333333,0.373833752,-0.716106513,6.719077298,2.237831449,7.877848803,3.881215152,2.121517148,false
optimized,1.350000000,0.418137413,-0.702961996,6.687637050,2.196756397,7.976098973,4.083733522,2.294955188,false
optimized,1.366666667,0.462708970,-0.688345939,6.656625402,2.151082865,8.073009867,4.281889716,2.478749155,false
optimized,1.383333333,0.507498781,-0.672281028,6.626149070,2.100881740,8.168248010,4.475062797,2.672852801,false
optimized,1.400000000,0.552524062,-0.654776694,6.596275524,2.046165586,8.261631846,4.663097615,2.876173861,true
optimized,1.416666667,0.598339274,-0.635599475,6.566710850,1.986236653,8.354020616,4.850092633,3.079056243,true
optimized,1.433333333,0.645045358,-0.614676555,6.537507716,1.920852487,8.445279547,5.037087652,3.279213624,true
optimized,1.450000000,0.692588679,-0.592001947,6.508817483,1.849994377,8.534935651,5.224082671,3.476646006,true
optimized,1.466666667,0.740911812,-0.567584727,6.480794523,1.773690692,8.622506523,5.411077689,3.671353388,true
optimized,1.483333333,0.789953569,-0.541449850,6.453594494,1.692019419,8.707505740,5.598072708,3.863335770,true
optimized,1.500000000,0.839649066,-0.513638742,6.427372448,1.605110016,8.789448777,5.785067727,4.052593152,true
optimized,1.516666667,0.889929827,-0.484209637,6.402280806,1.513144464,8.867859333,5.972062745,4.239125534,true
optimized,1.533333333,0.940723916,-0.453237629,6.378467234,1.416357432,8.942275961,6.159057764,4.422932915,true
optimized,1.550000000,0.991956108,-0.420814423,6.356072480,1.315035488,9.012258838,6.346052783,4.604015297,true
optimized,1.566666667,1.043548099,-0.387047759,6.335228201,1.209515322,9.077396542,6.533047802,4.782372679,true
optimized,1.583333333,1.095418741,-0.352060526,6.316054856,1.100180950,9.137312657,6.720042820,4.958005061,true
optimized,1.600000000,1.147484320,-0.315989544,6.298659696,0.987459927,9.191672029,6.907037839,5.130912443,true
optimized,1.616666667,1.199658849,-0.278984055,6.283134930,0.871818621,9.240186516,7.094032858,5.301094825,true
optimized,1.633333333,1.251854402,-0.241203930,6.269556100,0.753756623,9.282620052,7.281027876,5.468552206,true
optimized,1.650000000,1.303981457,-0.202817648,6.257980728,0.633800412,9.318792892,7.468022895,5.633284588,true
optimized,1.666666667,1.355949268,-0.164000069,6.248447258,0.512496415,9.348584898,7.655017914,5.795291970,true
optimized,1.683333333,1.407666242,-0.124930080,6.240974344,0.390403637,9.371937780,7.842012932,5.954574352,true
optimized,1.700000000,1.459040327,-0.085788147,6.235560488,0.268086023,9.388856217,8.029007951,6.111131734,true
optimized,1.716666667,1.509979409,-0.046753857,6.232184052,0.146104767,9.399407825,8.216002970,6.264964116,true
optimized,1.733333333,1.560391694,-0.008003495,6.230803630,0.025010747,9.403721993,8.402997988,6.416071497,true
optimized,1.750000000,1.610186098,0.030292271,6.231358778,-0.094662706,9.401987601,8.589993007,6.564453879,true
optimized,1.766666667,1.659272616,0.067970544,6.233771070,-0.212406558,9.394449725,8.776988026,6.710111261,true
optimized,1.783333333,1.702394099,0.100937590,6.237416894,-0.315429793,9.383070893,8.963983044,6.853043643,true
optimized,1.800000000,1.699843561,0.098992226,6.237162247,-0.309350704,9.383867974,9.150978063,6.993251025,true
optimized,1.816666667,1.698504951,0.097970995,6.237030415,-0.306159358,9.384279934,9.337973082,7.130733407,true
optimized,1.833333333,1.696301370,0.096289494,6.236816374,-0.300904664,9.384948786,9.524968101,7.265490788,true
optimized,1.850000000,1.693236932,0.093950318,6.236524877,-0.293594733,9.385859682,9.711963119,7.397523170,true
optimized,1.866666667,1.689317297,0.090957061,6.236162481,-0.284240802,9.386992125,9.898958138,7.526830552,true
optimized,1.883333333,1.684549663,0.087314345,6.235737501,-0.272857309,9.388320134,10.085953157,7.653412934,true
optimized,1.900000000,1.678942754,0.083027846,6.235259938,-0.259461993,9.389812457,10.272948175,7.777270316,true
optimized,1.916666667,1.672506804,0.078104333,6.234741400,-0.244076010,9.391432818,10.459943194,7.898402698,true
optimized,1.933333333,1.665253545,0.072551711,6.234195006,-0.226724059,9.393140224,10.646938213,8.016810079,true
optimized,1.950000000,1.657196186,0.066379059,6.233635275,-0.207434518,9.394889299,10.833933231,8.132492461,true
optimized,1.966666667,1.648349392,0.059596680,6.233078008,-0.186239583,9.396630665,11.020928250,8.245449843,true
optimized,1.983333333,1.638729259,0.052216146,6.232540153,-0.163175412,9.398311364,11.207923269,8.355682225,true
optimized,2.000000000,1.628353285,0.044250337,6.232039657,-0.138282258,9.399875311,11.394918287,8.463189607,true
optimized,2.016666667,1.617240344,0.035713483,6.231595310,-0.111604595,9.401263789,11.581913306,8.567971989,true
optimized,2.033333333,1.605410649,0.026621204,6.231226579,-0.083191227,9.402415963,11.768908325,8.670029370,true
optimized,2.050000000,1.592885714,0.016990531,6.230953431,-0.053095385,9.403269437,11.955903343,8.769361752,true
optimized,2.066666667,1.579688319,0.006839935,6.230796150,-0.021374786,9.403760823,12.142898362,8.865969134,true
optimized,2.083333333,1.565842463,-0.003810666,6.230775150,0.011908325,9.403826331,12.329893381,8.959851516,true
optimized,2.100000000,1.551373319,-0.014939905,6.230910777,0.046687174,9.403402382,12.516888399,9.051008898,true
optimized,2.116666667,1.536307184,-0.026524974,6.231223112,0.082890488,9.402426218,12.703883418,9.139441280,true
optimized,2.133333333,1.520671427,-0.038541652,6.231731778,0.120442578,9.400836524,12.890878437,9.225148661,true
optimized,2.150000000,1.504494430,-0.050964341,6.232455735,0.159263448,9.398574046,13.077873456,9.308131043,true
optimized,2.166666667,1.487805534,-0.063766118,6.233413093,0.199268963,9.395582195,13.264868474,9.388388425,true
optimized,2.183333333,1.470634972,-0.076918803,6.234620917,0.240371058,9.391807643,13.451863493,9.465920807,true
optimized,2.200000000,1.453013807,-0.090393037,6.236095045,0.282477993,9.387200895,13.638858512,9.540728189,true
optimized,2.216666667,1.434973865,-0.104158385,6.237849918,0.325494657,9.381716827,13.825853530,9.612810571,true
optimized,2.233333333,1.416547662,-0.118183444,6.239898412,0.369322911,9.375315200,14.012848549,9.682167952,true
optimized,2.250000000,1.397768337,-0.132435965,6.242251692,0.413861981,9.367961121,14.199843568,9.748800334,true
optimized,2.266666667,1.378669572,-0.146882992,6.244919079,0.459008882,9.359625472,14.386838586,9.812707716,true
optimized,2.283333333,1.359285524,-0.161491010,6.247907924,0.504658878,9.350285272,14.573833605,9.873890098,true
optimized,2.300000000,1.339650739,-0.176226102,6.251223518,0.550705978,9.339923994,14.760828624,9.932347480,true
optimized,2.316666667,1.319800085,-0.191054112,6.254869001,0.597043447,9.328531819,14.947823642,9.988079862,true
optimized,2.333333333,1.299768666,-0.205940819,6.258845310,0.643564342,9.316105826,15.134818661,10.041087243,true
optimized,2.350000000,1.279591746,-0.220852107,6.263151131,0.690162056,9.302650116,15.321813680,10.091369625,true
optimized,2.366666667,1.259304672,-0.235754145,6.267782887,0.736730864,9.288175872,15.508808698,10.138927007,true
optimized,2.383333333,1.238942795,-0.250613560,6.272734734,0.783166477,9.272701353,15.695803717,10.183759389,true
optimized,2.400000000,1.218541396,-0.265397607,6.277998590,0.829366569,9.256251816,15.882798736,10.225866771,true
optimized,2.416666667,1.198135607,-0.280074340,6.283564176,0.875231307,9.238859381,16.069793755,10.265249153,true
optimized,2.433333333,1.177760338,-0.294612766,6.289419084,0.920663842,9.220562828,16.256788773,10.301906534,true
optimized,2.450000000,1.157450211,-0.308982999,6.295548853,0.965570777,9.201407341,16.443783792,10.335838916,true
optimized,2.466666667,1.137239481,-0.323156394,6.301937076,1.009862601,9.181444194,16.630778811,10.367046298,true
optimized,2.483333333,1.117161980,-0.337105677,6.308565514,1.053454077,9.160730385,16.817773829,10.395528680,true
optimized,2.500000000,1.097251044,-0.350805050,6.315414224,1.096264592,9.139328233,17.004768848,10.421286062,true
optimized,2.516666667,1.077539459,-0.364230290,6.322461704,1.138218450,9.117304931,17.191763867,10.444318444,true
optimized,2.533333333,1.058059402,-0.377358827,6.329685045,1.179245115,9.094732069,17.378758885,10.464625825,true
optimized,2.550000000,1.038842385,-0.390169803,6.337060092,1.219279411,9.071685132,17.565753904,10.482208207,true
optimized,2.566666667,1.019919210,-0.402644118,6.344561610,1.258261646,9.048242976,17.752748923,10.497065589,true
optimized,2.583333333,1.001319916,-0.414764453,6.352163458,1.296137701,9.024487296,17.939743941,10.509197971,true
optimized,2.600000000,0.983073745,-0.426515282,6.359838756,1.332859055,9.000502086,18.126738960,10.518605353,true
optimized,2.616666667,0.965209096,-0.437882858,6.367560064,1.368382751,8.976373095,18.313733979,10.525287735,true
optimized,2.633333333,0.947753497,-0.448855192,6.375299552,1.402671324,8.952187296,18.500728997,10.529245117,true
optimized,2.650000000,0.930733567,-0.459422011,6.383029165,1.435692667,8.928032355,18.687724016,10.530477498,true
optimized,2.666666667,0.914174998,-0.469574701,6.390720789,1.467419862,8.903996131,18.874719035,10.528984880,true
optimized,2.683333333,0.898102523,-0.479306239,6.398346407,1.497830960,8.880166178,19.061714054,10.524767262,true
optimized,2.700000000,0.882539900,-0.488611110,6.405878245,1.526908732,8.856629282,19.248709072,10.517824644,true
optimized,2.716666667,0.867509898,-0.497485221,6.413288920,1.554640379,8.833471021,19.435704091,10.508157026,true
optimized,2.733333333,0.853034278,-0.505925792,6.420551565,1.581017220,8.810775351,19.622699110,10.495764408,true
optimized,2.750000000,0.839133786,-0.513931256,6.427639956,1.606034352,8.788624221,19.809694128,10.480646789,true
optimized,2.766666667,0.825828145,-0.521501138,6.434528622,1.629690294,8.767097229,19.996689147,10.462804171,true
optimized,2.783333333,0.813136051,-0.528635941,6.441192950,1.651986614,8.746271290,20.183684166,10.442236553,true
optimized,2.800000000,0.801075164,-0.535337020,6.447609274,1.672927549,8.726220359,20.370679184,10.418943935,true
optimized,2.816666667,0.789662115,-0.541606463,6.453754963,1.692519622,8.707015160,20.557674203,10.392926317,true
optimized,2.833333333,0.778912501,-0.547446965,6.459608488,1.710771251,8.688722969,20.744669222,10.364183699,true
optimized,2.850000000,0.768840889,-0.552861705,6.465149491,1.727692374,8.671407402,20.931664240,10.332716080,true
optimized,2.866666667,0.759460820,-0.557854229,6.470358840,1.743294071,8.655128251,21.118659259,10.298523462,true
optimized,2.883333333,0.750784812,-0.562428332,6.475218674,1.757588200,8.639941328,21.305654278,10.261605844,true
optimized,2.900000000,0.742824365,-0.566587948,6.479712447,1.770587053,8.625898342,21.492649296,10.221963226,true
optimized,2.916666667,0.735589970,-0.570337042,6.483824959,1.782303022,8.613046791,21.679644315,10.179595608,true
optimized,2.933333333,0.729091108,-0.573679513,6.487542385,1.792748290,8.601429878,21.866639334,10.134502990,true
optimized,2.950000000,0.723336263,-0.576619101,6.490852299,1.801934544,8.591086438,22.053634352,10.086685371,true
optimized,2.966666667,0.718332924,-0.579159302,6.493743688,1.809872710,8.582050880,22.240629371,10.036142753,true
optimized,2.983333333,0.714087592,-0.581303295,6.496206974,1.816572721,8.574353141,22.427624390,9.982875135,true
optimized,3.000000000,0.710605782,-0.583053873,6.498234016,1.822043303,8.568018657,22.614619409,9.926882517,true
optimized,3.016666667,0.707892034,-0.584413385,6.499818128,1.826291801,8.563068327,22.801614427,9.868164899,true
optimized,3.033333333,0.705949909,-0.585383695,6.500954077,1.829324033,8.559518497,22.988609446,9.806722281,true
optimized,3.050000000,0.704781998,-0.585966134,6.501638095,1.831144166,8.557380949,23.175604465,9.742554662,true
optimized,3.066666667,0.704389922,-0.586161484,6.501867878,1.831754638,8.556662882,23.362599483,9.675662044,true
optimized,3.083333333,0.704774297,-0.585969972,6.501642608,1.831156159,8.557366848,23.549594502,9.606044426,true
optimized,3.100000000,0.705934557,-0.585391355,6.500963064,1.829347974,8.559490414,23.736589521,9.533701808,true
optimized,3.116666667,0.707869091,-0.584424860,6.499831536,1.826327662,8.563026427,23.923584539,9.458634190,true
optimized,3.133333333,0.710575318,-0.583069158,6.498251779,1.822091071,8.567963149,24.110579558,9.380841572,true
optimized,3.150000000,0.714049684,-0.581322392,6.496229011,1.816632401,8.574284278,24.297574577,9.300323953,true
optimized,3.166666667,0.718287660,-0.579182216,6.493769905,1.809944320,8.581968955,24.484569595,9.217081335,true
optimized,3.183333333,0.723283737,-0.576645842,6.490882588,1.802018115,8.590991789,24.671564614,9.131113717,true
optimized,3.200000000,0.729031425,-0.573710096,6.487576626,1.792843866,8.601322880,24.858559633,9.042421099,true
optimized,3.216666667,0.735523241,-0.570371483,6.483863019,1.782410656,8.612927858,25.045554651,8.951003481,true
optimized,3.233333333,0.742750710,-0.566626267,6.479754182,1.770706805,8.625767926,25.232549670,8.856860863,true
optimized,3.250000000,0.750704356,-0.562470551,6.475263927,1.757720138,8.639799917,25.419544689,8.759993244,true
optimized,3.266666667,0.759373696,-0.557900370,6.470407445,1.743438266,8.654976365,25.606539708,8.660400626,true
optimized,3.283333333,0.768747236,-0.552911791,6.465201272,1.727848900,8.671245593,25.793534726,8.558083008,true
optimized,3.300000000,0.778812462,-0.547501021,6.459663258,1.710940182,8.688551819,25.980529745,8.453040390,true
optimized,3.316666667,0.789555839,-0.541664511,6.453812527,1.692701028,8.706835279,26.167524764,8.345272772,true
optimized,3.333333333,0.800962804,-0.535399082,6.447669430,1.673121498,8.726032380,26.354519782,8.234780154,true
optimized,3.350000000,0.813017764,-0.528702035,6.441255486,1.652193164,8.746075872,26.541514801,8.121562535,true
optimized,3.366666667,0.825704092,-0.521571281,6.434593322,1.629909497,8.766895049,26.728509820,8.005619917,true
optimized,3.383333333,0.839004130,-0.514005460,6.427706597,1.606266247,8.788415976,26.915504838,7.886952299,true
optimized,3.400000000,0.852899184,-0.506004066,6.420619920,1.581261832,8.810561750,27.102499857,7.765559681,true
optimized,3.416666667,0.867369534,-0.497567567,6.413358756,1.554897718,8.833252790,27.289494876,7.641442063,true
optimized,3.433333333,0.882394436,-0.488697528,6.405949329,1.527178791,8.856407153,27.476489894,7.514599445,true
optimized,3.450000000,0.897952128,-0.479396718,6.398418501,1.498113713,8.879940892,27.663484913,7.385031826,true
optimized,3.466666667,0.914019844,-0.469669227,6.390793655,1.467715259,8.903768434,27.850479932,7.252739208,true
optimized,3.483333333,0.930573826,-0.459520560,6.383102564,1.436000636,8.927802993,28.037474950,7.117721590,true
optimized,3.500000000,0.947589341,-0.448957733,6.375373245,1.402991768,8.951957015,28.224469969,6.979978972,true
optimized,3.516666667,0.965040700,-0.437989351,6.367633813,1.368715547,8.976142639,28.411464988,6.839511354,true
optimized,3.533333333,0.982901281,-0.426625679,6.359912325,1.333204050,9.000272188,28.598460007,6.696318736,true
optimized,3.550000000,1.001143559,-0.414878696,6.352236616,1.296494715,9.024258683,28.785455025,6.550401117,true
optimized,3.566666667,1.019739134,-0.402762139,6.344634129,1.258630465,9.048016361,28.972450044,6.401758499,true
optimized,3.583333333,1.038658766,-0.390291525,6.337131747,1.219659793,9.071461215,29.159445063,6.250390881,true
optimized,3.600000000,1.057872416,-0.377484160,6.329755619,1.179636783,9.094511531,29.346440081,6.096298263,true
optimized,3.616666667,1.077349283,-0.364359135,6.322530985,1.138621091,9.117088432,29.533435100,5.939480645,true
optimized,3.633333333,1.097057857,-0.350937296,6.315482008,1.096677863,9.139116410,29.720430119,5.779938027,true
optimized,3.650000000,1.116965964,-0.337241202,6.308631606,1.053877595,9.160523850,29.907425137,5.617670408,true
optimized,3.666666667,1.137040820,-0.323295066,6.302001290,1.010295950,9.181243531,30.094420156,5.452677790,true
optimized,3.683333333,1.157249090,-0.309124672,6.295611010,0.966013506,9.201213101,30.281415175,5.284960172,true
optimized,3.700000000,1.177556949,-0.294757284,6.289479020,0.921115461,9.220375529,30.468410193,5.114517554,true
optimized,3.716666667,1.197930143,-0.280221535,6.283621737,0.875691293,9.238679506,30.655405212,4.941349936,true
optimized,3.733333333,1.218334057,-0.265547300,6.278053633,0.829834360,9.256079808,30.842400231,4.765457318,true
optimized,3.750000000,1.238733785,-0.250765560,6.272787130,0.783641477,9.272537614,31.029395249,4.586839699,true
optimized,3.766666667,1.259094200,-0.235908251,6.267832522,0.737212443,9.288020761,31.216390268,4.405497081,true
optimized,3.783333333,1.279380029,-0.221008105,6.263197905,0.690649549,9.302503945,31.403385287,4.221429463,true
optimized,3.800000000,1.299555927,-0.206098487,6.258889138,0.644057053,9.315968862,31.590380306,4.034636845,true
optimized,3.816666667,1.319586554,-0.191213217,6.254909813,0.597540647,9.328404278,31.777375324,3.845119227,true
optimized,3.833333333,1.339436653,-0.176386401,6.251261261,0.551206909,9.339806041,31.964370343,3.652876609,true
optimized,3.850000000,1.359071128,-0.161652252,6.247942563,0.505162755,9.350177020,32.151365362,3.457908990,true
optimized,3.866666667,1.378455122,-0.147044917,6.244950594,0.459514895,9.359526982,32.338360380,3.260216372,true
optimized,3.883333333,1.397554092,-0.132598306,6.242280082,0.414369295,9.367872398,32.525355399,3.059798754,true
optimized,3.900000000,1.416333893,-0.118345928,6.239923691,0.369830672,9.375236194,32.712350418,2.856656136,true
optimized,3.916666667,1.434760849,-0.104320733,6.237872120,0.326001991,9.381647436,32.899345436,2.650788518,true
optimized,3.933333333,1.452801831,-0.090554964,6.236114221,0.282984015,9.387140961,33.086340455,2.442195900,true
optimized,3.950000000,1.470424330,-0.077080022,6.234637134,0.240874867,9.391756956,33.273335474,2.230878281,true
optimized,3.966666667,1.487596527,-0.063926339,6.233426435,0.199769652,9.395540491,33.460330492,2.016835663,true
optimized,3.983333333,1.504287366,-0.051123271,6.232466302,0.159760104,9.398541014,33.647325511,1.800068045,true
optimized,4.000000000,1.520466619,-0.038698998,6.231739685,0.120934285,9.400811804,33.834320530,1.580575427,true
optimized,4.016666667,1.536104953,-0.026680444,6.231228489,0.083376332,9.402409403,34.021315548,1.358357809,true
optimized,4.033333333,1.551173989,-0.015093207,6.230913767,0.047166243,9.403393025,34.208310567,1.133415191,true
optimized,4.050000000,1.565646362,-0.003961512,6.230775910,0.012379718,9.403823947,34.395305586,0.905747572,true
optimized,4.066666667,1.579495778,0.006691831,6.230794845,-0.020911963,9.403764891,34.582300604,0.675354954,true
optimized,4.083333333,1.592697066,0.016845451,6.230950237,-0.052642011,9.403279408,34.769295623,0.442237336,true
optimized,4.100000000,1.605226227,0.026479425,6.231221680,-0.082748168,9.402431262,34.956290642,0.206394718,true
optimized,4.105555556,1.609249279,0.029572037,6.231334438,-0.092412579,9.402078930,35.018622315,0.127174956,true
