point_id,feasible,selected,objective_negative_peak_gain_db,objective_psll_db,objective_active_count,objective_robustness_margin_db,constraint_null_db,constraint_kernel,peak_deg,hpbw_deg,phase_codes,attenuator_codes
0,1,1,-21.092988362971692,-17.721326628259526,14,8.790919884203438,-17.958521631043723,-1,32.96512490691362,9.715510997689282,"3;49;32;14;61;44;26;7;55;38;20;3;50;32;15;63","13;11;6;2;4;0;1;0;0;0;0;4;8;10;12;12"
1,1,0,-20.964409528342397,-15.439198211474887,14,7.5858211873713035,-16.068733357190766,-1,32.56937717526974,9.849397100141985,"3;49;32;14;61;44;26;7;55;38;20;3;50;32;24;63","13;11;6;2;4;0;1;0;0;0;0;4;8;10;12;12"
2,1,0,-20.849350994681252,-19.821043612209742,14,9.734835432572334,-18.81570918089172,-1,32.983177877903515,9.611509983285028,"3;49;32;14;61;44;26;7;56;38;20;3;50;32;15;63","13;11;7;5;4;0;1;0;0;0;2;4;7;10;12;12"
3,1,0,-20.805230873822744,-20.13291945919012,14,10.057962368710296,-18.03727442275315,-1,32.98220797306198,9.596557770954647,"3;49;32;14;61;44;26;7;56;38;20;3;50;32;15;63","13;11;7;5;4;1;1;0;0;0;2;4;7;10;12;12"
4,1,0,-20.731549570916627,-17.822760258032343,14,8.903880793359173,-11.822760258032343,-1,33.060279517267475,9.763363779113408,"30;49;32;14;61;43;26;9;54;35;20;3;49;32;15;57","15;11;6;8;7;0;1;0;0;1;0;4;8;10;12;30"
5,1,0,-20.55481200643216,-14.650107906160208,14,6.663361897165105,-8.650107906160208,-1,33.337278082291725,9.753034309886338,"31;49;35;14;61;43;26;9;55;32;21;5;52;25;15;32","23;11;6;5;7;0;1;0;0;1;2;4;7;10;11;12"
6,1,0,-20.40046861486679,-13.454280403852255,14,5.983475735015353,-7.454280403852255,-1,33.18925836699832,9.743370740525648,"17;49;32;14;61;43;26;9;55;32;20;9;49;25;15;31","31;11;6;8;7;0;1;0;0;1;2;4;7;10;11;12"
7,1,0,-20.251879656526896,-15.751605563308772,13,7.971705340003491,-13.369313513270775,-1,33.332702430206545,10.361596028896496,"30;49;36;14;61;45;26;10;56;33;20;3;52;32;15;35","13;11;6;5;7;0;1;0;0;0;2;4;7;10;12;12"
8,1,0,-20.180699834291925,-17.559115732463685,13,8.714107215980537,-15.02555960000672,-1,33.354466817188936,10.527018419394274,"3;49;33;14;61;45;26;10;56;38;20;3;45;32;15;63","13;11;10;5;7;1;1;0;0;0;2;4;7;10;12;12"
9,1,0,-20.112759632943337,-16.38105076194647,13,8.300381133607821,-13.01415412522158,-1,33.42107634186997,10.50815938941425,"3;49;33;14;61;45;26;10;56;35;20;3;45;32;15;63","13;11;10;5;7;1;1;0;0;0;3;4;7;10;12;12"
10,1,0,-20.02233860648652,-18.93881940063626,14,9.012383783329755,-16.98887726004199,-1,-31.35518832447402,9.887036429244006,"31;18;36;60;5;22;39;56;8;25;41;60;12;28;45;2","16;14;11;8;5;3;0;0;0;1;5;6;8;11;15;15"
11,1,0,-19.952798514007828,-17.654909581632673,14,8.434260982535108,-14.803294167117027,-1,-31.40245249002886,9.860667025906217,"31;18;36;60;5;22;37;56;8;25;41;60;12;28;45;2","16;14;11;8;5;3;1;0;0;1;5;6;8;11;15;15"
12,1,0,-19.72349157597534,-21.74182410566654,14,11.505293470927823,-18.302649859740903,-1,33.5518088186729,10.569306289957783,"5;51;34;16;61;44;27;9;55;37;20;2;48;32;13;59","22;20;16;5;7;3;1;0;0;0;3;7;13;16;16;22"
13,1,0,-19.649763272140298,-22.53664498274341,14,12.445969962751278,-19.130630472506603,-1,33.55113231806379,10.69943857368331,"5;51;34;16;61;44;27;9;55;37;20;2;48;32;13;59","22;20;16;5;7;3;1;0;0;0;3;7;13;16;20;22"
14,1,0,-19.628596210236687,-22.90745904867693,14,12.744392438020082,-17.313725121166968,-1,33.681061269114956,10.731975868486664,"5;51;34;16;61;44;27;9;55;37;20;2;45;32;13;59","22;20;16;5;7;3;1;0;0;0;3;7;13;16;20;22"
15,1,0,-19.61979484744396,-20.64053941835361,14,10.892130401176638,-19.71113243049149,-1,33.74544355435043,10.732480092778623,"5;53;34;16;61;44;27;9;53;37;18;2;48;32;13;59","22;20;16;5;7;3;1;0;0;0;3;7;13;16;20;22"
16,1,0,-19.44469479539943,-12.617249621546225,14,5.018808244788856,-9.587904180415663,-1,34.08891684217455,10.074323539755724,"17;51;34;14;61;43;27;62;55;38;22;58;45;25;14;62","31;11;7;5;9;3;1;0;0;2;2;4;12;17;22;23"
17,1,0,-19.403766636849042,-23.371621286620755,14,13.059844415157084,-17.371621286620755,-1,33.682697451084344,10.799804500780521,"5;51;34;16;62;44;27;9;55;37;20;2;48;30;13;59","22;20;16;11;7;3;1;0;0;1;3;7;13;16;20;22"
18,1,0,-19.331770128380292,-23.88613365306112,13,14.24942679963605,-18.371082064436195,-1,18.20995686428301,9.85542954618367,"10;1;55;45;35;25;15;5;59;49;39;29;19;9;63;54","22;20;16;11;7;1;1;0;0;1;3;7;11;13;20;22"
19,1,0,-19.238694621430774,-11.07127084289084,14,4.025624710845401,-7.787808749264306,-1,34.43532456759539,10.181410164475025,"5;51;39;14;61;43;27;62;55;38;22;57;45;25;14;60","31;11;7;5;9;4;1;0;0;2;2;4;13;17;22;23"
20,1,0,-19.211000997603872,-23.661596941054228,13,14.083537245393508,-17.661596941054228,-1,18.20995686428301,9.930227753240128,"10;1;55;45;35;25;15;5;59;49;39;29;19;9;63;54","22;20;16;11;7;3;1;0;0;1;2;7;11;16;20;22"
21,1,0,-19.206920447355706,-23.223175412048782,13,13.645115716388062,-17.723794512872296,-1,18.215961127708887,9.928615086903639,"10;1;55;45;35;25;15;6;59;49;39;29;19;9;63;54","22;20;16;11;7;3;1;0;0;1;2;7;11;16;20;22"
22,1,0,-19.16344906503238,-24.23418955943847,13,14.62078253855,-18.23418955943847,-1,18.20995686428301,9.923571007568816,"10;1;55;45;35;25;15;5;59;49;39;29;19;9;63;54","22;20;16;11;7;3;1;0;0;1;3;7;11;16;20;22"
23,1,0,-19.156965279073347,-21.14397951365141,13,12.556714339500767,-20.342672636982552,-1,18.011509055405316,9.91477892518409,"10;1;55;45;35;25;15;5;59;49;43;29;19;9;63;54","22;20;16;11;7;3;1;0;0;1;2;7;11;16;20;22"
24,1,0,-19.029053224332426,-7.5345406710326,14,2.5880251333052824,-8.586654895003514,-1,34.71499797365308,11.1173054081734,"31;49;57;15;61;43;26;9;55;31;20;51;49;25;15;31","31;12;7;5;7;1;1;0;0;1;2;5;7;10;11;12"
25,1,0,-18.964608083321522,-28.65899692697329,14,18.168817004996342,-24.941402965425052,-1,38.68218745348944,12.046809185052282,"22;2;46;26;6;50;30;10;54;34;14;58;38;18;62;42","28;25;19;13;8;4;1;0;0;1;3;8;13;19;25;28"
26,1,0,-18.959231430106996,-27.64526820605485,14,17.41535524014349,-24.781789267471993,-1,38.58837342500647,12.039827502419016,"22;2;44;26;6;50;30;10;54;34;14;58;38;18;62;42","28;25;19;13;8;4;1;0;0;1;3;8;13;19;25;28"
27,1,0,-18.929169746845073,-25.62544237784177,14,15.228202693170395,-23.713140677013506,-1,38.579956522789416,11.98489672372142,"33;2;46;26;6;50;30;9;54;34;15;58;38;18;63;42","28;25;19;13;8;4;1;0;0;1;4;8;13;18;25;28"
28,1,0,-18.829854579284138,-26.13925004425984,14,16.603098311696332,-4.896387918912481,-1,13.841175254868228,9.91665235961553,"57;52;42;34;27;19;11;4;60;53;45;37;30;22;14;7","31;28;21;10;6;4;1;0;0;1;4;8;14;25;29;31"
29,1,0,-18.740240021884937,-14.861493120060933,14,6.81146001301617,-11.006017016118335,-1,37.796395785691885,11.74832115507273,"22;2;45;14;6;50;30;7;54;38;19;56;38;18;62;42","28;25;19;13;8;4;1;0;0;1;3;8;13;10;25;28"
30,1,0,-18.72695038312107,-29.000728657842142,14,18.89165028369797,-25.268852725030982,-1,-40.700422833626064,12.711261058979552,"35;56;13;34;55;12;33;54;10;31;52;9;30;51;8;33","31;28;21;14;8;4;1;0;0;1;4;8;14;21;27;31"
31,1,0,-18.71929115692427,-26.029647089424973,14,16.113483912923517,-4.60533276561889,-1,13.789475555227945,9.986244384938617,"57;50;42;34;27;19;11;4;60;53;45;37;30;22;14;7","31;28;21;14;6;4;1;0;0;1;4;8;14;25;29;31"
32,1,0,-18.714856702414753,-28.08492634499028,14,18.044695251694744,-4.79828743389621,-1,13.78876184007493,9.89757386384474,"57;50;42;34;27;19;11;4;60;53;45;37;30;22;14;7","31;28;21;14;8;4;1;0;0;1;4;8;14;21;28;31"
33,1,0,-18.714291087904897,-26.422393309813224,14,16.64987526092681,-4.59308701849181,-1,13.84684745202332,9.997100338260953,"57;52;42;34;27;19;11;4;60;53;45;37;30;22;14;7","31;28;21;14;6;4;1;0;0;1;4;8;14;25;29;31"
34,1,0,-18.62573634660671,-29.35721359389131,14,19.27627171064347,-4.836182943177622,-1,13.788704491925854,9.880271151405957,"57;50;42;34;27;19;11;4;60;53;45;37;30;22;14;9","31;28;21;14;8;4;1;0;0;2;4;9;14;21;28;31"
35,1,0,-18.491317353547487,-16.089416496717178,11,8.984638481563703,-11.015199880845831,-1,-31.04049676105349,12.271097063734782,"31;18;36;60;5;22;39;55;8;25;41;60;12;28;45;58","16;14;11;8;5;3;1;0;0;1;4;7;14;11;30;30"
36,1,0,-18.451725962620333,-10.81659593564244,12,6.58854546227761,-5.679591232882977,-1,41.46064131990478,12.990869539352552,"31;49;57;33;15;43;32;9;55;32;20;51;31;10;16;31","31;12;27;5;7;1;2;0;0;1;2;5;7;10;31;12"
37,1,0,-18.354535126207065,-15.036658675611243,10,15.036658675611243,-13.498666695079699,-1,33.7616075555761,13.58867519403028,"29;51;34;14;61;44;27;9;55;34;20;2;45;32;13;59","22;20;16;5;7;3;1;0;0;0;0;7;13;16;20;22"
38,1,1,-18.354080903954046,-31.945891265842295,14,31.945891265842295,-25.94589126584232,-1,43.432536557789774,13.635278566041166,"37;15;57;35;13;55;33;11;53;31;9;51;29;7;49;27","31;31;23;15;9;4;2;0;0;2;4;9;15;23;31;31"
39,1,0,-18.340608377019556,-15.33404559849009,10,9.23377754127145,-12.292645227787109,-1,33.49172888426177,13.630433898631821,"30;49;32;14;61;44;27;9;55;34;22;3;45;32;15;39","30;20;16;5;7;1;1;0;0;0;0;9;13;10;30;30"
40,1,0,-18.329281241788284,-31.015776078716737,14,31.015776078716737,-25.015776078716737,-1,43.432536557789966,13.663186448905009,"37;15;57;35;13;55;33;11;53;31;9;51;29;7;49;27","27;31;23;15;9;4;2;0;0;2;4;9;16;23;31;31"
41,1,0,-18.31786211781528,-31.54704281223782,14,31.54704281223782,-25.737728849495564,-1,43.480114192277014,13.660712613880605,"37;15;58;35;13;55;33;11;53;31;9;51;29;7;49;27","31;31;23;15;10;4;2;0;0;2;4;9;15;23;31;31"
42,1,0,-18.297936400190263,-30.151295288453813,14,30.151295288453813,-25.7582375243814,-1,43.47540962946072,13.69083619157145,"37;15;58;35;13;55;33;11;53;31;9;51;29;7;49;27","31;31;25;15;10;4;2;0;0;2;4;9;15;23;30;31"
43,1,0,-18.28266433193912,-30.511453778615603,14,30.511453778615603,-26.617296166997306,-1,43.48024742300982,13.673860947849555,"37;15;58;35;13;55;33;11;53;31;9;51;29;7;49;27","31;31;23;15;10;4;2;0;0;2;4;10;15;23;31;31"
44,1,0,-18.280865611212878,-29.437047028801576,14,29.437047028801576,-23.437047028801594,-1,43.432536557789774,13.718137250255765,"37;15;57;35;13;55;33;11;53;31;9;51;29;7;49;27","27;31;23;17;9;4;2;0;0;2;4;9;16;23;31;31"
45,1,0,-18.232032086010566,-15.585289689435555,10,9.43131519563028,-11.392876758204359,-1,33.48884534077717,13.616009175256135,"30;49;32;14;61;44;27;9;55;34;22;3;45;32;15;39","30;20;16;5;7;3;1;0;0;0;0;9;13;10;30;30"
46,1,0,-18.156668583863816,-24.62888209985651,13,15.719941464299684,-20.73314643290415,-1,-26.245747153104677,11.425303180669815,"21;35;49;0;13;28;43;57;7;21;36;48;0;9;30;46","28;31;23;15;9;5;2;0;0;2;4;7;15;23;31;31"
47,1,0,-18.03015112728246,-25.295207016029842,12,25.295207016029842,-22.707117219685962,-1,-42.201076256500315,14.42198690188954,"31;52;10;31;53;10;32;53;11;32;54;11;33;54;12;33","31;31;23;15;9;4;2;0;0;2;4;8;15;23;31;31"
48,1,0,-17.991612577920378,-25.99466235814303,12,25.99466235814303,-22.354028400889955,-1,-42.20219588136752,14.44490898276868,"31;52;10;31;53;10;32;53;11;32;54;11;33;54;12;33","31;31;23;15;9;4;2;0;0;2;4;9;15;23;31;31"
49,1,0,-17.977874482337484,-24.43921761439806,12,24.43921761439806,-20.238593083130034,-1,42.04843550255009,14.59840510986507,"33;12;54;33;11;52;32;11;53;32;10;53;31;10;52;30","31;31;25;16;9;5;1;0;0;1;5;8;14;25;31;31"
50,1,0,-17.970329319579537,-24.869443228457257,12,24.869443228457257,-24.372976044872253,-1,-42.203762715780734,14.56878802619567,"31;52;10;31;53;10;32;53;11;32;54;11;33;54;12;33","31;31;23;15;9;4;2;0;0;2;4;8;15;27;31;31"
51,1,0,-17.945502539952493,-16.544351480828546,12,16.544351480828546,-14.937744360040995,-1,41.86512173309461,14.311425878368226,"33;12;53;26;11;52;32;6;53;32;10;48;31;10;52;30","14;31;19;16;9;5;1;0;0;1;5;7;14;25;25;31"
52,1,0,-17.933833617000783,-18.686143794132086,12,18.686143794132086,-15.665467201451417,-1,-42.4653649147499,14.616216051624122,"31;52;10;31;53;10;32;53;11;37;54;11;33;54;12;33","31;31;23;15;9;4;2;0;0;2;3;8;15;27;31;31"
53,1,0,-17.92834501370317,-20.62035927622087,12,20.62035927622087,-19.912933188397012,-1,42.581197287733225,14.414078519418993,"33;12;54;33;13;52;32;10;53;32;9;51;29;10;52;30","31;31;21;15;9;5;3;0;0;1;5;9;14;23;31;31"
54,1,0,-17.906630471826656,-22.547958880354237,12,22.547958880354237,-17.06451519622954,-1,42.35753948124741,14.720541890848502,"33;12;54;33;11;52;32;10;53;32;10;49;31;10;52;30","31;31;25;16;9;5;1;0;0;1;5;9;14;25;31;31"
55,1,0,-17.903783786030736,-22.340534834896758,12,22.340534834896758,-16.340534834896758,-1,42.3784863813558,14.726080020372187,"33;12;54;33;11;52;32;11;53;32;10;49;31;10;52;30","31;31;25;16;9;5;1;0;0;1;5;9;14;25;31;31"
56,1,0,-17.87905189931652,-16.927110313454886,10,10.479885823924443,-12.429217371512372,-1,18.848203808978422,12.28748980016266,"10;1;55;45;41;25;15;7;58;49;39;28;19;9;48;52","22;20;16;11;7;3;1;0;0;1;2;7;14;16;20;22"
57,1,0,-17.835831073850194,-26.684750604793166,12,26.684750604793166,-26.270889284431163,-1,42.199683320879984,14.709775455311409,"33;12;54;33;11;54;32;11;53;32;10;53;31;10;52;31","31;31;25;16;9;5;1;0;0;2;5;9;16;25;31;31"
58,1,0,-17.822484322984486,-27.38814472917074,12,27.38814472917074,-22.235679079766207,-1,42.20108126894241,14.798641383094946,"40;12;54;33;11;54;32;11;53;32;10;53;31;10;52;30","31;31;25;16;9;5;1;0;0;1;5;11;16;25;31;31"
59,1,0,-17.821701637813337,-23.09106109669285,12,23.09106109669285,-24.91028257923602,-1,42.363190714827276,14.831577042159878,"40;12;55;33;11;54;34;11;53;32;10;53;31;10;52;31","31;31;28;16;8;5;1;0;0;2;5;9;16;25;31;31"
60,1,0,-17.809477886010292,-26.454968496824172,12,26.454968496824172,-24.75621668034607,-1,42.199598992701354,14.855983152444288,"33;12;54;33;11;54;32;11;53;32;10;53;31;10;52;31","31;31;28;16;9;5;0;0;0;2;6;9;16;25;31;31"
61,1,0,-17.78232550103629,-23.603460363892587,12,23.603460363892587,-23.646559075787778,-1,42.36700718470491,14.859966734733256,"40;12;55;33;11;54;34;11;53;32;10;53;31;10;52;31","31;31;28;16;9;5;1;0;0;2;5;9;16;25;31;31"
62,1,0,-17.780361325719525,-12.867372939121326,11,8.020009372965518,-12.135038481006003,-1,-31.016747055490644,14.280962857144974,"10;18;36;60;6;22;39;53;9;25;41;60;14;60;17;56","22;21;17;8;2;3;1;0;0;2;2;7;14;23;30;30"
63,1,0,-17.746742748469106,-27.024627211091605,12,27.024627211091605,-27.106623724680517,-1,42.200449933585226,14.814406901390853,"33;12;54;33;11;54;32;11;53;32;10;53;31;10;52;31","31;31;28;16;9;5;1;0;0;2;6;9;16;25;31;31"
64,1,0,-17.664373406652068,-9.221056905585854,12,4.747934781456044,-4.247410185111384,-1,-30.54882288493707,10.2164619392979,"31;18;36;60;5;22;37;12;8;25;41;53;12;25;45;2","16;31;12;10;5;3;1;0;0;1;5;6;6;11;31;15"
65,1,0,-17.540379791001932,-18.46392283385326,11,18.46392283385326,-18.180952434700288,-1,-42.24918543207749,15.325827587332235,"31;52;7;29;53;14;32;53;11;32;54;11;33;54;12;33","31;17;23;16;9;5;2;0;0;2;4;9;15;23;31;31"
66,1,0,-17.47780261489314,-6.119006326258835,13,2.9633410578225656,-5.828658315425965,-1,-15.752557761832502,8.648107364563929,"6;9;19;26;26;44;51;9;59;19;21;42;38;45;53;9","17;13;11;8;7;4;1;0;0;4;3;5;14;11;13;14"
67,1,0,-17.423482464713103,-9.690934876689925,10,6.076987658772135,-3.6909348766899246,-1,40.031196980762516,14.71981625476677,"31;49;8;32;15;43;32;9;55;34;20;51;38;10;16;31","31;12;25;8;7;5;2;0;0;1;2;5;7;10;31;12"
68,1,0,-17.34342729860026,-11.698683166001246,9,7.133258633435328,-7.084538184851173,-1,-31.273893545382897,14.19926964129354,"10;23;42;55;7;25;33;63;9;25;40;62;18;24;17;55","22;22;17;12;2;0;1;0;0;1;2;7;15;23;22;23"
69,1,0,-17.293352321590007,-21.618737951897966,10,21.618737951897966,-19.87508667959723,-1,-43.432536557789774,16.696930477739258,"27;49;7;29;51;9;31;53;11;33;55;13;35;57;15;37","31;31;25;16;9;5;1;0;0;2;5;9;16;25;31;28"
70,1,0,-17.27771652159708,-20.141190347731897,10,20.141190347731897,-21.304684134265788,-1,-43.72844083367648,16.8054118671676,"27;49;7;29;51;9;31;53;11;33;55;13;38;57;15;37","31;31;25;16;9;5;1;0;0;2;5;9;16;25;31;28"
71,1,0,-17.26732785861708,-21.12694890249597,10,21.12694890249597,-20.02426545424523,-1,-43.531072420634125,16.781575641672653,"27;49;7;31;51;9;31;53;11;33;55;13;38;57;15;37","31;31;25;16;9;5;1;0;0;2;5;9;16;25;31;28"
72,1,0,-17.247265571131564,-19.39939538174524,10,19.39939538174524,-20.15215422882907,-1,-43.66922214051856,16.726548224578785,"22;49;7;29;51;9;31;53;11;32;55;13;38;57;50;37","31;31;24;16;9;6;1;0;0;2;5;9;15;25;31;31"
73,1,0,-17.219951890198203,-19.479083771689883,10,19.479083771689883,-20.58958693774201,-1,-43.65436851275338,16.786856868249288,"22;49;7;29;51;9;31;53;11;32;55;13;38;57;50;37","31;31;25;16;9;6;1;0;0;2;5;9;16;25;31;31"
74,1,0,-17.180219271182825,-22.01019372745119,10,22.01019372745119,-20.20493550921955,-1,-43.432536557789774,16.659801671794746,"27;49;7;29;51;9;31;53;11;33;55;13;35;57;15;37","31;31;25;16;9;6;2;0;0;2;5;9;16;25;28;31"
75,1,0,-17.130402234676883,-21.296081556734435,10,21.296081556734435,-20.721734715254634,-1,-43.9192799919528,16.87999451728379,"22;49;7;29;51;9;31;53;11;33;57;13;38;60;15;37","31;31;25;16;9;5;1;0;0;2;8;9;16;26;31;28"
76,1,0,-17.057223468065644,-18.271235832293243,10,18.271235832293243,-16.221153645180266,-1,-44.52161117012561,16.970474919021505,"23;50;7;29;50;5;31;53;11;34;57;13;38;51;15;37","31;31;25;16;9;5;1;0;0;4;7;8;16;25;22;28"
77,1,0,-17.014926170280916,-20.485363319004634,10,20.485363319004634,-24.328864638903426,-1,-43.99658851028605,16.83143537784025,"22;49;7;29;51;9;31;53;11;34;57;13;38;60;15;37","31;31;25;16;9;5;1;0;0;4;8;9;16;25;31;28"
78,1,0,-16.97148960688555,-4.265904955824316,13,2.0848058135115903,-2.1476291885035472,-1,22.60481845374952,10.537682679001069,"3;2;40;53;40;31;25;63;59;37;40;4;9;59;48;51","24;13;19;11;7;3;1;0;0;1;4;7;8;17;11;24"
79,1,0,-16.861403969182028,-7.26984209465988,10,4.670356004492803,-7.705674725868359,-1,33.69321580527078,13.012536475876217,"3;50;34;16;56;44;27;59;55;38;22;3;35;55;13;59","31;20;25;2;7;10;1;0;0;2;3;4;11;24;26;22"
80,1,1,-16.855561443516045,-13.349370773823157,8,8.63610902352874,-10.311614027786153,-1,33.42859031686273,16.63410726046832,"39;53;34;16;61;43;27;12;55;37;20;2;48;32;15;59","22;20;16;5;7;3;0;0;0;0;3;7;13;16;16;22"
81,1,0,-16.789323106477774,-7.923915400141582,9,5.286755654131989,-6.825704190084746,-1,-36.153672456313345,16.132235809967096,"10;24;42;37;7;25;35;54;9;25;52;11;18;24;17;33","31;22;17;12;2;0;1;0;0;1;2;7;14;21;22;24"
82,1,0,-16.631354281820727,-8.109922832716665,9,5.631644987718312,-6.008185966532967,-1,-36.12943780731905,16.27992797193538,"10;24;42;37;7;25;33;54;9;25;52;11;18;24;17;33","31;22;17;15;2;0;1;0;0;1;2;7;14;21;22;24"
83,1,0,-16.54186874954783,-3.210968577336339,13,2.046604509358735,-0.657809254445958,-1,22.743058918024147,10.50579659117869,"3;2;40;53;40;31;29;63;59;37;40;4;9;59;48;51","24;13;19;12;7;3;1;0;0;1;4;7;8;17;11;24"
84,1,0,-16.509441350137806,-17.07669520504072,8,11.76931572284537,-13.80021451470909,-1,-31.510339517323622,16.540010909545895,"2;17;36;42;5;24;38;56;8;25;42;59;8;26;48;9","24;25;11;12;8;6;1;0;0;0;4;8;13;19;22;24"
85,1,0,-16.436523973287784,-17.21046401437977,8,11.976469992117107,-13.966674827462679,-1,-31.5112638915436,16.50159577196026,"2;17;36;42;5;24;38;56;8;25;42;59;8;26;48;9","24;25;11;12;8;6;1;0;0;1;4;8;13;19;22;24"
86,1,0,-16.316121820840834,-15.691757646717539,8,11.116292003973854,-14.590501829991688,-1,-31.653779148993774,16.86071405655063,"14;25;40;56;5;24;38;56;8;25;40;62;8;24;47;9","24;25;11;12;12;4;1;0;0;1;4;8;13;23;22;24"
87,1,0,-16.255684212998716,-13.976929789757893,8,9.984893053767523,-15.232732469964223,-1,-33.077465929048714,17.167197862634623,"2;17;54;32;59;24;37;56;8;25;42;59;8;26;17;10","13;31;11;12;8;4;1;0;0;1;4;8;16;19;30;24"
88,1,0,-16.234826067837137,-5.346736195591531,8,5.346736195591531,-12.227943332509,-1,40.896877465459085,19.24373638683901,"14;12;54;55;11;54;34;12;53;32;10;62;31;10;50;31","31;31;28;16;9;5;0;0;0;2;4;8;16;25;23;24"
89,1,0,-16.142452330396058,-8.394355468104363,8,4.817953640821534,-5.489354791449774,-1,33.88944195035474,16.122645924524665,"5;51;34;15;61;43;27;62;54;38;22;59;45;25;14;62","13;20;7;5;9;3;1;0;0;2;2;3;12;17;23;23"
90,1,0,-16.084311456082588,-8.499374819947619,8,4.875611741819322,-5.6268649048725194,-1,33.84180829878951,16.20071902696544,"5;51;34;15;61;43;27;62;54;38;22;59;45;25;14;62","13;20;7;5;9;3;1;0;0;2;2;4;12;17;23;23"
91,1,0,-16.018128014156716,-6.63127129474442,9,3.8083706942568116,-10.676308225442924,-1,35.433878340958984,16.164668255611016,"5;49;36;16;7;46;27;63;58;39;20;5;33;30;13;59","24;25;16;8;7;3;1;0;0;1;2;7;16;11;13;30"
92,1,0,-15.994595386429024,-10.080187947257443,8,6.160082028133585,-5.6441601454255945,-1,-31.672414373683782,15.94444695344588,"14;24;40;56;7;24;33;63;8;25;40;62;8;24;48;55","24;22;17;12;9;4;1;0;0;2;4;5;15;23;23;24"
93,1,0,-15.992850780532919,-7.053090275151769,8,4.25814758037882,-3.7857423261740344,-1,34.080690269865784,15.391463177327939,"5;51;32;15;61;43;27;58;54;38;20;59;45;25;14;62","13;20;7;5;4;3;1;0;0;2;2;4;12;17;23;23"
94,1,0,-15.85633514862522,-8.78586903303824,8,4.526953001465416,-8.86063672165908,-1,-33.309561345286646,16.557706836303325,"30;50;40;14;60;24;33;63;9;25;40;62;9;24;19;55","23;22;17;12;9;4;1;0;0;1;4;5;7;23;23;24"
95,1,0,-15.727545850569637,-6.320023771473896,9,3.3839529308706147,-2.6946700305909843,-1,24.545268352580845,14.722710722520926,"10;1;42;53;41;31;24;63;55;37;40;4;18;59;48;32","23;22;19;12;7;3;1;0;0;1;2;7;8;17;12;24"
96,1,1,-15.689460824019461,-0.0000004202128117730439,13,0.0000004202128117730439,-5.3228736734885835,-1,82.63575496759496,NaN,"5;49;32;14;60;9;37;12;55;25;42;5;37;26;13;9","13;25;12;6;8;0;1;0;0;1;4;4;7;24;17;24"
97,1,0,-15.636105150377993,-5.973891627588132,9,3.364184345666443,-2.2577345398096327,-1,24.58176464126936,14.67311998038392,"10;1;42;53;41;31;25;63;55;37;40;4;18;59;48;32","23;22;19;12;7;3;1;0;0;1;2;7;8;17;12;24"
98,1,0,-15.475487803372534,-4.870302262570555,9,2.3915209131639705,-3.480274164822376,-1,24.158903000549927,14.705172263065336,"10;1;42;53;40;31;25;63;59;37;40;4;18;59;48;51","22;22;19;12;7;3;1;0;0;1;2;7;8;17;22;24"
99,1,0,-15.331026761969655,-6.313236196245072,8,3.7747499327410505,-3.253622527040772,-1,-16.64376311665485,13.161725633451349,"39;9;18;26;27;43;51;60;59;19;21;41;38;46;55;9","17;13;11;8;5;3;1;0;0;2;3;5;8;11;14;14"
100,1,0,-15.158210696238655,-1.730458743074432,14,1.730458743074432,-2.105098735547095,-1,35.0177106715913,17.841244313867918,"3;51;32;41;28;44;34;6;56;25;20;2;50;35;46;10","14;11;16;5;4;0;1;0;0;0;2;7;7;12;12;12"
101,1,0,-15.028558737904039,-3.78606732555049,9,1.971472843879447,-4.844605135686681,-1,24.290028661448776,14.457383769005421,"10;48;42;53;40;27;25;62;59;37;40;4;34;57;48;37","22;17;19;12;9;5;1;0;0;2;5;5;9;17;31;28"
102,1,0,-14.838282319200156,-5.0093945960681205,8,3.2619717907985954,-0.3762525429301924,-1,-16.25322683261038,14.615889117801782,"15;22;28;35;29;48;49;8;3;10;16;43;29;36;42;49","19;18;14;10;6;3;1;0;0;1;3;6;10;12;18;19"
103,1,0,-14.734043019199694,-4.528976610347778,8,2.8378106177971882,-0.8549707850172066,-1,-16.42805925956767,14.491193517521253,"15;22;28;14;29;48;47;8;3;10;16;43;29;25;16;49","20;11;14;10;6;3;1;0;0;1;3;6;7;12;11;12"
104,1,0,-14.645164868616067,-1.3740612766813787,14,1.3740612766813787,-1.946299572063377,-1,40.90024628316041,12.344916959729758,"34;3;45;33;27;19;32;11;53;50;14;46;40;18;54;45","31;17;25;8;8;3;1;0;0;1;3;9;11;19;31;27"
105,1,0,-14.468566666394178,-1.516308458230392,14,1.516308458230392,-1.6339208873167363,-1,32.85693113296681,14.064465358627835,"5;15;40;55;61;25;34;9;53;36;39;9;45;24;13;31","24;22;7;5;7;4;1;0;0;1;2;7;13;17;11;22"
106,1,0,-14.332665749862779,-0.9900713151538476,14,0.9900713151538476,-10.418879365430964,-1,34.429998393896796,13.12681605464067,"5;15;40;55;61;19;34;9;60;36;39;9;45;22;13;7","24;22;7;14;7;4;1;0;0;1;2;7;11;24;11;22"
107,1,0,-14.226822423792601,-1.0586303086538986,14,1.0586303086538986,-1.2580196578410048,-1,39.861510826922725,11.170839832856494,"34;3;44;26;28;19;32;6;53;50;14;45;40;18;54;45","14;17;19;8;8;3;1;0;0;1;3;7;11;19;25;27"
108,1,0,-14.088932570455192,-1.8891169755740045,14,1.8891169755740045,-0.9001429710002409,-1,38.21043836422373,15.06060166042715,"3;17;39;34;59;27;37;56;54;32;10;58;31;25;49;40","28;31;27;12;8;4;1;0;0;2;3;8;17;25;29;31"
109,1,0,-13.98649196363153,-2.395878563532151,8,2.395878563532151,-3.0534921612751873,-1,33.696825050333345,17.197284030793963,"30;50;34;14;60;24;33;10;48;25;21;62;12;24;19;56","23;22;17;8;9;4;1;0;0;1;4;4;7;23;23;30"
110,1,0,-13.746918414404902,-0.8600843652793734,9,0.8600843652793734,-0.4347624696963752,-1,-32.130014324372425,16.647309024966177,"14;24;42;53;40;31;25;62;9;25;40;61;18;59;48;50","22;22;19;12;12;2;1;0;0;2;2;5;9;17;22;28"
111,1,0,-13.619369909493654,-2.113688622023447,8,2.113688622023447,-7.961094740689049,-1,-15.788241504647118,11.869116011591869,"39;9;19;26;26;43;51;12;59;19;21;42;38;46;54;9","17;13;11;8;7;4;0;0;0;4;3;5;14;11;13;14"
112,1,0,-13.449885676573771,-1.5837678869462315,8,1.5837678869462315,-2.07611245724447,-1,-20.551333581509876,15.982514067823598,"22;49;30;17;9;44;46;58;54;19;16;42;35;30;16;37","20;30;8;16;9;6;1;0;0;1;3;6;8;25;12;31"
113,1,0,-13.347613660197053,-0.21569310814747128,9,0.21569310814747128,-8.992009363537807,-1,26.333826016603805,16.494905916778922,"5;15;40;55;61;19;34;9;60;36;39;9;43;22;47;7","24;22;7;12;7;4;1;0;0;1;2;7;11;24;11;22"
114,1,0,-13.20485084386734,-1.1830379917269298,8,1.1830379917269298,-1.3095891869860985,-1,-20.410964088113396,16.342092826876794,"22;49;30;17;9;46;46;58;54;19;16;42;35;30;16;37","20;30;8;16;9;6;1;0;0;1;3;6;8;25;12;31"
115,1,0,-13.09336387637048,-2.820766264458878,8,2.820766264458878,-0.3269489281400828,-1,51.2315721485835,25.63001564254901,"34;47;44;41;28;21;35;6;53;25;16;44;28;26;46;9","14;24;11;13;5;3;1;0;0;1;3;14;8;12;13;11"
116,1,0,-12.90025590614004,-1.3723751929123151,9,1.3723751929123151,-0.13495857594401706,-1,-22.116260532889157,18.032204898794575,"15;46;28;14;34;48;47;9;3;10;40;4;30;57;16;49","22;17;14;9;9;5;1;0;0;1;3;6;9;12;30;12"
117,1,0,-12.64152386587015,-2.3926953782635247,8,2.3926953782635247,-1.5083287645727816,-1,-35.22568541793945,22.21887887168392,"5;51;34;30;61;43;27;62;12;38;54;59;33;25;14;62","13;20;23;6;9;3;1;0;0;2;2;4;15;17;31;31"
118,1,0,-12.242355369125983,-0.9952743509281126,13,0.9952743509281126,-3.403594914570011,-1,-56.76354553364863,43.5550526407803,"10;8;36;52;40;45;27;60;11;33;55;57;34;22;16;38","31;22;25;16;9;5;1;0;0;1;5;9;16;17;24;24"
119,1,0,-12.1908519342795,-0.5524163466102284,14,0.5524163466102284,-2.5027609731723235,-1,-55.32598126315646,48.076441608932534,"10;8;36;52;40;47;27;60;11;35;55;57;34;22;16;38","31;22;25;16;9;5;1;0;0;1;5;9;16;17;24;24"
120,1,0,-12.149029042782274,-1.2800382877842733,8,1.2800382877842733,-0.14648981654092452,-1,48.878908873082544,20.34680590073029,"34;45;44;24;28;20;32;11;53;50;15;44;28;20;54;45","14;17;12;8;5;3;1;0;0;1;3;7;11;12;13;10"
121,1,0,-11.846479364058364,-1.1116853856025932,8,1.1116853856025932,-0.052995220262356924,-1,28.559481340707865,24.744340712992436,"10;14;34;42;27;45;25;59;55;20;22;3;48;21;47;61","22;20;27;15;1;5;1;0;0;1;3;4;6;17;22;23"
122,1,0,-11.76753884506072,-0.1892554831671336,10,0.1892554831671336,-2.3207064199267045,-1,36.46868750398179,12.219097388548974,"27;3;7;29;51;46;30;53;11;34;14;56;38;57;61;42","31;25;25;16;9;5;1;0;0;2;3;9;16;25;31;28"
123,1,0,-11.55398865728133,-0.49352027972061036,8,0.49352027972061036,-0.6272458190341652,-1,34.88824684738331,22.787404418230143,"5;50;34;16;27;46;27;59;58;19;20;3;48;30;13;59","22;20;16;8;7;3;1;0;0;1;3;7;11;11;13;22"
124,1,0,-11.234671677887317,-0.05180269008176594,8,0.05180269008176594,-0.09588932896554336,-1,15.707913591635371,19.309130199295527,"34;45;44;24;30;20;32;6;53;50;15;44;28;20;54;35","14;17;12;8;5;3;1;0;0;1;3;7;11;12;13;11"
125,1,0,-11.068056796120008,-0.1311521351444315,8,0.1311521351444315,-0.39923256320153655,-1,-56.724161450933636,27.419354435968778,"33;45;42;24;28;20;32;6;53;50;15;45;50;20;9;45","14;17;23;16;9;1;1;0;0;1;3;7;11;12;10;15"
126,1,0,-10.934990306256825,-0.24552572849622645,8,0.24552572849622645,-0.4029720239299497,-1,-57.29539225642067,29.155624456723423,"46;45;21;24;28;20;32;6;52;50;16;43;50;21;9;20","14;17;23;9;9;5;1;0;0;1;3;7;11;22;14;30"
