point_id,feasible,selected,objective_maximum_gap_hours,objective_negative_contact_hours,objective_launch_complexity,quality,decision_altitude_km,decision_inclination_deg,decision_raan_1_deg,decision_raan_2_deg,decision_raan_3_deg,decision_raan_4_deg,decision_mean_anomaly_1_deg,decision_mean_anomaly_2_deg,decision_mean_anomaly_3_deg,decision_mean_anomaly_4_deg
0,1,1,2.8385416666666665,-22.111263020833334,0.721991258416971,3.3451557947689503,702.0868368845913,88.66043413004265,296.0424914141978,172.97877111235687,227.6907030188895,181.2415239284974,329.01489738351466,148.67814335928932,241.98859014888546,297.7820169364116
1,1,0,3.6744791666666665,-24.324153645833334,0.875385484842499,2.7746867427508373,770.8616193655271,94.802550003542,280.01222680467305,168.67024270300067,165.90352009535184,237.1365244545424,138.21559310809403,159.83867516772318,315.0617895458248,54.891490844925215
2,1,0,3.5067708333333334,-25.996614583333333,1.089147841326152,2.761100063955846,882.1188370772802,85.42009925509547,106.3562358899734,77.09246203960583,35.23674392802843,152.94961141380162,212.00938383135156,152.74374102008892,203.62927390767044,14.10177423377408
3,1,0,3.9876302083333335,-28.373958333333334,1.0780000203873137,2.7376639208457867,857.1181769126872,91.00929660485681,41.65303638884146,142.00720154706858,109.2960190013996,179.94341658701245,7.383724326179731,296.5978646891995,207.98048602966674,259.35123053020317
4,1,0,4.006315104166666,-28.652734375,1.094403245860748,2.732672524349202,857.1181769126872,91.00929660485681,34.08194138426863,142.0072015470686,109.2960190013996,179.94341658701242,7.383724326179721,304.3706949079025,207.98048602966676,259.35123053020317
5,1,0,3.9876302083333335,-28.158984375,1.0664116860840782,2.732158503826175,857.1181769126872,91.00929660485681,41.65303638884146,117.4832332308342,109.2960190013996,179.94341658701245,7.383724326179731,296.5978646891996,207.98048602966674,259.35123053020317
6,1,0,3.969986979166667,-25.189127604166668,0.8732398437525444,2.705605598531025,770.861619365527,94.802550003542,278.9267771126655,168.67024270300067,165.90352009535184,237.19893958789032,138.21559310809403,225.76682731430975,315.0617895458248,54.891490844925215
7,1,0,4.045768229166667,-29.942513020833335,1.2014560964978944,2.695571900047809,900,91.00929660485681,43.46401226105746,172.388885541396,110.61186787744587,179.94341658701245,15.177951831511251,296.5978646891995,207.98048602966674,259.35123053020317
8,1,0,3.413671875,-25.405924479166668,1.1471374865915727,2.6808659898022045,899.1358756116374,85.43066244451236,237.68423281217773,182.26495767762705,231.39319863222238,313.4576773234285,208.76543804671286,152.7437410200889,118.02407200412375,180.75149869046658
9,1,0,3.8932291666666665,-25.948502604166666,1.0403531099516128,2.5990307108911477,854.7450612473347,90.77392110379986,68.85576462418568,142.31124727387643,84.80412242850252,179.94341658701245,7.383724326179731,296.5978646891995,207.98048602966674,278.46081020808816
10,1,0,3.8969401041666667,-26.092513020833334,1.0529801681316868,2.595412325207103,860.4272374283679,90.77392110379986,68.85576462418568,142.31124727387646,84.80412242850252,179.94341658701245,7.383724326179731,296.5978646891995,207.98048602966674,278.46081020808816
11,1,0,3.928580729166667,-17.389192708333333,0.36469524587923796,2.5853650120004024,559.0675045075354,90.09179612268159,278.85749485815666,260.87730219777274,168.1825399289112,234.71673659840437,135.39344119986785,61.96717046942594,218.35692318932644,31.48387609116223
12,1,0,3.5454427083333333,-27.48125,1.3498487388259632,2.5728850732442505,881.1135056397579,93.09004859474719,107.17565530602987,355.3903612546659,302.1261214356777,225.3755086206657,213.23286455799058,150.14065565664683,115.25295360652292,47.45815453144232
13,1,0,3.8696614583333333,-22.8634765625,0.8317807387582026,2.5631263233363826,772.1058917723605,90.09604230683688,278.9267771126655,168.67024270300067,206.5736904469393,237.19893958789032,138.21559310809403,225.76682731430975,212.8013079818418,41.12203819355304
14,1,0,4.026171875,-26.442513020833335,1.056136386439717,2.558665260019856,866.9292504010923,81.24942389028683,163.36816574430776,213.42571610762158,158.77317074291284,264.3293113443598,213.83966845986345,346.2971998081758,62.0264672490909,146.02253617662257
15,1,0,3.7210286458333335,-24.4685546875,1.0476422285769664,2.531148374971853,857.5916356738039,97.80438296504497,142.4618360980866,201.88824073525114,106.65960906192524,81.25403496077799,218.3344603352206,34.76271670692188,195.20359326935989,91.64723850065089
16,1,0,4.0853515625,-25.5302734375,0.9886013018183235,2.524566207988296,818.7773420820004,90.93353895796722,278.63217548483556,254.66934731237268,25.97030345763679,322.24692792490964,133.08973974697585,185.9341575473813,212.579616058835,39.93088256176823
17,1,0,4.0796875,-20.723958333333332,0.6244178109821776,2.511527699029648,659.8917502848069,85.42943300476949,287.0861209406719,182.73010682072294,214.35655343305388,158.3051845694153,354.60149649595996,92.39879319594098,205.4173412395241,148.49665790377043
18,1,0,3.9283854166666665,-16.5263671875,0.34281247756828026,2.497223228056442,559.0675045075354,88.10060663830315,279.55433193388495,256.91090645779013,178.2045725892679,234.7167365984044,138.16660913593444,159.08853182698863,195.21231016278318,31.483876091162244
19,1,0,4.266015625,-26.616471354166666,1.0256340685231673,2.4952113822667163,824.3075556341964,85.97734847348244,279.61250224197437,185.70441765810534,208.66274120787963,128.0915147888955,351.7779549380567,91.4394018879046,218.35692318932644,145.1239335699517
20,1,0,4.07265625,-20.348697916666666,0.6087727098942513,2.49348351176262,659.8917502848069,85.42943300476949,278.83299625960063,182.73010682072294,219.10922759133388,158.30518456941527,354.60149649595996,92.398793195941,205.4173412395241,148.49665790377043
21,1,0,3.8047526041666666,-15.761458333333334,0.3294855844359649,2.4674123533353,532.7005452430144,90.09179612268159,307.1630615429787,260.7306418124195,180.1035951672563,233.5563434414601,137.19440341618895,225.0166839735752,198.75777558868492,33.78172144307382
22,1,0,3.614973958333333,-17.296223958333332,0.533891047095733,2.443360410444697,632.6703396025828,90.24839608344817,163.5714646636972,147.8274099223604,216.2522949131401,254.26377805448413,283.73154196504413,340.5063167487153,207.85656106642034,204.36125978298773
23,1,0,3.6168619791666665,-17.338671875,0.5412784435883861,2.4366201534636818,635.9946680242766,90.24839608344817,163.5714646636972,147.8274099223604,216.25229491314013,254.26377805448413,283.73154196504413,340.5063167487153,207.85656106642034,204.36125978298773
24,1,0,3.7958984375,-26.749609375,1.3173513017617111,2.406886387470327,890.8039478804453,84.99901775289347,236.50390244081726,77.09246203960583,38.11305932800991,152.09847640147393,208.76543804671292,152.74374102008892,205.50929337325158,40.24305754218247
25,1,0,3.7966796875,-26.753190104166666,1.3173513017617107,2.406816506184905,890.8039478804452,85.42009925509547,236.50390244081726,77.09246203960585,38.11305932800991,152.09847640147393,208.76543804671292,152.74374102008892,205.50929337325155,40.24305754218247
26,1,0,3.8042317708333333,-15.378515625,0.33159803774847985,2.4039051108596103,532.7005452430144,90.09179612268159,308.24851123498627,260.7306418124195,180.1035951672563,233.49392830811217,137.19440341618895,159.08853182698863,198.75777558868492,33.78172144307382
27,1,0,3.8027994791666666,-26.936588541666666,1.3427035058003793,2.394036735141043,899.1358756116374,85.42009925509547,236.50390244081726,77.09246203960586,34.82277476839179,152.09847640147393,208.7654380467129,152.7437410200889,205.76279042934118,40.24305754218247
28,1,0,3.8456380208333334,-14.444140625,0.26001898125000955,2.365721692514985,500.47584600699514,90.15022212565184,308.24851123498627,260.73064181241955,180.1035951672563,233.42863509307705,137.19440341618895,159.08853182698863,198.75777558868492,33.914943219198044
29,1,0,4.724934895833333,-28.807421875,1.1505982740731493,2.3397774313189084,894.1751443815531,85.40958318391253,107.3694577576668,122.09046567023796,158.77317074291284,235.18524171515483,212.4545920555654,319.97028204807435,69.68006931825127,116.77162602619535
30,1,0,4.113151041666667,-14.617252604166667,0.24693362598523877,2.2926290632277984,515.6091712588727,91.05252647512245,296.8900367602854,355.3903612546659,322.96044401278186,252.50462176674048,328.9669826578037,56.66520995360105,115.25295360652291,47.53410077190074
31,1,0,4.80390625,-17.160872395833334,0.35734642113834864,2.1783530652305596,564.2918497754157,90.11800491481388,278.85749485815666,260.7306418124195,180.1035951672563,263.8608062276094,134.88048868231988,160.6478970143843,191.10417351952458,1.8114475644120986
32,1,0,5.076302083333333,-22.002018229166666,0.6727560366052665,2.1646643145344,691.7760839426611,88.02188601103903,284.1801384776956,302.236062750207,38.32414890857535,299.9876409721437,67.38164384494644,223.29127328652956,162.42440701872704,40.00498902380022
33,1,0,4.8099609375,-17.018033854166667,0.35606950659291126,2.160002334467302,563.7172382299689,90.09179612268159,278.85749485815666,260.7306418124195,180.1035951672563,263.8608062276094,135.39344119986788,159.1720195231627,191.10417351952455,1.8114475644120986
34,1,0,4.903450520833333,-16.857877604166667,0.340950832262662,2.12953172577598,559.0675045075354,90.09179612268159,278.85749485815666,260.7306418124195,180.1035951672563,234.7167365984044,135.39344119986788,159.08853182698863,198.75777558868492,31.483876091162244
35,1,0,5.017317708333334,-17.435286458333334,0.3936188030805258,2.079132405509102,580.8043998825401,90.09179612268159,278.85749485815666,312.44118021613286,207.12850869684843,260.5467379771718,142.4790409221086,61.96717046942593,218.35692318932644,114.03587806241498
36,1,0,5.461263020833333,-19.442838541666667,0.5180778911638604,1.9822032959974196,642.7464246875088,95.56297322868491,254.6934128004599,201.26001723966942,230.18420743072033,159.9092728862986,2.4335423153051465,230.5595006883173,96.57292953110209,23.647434238030804
37,1,0,5.462955729166667,-19.413346354166666,0.516800976618423,1.9803439330490806,642.171813142062,95.53676443655262,254.6934128004599,201.26001723966942,230.18420743072033,159.9092728862986,2.946494832853162,229.0836231970957,96.5729295311021,23.647434238030804
38,1,0,5.337760416666667,-19.432291666666668,0.5649198820901895,1.9592781461080693,659.8917502848069,85.21254913501365,152.83425988113305,185.28505784313413,113.72518206624608,88.57174072616893,354.6014964959599,91.76651371967614,118.52244903534162,147.5073271911143
39,1,0,4.9359375,-14.753059895833333,0.2971113828865991,1.916088284577819,515.6091712588727,91.05252647512245,296.8900367602854,355.3903612546659,322.96044401278186,227.14497927756253,338.3332000363331,56.66520995360105,115.25295360652291,47.53410077190074
40,1,0,5.859440104166667,-25.3875,0.9819529437266461,1.8674024707349752,857.5916356738039,84.23337705192752,142.4618360980866,173.3643081256917,106.05020221752378,90.3680398482057,216.46579043367174,38.7224768561876,195.20359326935989,89.06328079579785
41,1,0,5.965755208333333,-16.342122395833332,0.25897277199752056,1.8634764680631404,536.1087078580206,88.6209019440436,182.90234678733856,142.59708711802944,228.64509602288808,179.78166873779838,323.97673132559964,5.820210266071513,114.94883345640295,179.7466782953076
42,1,0,5.965625,-16.2689453125,0.25897277199752056,1.8551668337307785,536.1087078580206,88.00104943681316,182.90234678733856,142.59708711802944,228.64509602288805,179.78166873779838,323.97673132559964,5.820210266071513,114.94883345640295,204.41066977533666
43,1,0,6.86484375,-27.149088541666668,0.8707627878833453,1.8452126884435731,818.1441803361936,90.09179612268159,278.85749485815666,260.8773021977727,207.12850869684843,260.2868257151244,142.4790409221086,69.26540345541096,211.1508001971585,33.13700811306131
44,1,0,5.5798828125,-15.687955729166667,0.31295809057138224,1.8159225951037128,536.4733953008799,87.92605251426127,276.2694090448473,173.24431678889422,225.217287830153,179.78166873779838,332.3178627401821,5.820210266071513,203.22249740566855,278.9753776490507
45,1,0,6.8416015625,-23.114192708333334,0.6354736274309731,1.8023138193400814,712.4804969084937,90.09179612268159,278.85749485815666,256.97355943154395,207.12850869684843,261.7786925676174,148.6796360916839,64.7040095843832,220.2155880024253,114.03587806241498
46,1,0,7.129036458333333,-22.8359375,0.5942568030966167,1.7620632577754882,702.0868368845913,88.62652288800533,177.1944251271803,177.66081567839186,227.6907030188895,179.78166873779838,341.59939364654906,209.7589581768754,241.98859014888546,297.7820169364116
47,1,0,7.11875,-22.7021484375,0.5967358461009131,1.7512361572969837,702.0868368845913,88.62652288800533,177.19442512718027,172.97877111235687,227.6907030188895,179.78166873779838,331.77095883093114,169.72452393613207,241.98859014888546,297.7820169364116
48,1,0,6.596875,-17.421875,0.31662483925604706,1.741798325519652,559.0675045075357,90.09179612268159,278.85749485815666,284.4788120332301,207.67609010631514,234.7167365984044,135.39344119986788,61.96717046942593,218.35692318932644,31.483876091162237
49,1,0,7.275651041666666,-22.537630208333333,0.5942269724400886,1.7082676896492819,702.0868368845913,88.62652288800533,184.71332265955454,172.97877111235687,227.6907030188895,179.78166873779838,331.77095883093114,169.72452393613207,241.98859014888546,297.7820169364116
50,1,0,5.102799479166666,-12.753515625,0.22609203366961522,1.7044244180754264,500.38943860645395,91.05252647512245,296.8900367602854,329.49973419234635,322.96044401278186,227.14497927756253,330.7189333658773,130.6069070972232,120.3270950639284,82.77051222114545
51,1,0,7.3666015625,-22.615169270833334,0.5862290737727393,1.7040598721576,698.2436264752255,85.97734847348241,278.85749485815666,235.393265279219,221.71006752134466,234.71673659840434,156.6068767683475,52.00968418359375,236.66148801175893,87.3428634100479
52,1,0,7.354817708333333,-22.528580729166666,0.5942269724400884,1.6914014611519423,702.0868368845912,88.62652288800534,184.71332265955454,172.9787711123569,227.69070301888948,179.78166873779838,331.77095883093114,169.72452393613207,241.9885901488855,278.9753776490507
53,1,0,6.997526041666666,-17.216276041666667,0.2902288395140935,1.6684638806779697,559.0675045075354,85.97734847348241,278.85749485815666,235.39326527921904,207.6760901063152,234.71673659840434,135.39344119986782,61.96717046942595,218.35692318932644,31.483876091162244
54,1,0,7.3216796875,-28.1744140625,1.034937251053196,1.6637684163016107,897.6587923004191,89.94725455760495,210.38591546842642,260.73064181241955,226.84745478200682,265.8620286683622,137.46548554861243,159.17634708937672,237.85706507460918,38.004511702177965
55,1,0,6.322591145833333,-15.013020833333334,0.25149838038575745,1.6382229632328842,534.9905602224869,99.12404447245021,184.71332265955454,172.97877111235687,225.21728783015294,143.57104609830728,331.77095883093114,59.89586712556917,114.94883345640294,278.9753776490507
56,1,0,7.357747395833333,-19.565104166666668,0.5004715645208175,1.56014568419054,659.5270628419476,85.50442992732138,187.27690987430788,182.46456114418558,219.10922759133388,158.3051845694153,360,92.398793195941,117.14367729025851,148.49665790377043
57,1,0,7.3666015625,-20.615885416666668,0.586229073772739,1.5534132266190297,698.2436264752254,85.97734847348241,278.85749485815666,235.393265279219,221.71006752134466,234.71673659840434,156.6068767683475,52.009684183593755,236.66148801175896,31.483876091162244
58,1,0,7.359895833333334,-14.422200520833334,0.1590756179700494,1.4883973676964362,500.4758460069951,90.14777498080258,189.77633266646552,260.73064181241955,226.84745478200685,231.6602305367656,137.19440341618895,159.17634708937672,237.85706507460918,50.58098961120365
59,1,0,7.787760416666667,-18.924348958333333,0.458492611476344,1.4765171855468329,642.7464246875088,95.56297322868492,254.69341280045992,201.26001723966942,230.18420743072033,213.12942326479362,2.4335423153051465,230.5595006883173,96.57292953110209,23.64743423803081
60,1,0,8.0626953125,-16.565885416666667,0.284788157010164,1.4227406793140354,562.9107149169014,88.62652288800533,184.71332265955454,172.97877111235687,227.56963482151312,179.78166873779838,254.76570351335283,60.5567020587525,218.60988386904748,278.9753776490507
61,1,0,7.900390625,-15.084895833333333,0.23072738326976092,1.3771187275727972,534.9905602224869,99.12404447245021,184.71332265955454,172.97877111235687,225.21728783015294,162.39117710492368,331.77095883093114,59.89586712556917,114.94883345640294,278.9753776490507
62,1,0,9.1130859375,-15.877213541666666,0.2222176807027395,1.2845234178173992,536.1087078580205,88.00104943681316,184.71332265955456,172.9787711123569,225.21728783015297,179.78166873779838,331.77095883093114,5.820210266071513,114.94883345640294,278.9753776490507
63,1,0,8.874153645833333,-15.075,0.2245016106039294,1.2468036912993798,534.9905602224869,99.12404447245021,211.05216161625174,172.97877111235687,225.21728783015294,178.86002725359577,331.77095883093114,59.89586712556917,117.24838178078461,278.9753776490507
