point_id,feasible,selected,objective_rms_spot_um,objective_track_length_mm,objective_glass_volume_mm3,constraint_edge_thickness_mm,constraint_efl_mm,constraint_lost_rays,decision_0,decision_1,decision_2,decision_3,decision_4,decision_5,decision_6,decision_7,decision_8,decision_9,decision_10
0,1,1,36.82426296481065,61.41150394487666,620.2677707625829,-0.08513599907900615,-0.10140219796105043,0,0.03515535980606514,-0.01643796181543517,-0.05487213400592812,0.03146797023431902,0.0015456786146183787,-0.05871970485324507,1.5338485873185679,2.743590371280729,3.781005548157755,2.7428683081133807,2.921839386178381
1,1,0,37.61270397937488,61.28215333648271,620.2677707625814,-0.08513599907900615,-0.06968427984592296,0,0.03515535980606514,-0.01643796181543517,-0.05487213400592812,0.03146797023431902,0.001545678614618379,-0.05871970485324507,1.5338485873185679,2.743590371280729,3.781005548157755,2.8329315256673624,2.921839386178381
2,1,0,38.751328014779105,59.991872279376175,544.4513485010376,-0.24013860474638515,-0.5511696573587841,0,0.038580583397460254,-0.010580287027977902,-0.0543952046427685,0.03121902161679046,0.0013245756557145577,-0.06064247154709858,1.6593139942758128,2.6675604090994325,2.7672044607199346,3.113159571269188,2.2102824159861565
3,1,0,39.100247483940734,61.48818890651819,505.33293485386287,-0.2534257949879162,-0.06569030408505938,0,0.03715782318808582,-0.010981311584007215,-0.05457670404321501,0.03122890833830591,0.0012988811802488271,-0.06064247154709859,1.6593474168656606,1.9876454770705199,2.9410681462993766,3.1211915773262042,2.7769766002348906
4,1,0,39.67547106176778,59.68961787324588,452.79314559572487,-0.24778721816319638,-0.4131401873412486,0,0.03942747108509876,-0.009327995707763964,-0.05440042786074562,0.031218299781730515,0.001965318050992606,-0.0606311666101722,1.6621777604571468,2.128842266409183,2.1374912562362924,2.464566929775925,2.4298221015741226
5,1,0,39.67547106176798,59.68961787324589,452.79314559572464,-0.24778721816319638,-0.41314018734124147,0,0.03942747108509875,-0.009327995707763964,-0.054400427860745615,0.03121829978173051,0.001965318050992606,-0.06063116661017219,1.6621777604571468,2.128842266409183,2.1374912562362924,2.464566929775925,2.429822101574123
6,1,0,39.93471303501477,59.58614320879364,515.3178196512531,-0.23382779549327615,-0.3789139650345561,0,0.03798593887595242,-0.011922556049895405,-0.054379523278508424,0.03121829978173052,0.0012631386480164031,-0.06064247154709858,1.6621777604571468,2.135535848300554,2.9297641839379445,2.393949830507454,2.431673377032572
7,1,0,40.55100164349877,59.441229859627946,564.3783063103022,-0.23680331859254689,-0.5443533850049889,0,0.03770272461959196,-0.012008941559867346,-0.05437642569856808,0.03121829978173052,0.0012763824402512469,-0.06064247154709858,1.6625978362850695,2.947914885040902,2.7404638832253476,3.238153921626172,2.382115986928504
8,1,0,40.820697747069644,59.479634718769134,515.1379360626145,-0.23382779549327615,-0.33841448368595195,0,0.03798593887595242,-0.011922556049895405,-0.054379523278508424,0.03121829978173052,0.0012763824402512469,-0.06064279807156851,1.6621777604571468,2.1333304124427714,2.9297641839379445,2.4592977375766853,2.4298221015741226
9,1,0,41.26092968768455,59.35881698796249,551.2027294402267,-0.08751498716234196,-0.5664097315090828,0,0.037653546146938444,-0.012008941559867346,-0.054376425698568084,0.03121829978173052,0.0012763824402512469,-0.06064247154709858,1.5126779113835531,2.9297652209076612,2.740463883225348,3.3249044915963433,2.382115986928504
10,1,0,41.284336611538905,59.3500184530547,551.199321934961,-0.08751498716234196,-0.5573758317814068,0,0.037653546146938444,-0.012008941559867346,-0.054376425698568084,0.03121829978173052,0.0012833242226981615,-0.06064247154709858,1.5126779113835531,2.9297652209076617,2.740463883225348,3.3249044915963433,2.382115986928504
11,1,0,41.30708962474715,60.8437340795025,444.6361680542954,-0.12988857854177027,-0.10901027455285828,0,0.03648462684983532,-0.013416561705645931,-0.054888334388091264,0.03114409327311171,0.0014656916294090382,-0.05985410366371754,1.557701208344919,2.0703888120895,2.1925146777467566,2.316597461224949,2.8449025057567647
12,1,0,43.4162470416348,59.641913469875995,501.7320565197856,-0.22673250679900359,-0.9771544019722995,0,0.03774033066182986,-0.012514503001073598,-0.05510727139249146,0.031150090855862053,0.0014005557148590963,-0.06066618930373034,1.6593474168656606,1.9643340713560802,2.9296791162304903,2.2547298760895966,2.13562627596653
13,1,0,44.32200440461765,59.62438074958543,502.7916517857128,-0.24324458200267096,-0.9120321091789876,0,0.037728014802366296,-0.011990991887134908,-0.05437570307805449,0.03124673530231365,0.0014092513587666004,-0.060665952580709885,1.6691389377466979,1.9643340713560802,2.9342156178782273,2.2547298760895975,2.161448791347982
14,1,0,44.35217968555448,59.17069963571551,501.7371630719987,-0.22729805241773415,-0.3186196057693991,0,0.03770012342057767,-0.01251058359422565,-0.0543757030780545,0.031150090855862057,0.0014005557148590966,-0.06066618930373034,1.6593474168656606,1.9643340713560804,2.9342156178782273,1.9766563184178074,2.161448791347982
15,1,0,44.64065512318928,59.18997127929197,460.5580332061429,-0.3466528378232845,-0.5847704158866733,0,0.03942747108509875,-0.009327995707763964,-0.054400427860745615,0.03121829978173051,0.001965318050992606,-0.06063116661017219,1.761043380117235,2.128842266409183,2.1374912562362924,2.850241777202636,2.429822101574123
16,1,0,44.86792443168961,59.14318251286912,497.7735374965961,-0.22729805241773415,-0.36689782057886333,0,0.03770012342057767,-0.01251058359422565,-0.05437570307805449,0.031150090855862053,0.0014005557148590963,-0.06066618930373034,1.6593474168656606,1.9643340713560802,2.883749169646954,1.975341228183403,2.161448791347982
17,1,0,46.92776664442895,61.40862161733578,425.2869111993694,-0.07733648035297791,-0.2538989690911251,0,0.03715931825680459,-0.011301867997955257,-0.05470204978358133,0.03217950822082461,0.0013153108726264586,-0.060642238305433284,1.4872935950963906,1.150994638451862,2.92588140570792,3.2403195614888727,3.3339684866245385
18,1,0,47.66945572072456,59.0253495176087,453.2923978242336,-0.23382779549327615,-0.9136338695268478,0,0.03798593887595242,-0.011922556049895405,-0.054400427860745615,0.03121829978173052,0.0012832263583879835,-0.06064279807156851,1.6621777604571468,2.1333304124427714,2.142229392322572,2.4592977375766845,2.4298221015741226
19,1,0,48.893592612067934,58.80485292450538,501.7371630719979,-0.22729805241773415,-0.20136205887833825,0,0.03770012342057767,-0.01251058359422565,-0.05437570307805449,0.031150090855862053,0.0014005557148590968,-0.06066618930373034,1.6593474168656606,1.9643340713560806,2.9342156178782277,2.2524177950037023,2.161448791347982
20,1,0,48.93693079117607,58.80179843410879,501.7371630719987,-0.22729805241773415,-0.20038128740563366,0,0.03770012342057767,-0.01251058359422565,-0.05437570307805449,0.031150090855862053,0.0014005557148590966,-0.06066618930373034,1.6593474168656606,1.9643340713560804,2.9342156178782273,2.254729876089597,2.161448791347982
21,1,0,51.118821599106575,60.61153176590074,439.9135633856428,-0.14799938644042143,-0.5838802116168011,0,0.03507063532446597,-0.01341656170564593,-0.05395358423045424,0.03114409327311171,0.0014656916294090382,-0.0606344377163249,1.557701208344919,2.012457683095483,2.1925146777467566,2.316597461224949,2.85151594174373
22,1,0,51.433419390533786,58.403254742607174,554.9051726795765,-0.5081172347026592,-0.1319093573840675,0,0.03651189064587341,-0.015678695368178,-0.054882909064549415,0.031198849513191844,0.001973015336860249,-0.05984407609233182,2.0826646606010266,3.0607017865196013,2.0983695800308952,1.8031633648450351,1.9902901825146726
23,1,0,52.07787173006545,58.35449818038183,544.6195297208603,-0.03444307360050747,-0.9951577610756459,0,0.03770876013653862,-0.0127646616678149,-0.05437298021996835,0.031233815871727175,0.0012768550298212417,-0.06065057896951577,1.469788881292715,3.4086100470749123,2.225752006161153,3.113092325700375,1.785051563427384
24,1,0,53.11731706658013,58.31621136704253,543.6572390474795,-0.049943978912585285,-0.9702188868942656,0,0.03765745181744197,-0.0127646616678149,-0.05437636458634562,0.031233815871727175,0.0012768550298212417,-0.06065057896951577,1.4846308349761346,3.3811673682363943,2.2257520061611524,3.1811792461620003,1.785051563427384
25,1,0,53.37000596281648,57.17289674923357,581.7813271071324,-0.9486583800736701,-0.04563526214101188,0,0.042091560944054154,-0.012051901162618374,-0.05480915787326693,0.036275960646033015,0.0017262509162335505,-0.060152857232215945,2.431547438570866,2.400862834160569,2.7331321555083985,4.090856857576969,2.709108772506631
26,1,0,54.09155159227958,58.88135697104255,498.2544890777945,-0.2130056659779107,-0.600493341751509,0,0.03767306762341125,-0.011905074949667787,-0.05437962057440492,0.03123394985057554,0.0012597501801968431,-0.06064247154709858,1.6371174733739942,2.100979246321336,2.7699025576589023,3.232903113198684,2.447281283170616
27,1,0,56.77951810988693,57.3497795247638,566.6216438984763,-0.1558852028468316,-0.24342079220693336,0,0.041839227829347986,-0.010536752318111412,-0.05475805019484631,0.03541173551288694,0.001283879337459417,-0.060619381903214614,1.6165271211516683,2.854634557030213,2.8963780056266124,5.389905549960556,2.8970180936093604
28,1,0,57.42294785886266,58.24464648863514,534.5981150261966,-0.21096530263741964,-0.33656974747055557,0,0.0376352452794463,-0.011211989198732064,-0.053202853680230124,0.031396572099359366,0.0017397676447156196,-0.06083454639418612,1.6259060377509336,2.431097187233966,2.920021433442084,3.1099637909678868,1.854065958570795
29,1,0,58.42237217226944,60.044727773162535,440.7283221798338,-0.15249191259763673,-0.3765180143488607,0,0.03532085139976496,-0.012849025858651617,-0.05395358423045424,0.0311427708225046,0.001319847075305978,-0.06063427343398435,1.5582787821731472,2.0329559498728926,2.1789422714232165,3.3062868616857557,2.875954103456217
30,1,0,58.86018893889089,59.96968676027209,440.70406618714395,-0.15187357809025737,-0.4399492752236682,0,0.03532085139976496,-0.012898338849425709,-0.05395358423045424,0.0311427708225046,0.001319847075305978,-0.06063427343398435,1.5582787821731472,2.0329559498728926,2.1789422714232165,3.3062868616857557,2.875954103456217
31,1,0,59.89128065476,60.08372832070741,440.68721318294416,-0.15385289401517688,-0.3402109064965728,0,0.03507063532446597,-0.012949807792695594,-0.05395358423045424,0.03114409327311171,0.0014656916294090382,-0.06063427343398435,1.5577012083449189,2.0329559498728926,2.1789422714232165,3.3062868616857557,2.85151594174373
32,1,0,59.93419349130881,59.895045038039896,438.533952356522,-0.15187357809025737,-0.43119042168866883,0,0.03532085139976496,-0.012898338849425709,-0.05395358423045424,0.0311427708225046,0.001319847075305978,-0.06063427343398435,1.5582787821731472,2.0329559498728926,2.151311523965967,3.352268815799515,2.875954103456217
33,1,0,61.02875661747709,60.95131619967153,422.1604127789596,-0.2207944498886616,-0.7645418717905983,0,0.0335518267920433,-0.01544241339933804,-0.05395358423045424,0.03157582183923454,0.0014008142737556083,-0.06091266056356394,1.6365040691583521,1.209038337877053,2.69283741555011,1.2980998236243972,2.904638590435926
34,1,0,61.09802803239286,60.95784002789204,421.66676761354074,-0.22079444988866137,-0.7814643127865892,0,0.0335518267920433,-0.015442413399338037,-0.05395358423045424,0.03157582183923454,0.0013946332676777191,-0.06091266056356394,1.636504069158352,1.209038337877053,2.686513499040913,1.2980998236243977,2.9040161368351654
35,1,0,61.290077446554804,59.60718093357957,439.91356338564304,-0.14799938644042165,-0.8778867158212122,0,0.03507063532446597,-0.013416561705645931,-0.05395358423045424,0.03114409327311171,0.0014656916294090382,-0.0606344377163249,1.5577012083449193,2.012457683095483,2.1925146777467566,3.1135117463082285,2.85151594174373
36,1,0,61.63687848212805,60.01669137543151,437.7829838768159,-0.141456219337196,-0.2984953670245858,0,0.0335518267920433,-0.015530734763293638,-0.05395358423045424,0.031333019462052254,0.00143246605321701,-0.06091266056356394,1.5582748452470643,1.6849304819625073,2.496375253626575,1.9334381680306532,2.9036199210444824
37,1,0,62.40409733995868,60.16533067050776,437.068674102289,-0.22688087882328212,-0.3807618292771906,0,0.03715931825680459,-0.011301867997955259,-0.054703726418683506,0.0321956382379778,0.0013153108726264586,-0.06091100454351768,1.6368379935666948,1.1531093565550816,2.92588140570792,3.877377099406776,3.0482089922988553
38,1,0,62.404097339959094,60.16533067050776,437.06867410228875,-0.22688087882328234,-0.3807618292771906,0,0.03715931825680459,-0.011301867997955257,-0.0547037264186835,0.0321956382379778,0.0013153108726264586,-0.06091100454351768,1.636837993566695,1.1531093565550816,2.92588140570792,3.877377099406776,3.0482089922988553
39,1,0,65.1218352463234,59.92506739017471,414.3155746383468,-0.1414562193371962,-0.6484466752635569,0,0.0335518267920433,-0.015530734763293638,-0.05395358423045424,0.031333019462052254,0.0014020925622324014,-0.06091266056356394,1.5582748452470645,1.6849304819625073,2.19738908578578,1.9149703374121123,2.9036199210444824
40,1,0,65.12183524632343,59.9250673901747,414.3155746383468,-0.14145621933719643,-0.6484466752635427,0,0.0335518267920433,-0.015530734763293638,-0.05395358423045424,0.03133301946205225,0.0014020925622324014,-0.06091266056356394,1.5582748452470647,1.6849304819625073,2.1973890857857796,1.914970337412112,2.9036199210444824
41,1,0,66.61284082426785,56.71601945626463,665.2008150118634,-0.9213092149252218,-0.10819376410687198,0,0.041595464945846025,-0.012825654705916338,-0.054882718839581596,0.03634043308758797,0.0013883726702688772,-0.06020058899938617,2.428538930401489,3.6890864959852006,2.5090351125310515,5.0006386377550935,2.6010854723841783
42,1,0,67.93863236158471,59.472440451212044,414.9452562731303,-0.1407514580150384,-0.31023651475025105,0,0.03361337378782675,-0.015524265236313554,-0.05395358423045424,0.031149485654877962,0.0014166528647403874,-0.06092699776041795,1.5582748452470647,1.6175335950681493,2.2744992321207853,1.9592827400850616,2.858002362667011
43,1,0,68.27531658178835,56.75232156184606,528.2639540168868,-0.02061504095923561,-0.23332192722784129,0,0.037708760136538635,-0.01281094371194916,-0.05437298021996835,0.031233815871727175,0.0012768550298212417,-0.06092998822123835,1.4565411541150008,3.3032839769143223,2.1382018896156625,3.840752747991355,1.785051563427384
44,1,0,69.51481018811268,57.55487913912187,438.3397598174373,-0.12104364146814128,-0.4546436902301565,0,0.040606946522617274,-0.010590900159424793,-0.05477570356288047,0.03541456775689325,0.0014673395669263724,-0.0612252187219636,1.5664514213058598,1.8368436311320941,2.3283651245507713,4.8845356705284,2.7118830112108068
45,1,0,69.59478807567062,60.92579120975595,408.9749478244259,-0.14146008482785066,-0.40274220662899296,0,0.0335518267920433,-0.015530734763293638,-0.05394073667814968,0.0321727932582164,0.0014020925622324014,-0.06091266056356394,1.558278710737719,1.5663405468223277,2.242743904190371,1.9149703374121128,2.9036199210444824
46,1,0,69.5947880756718,60.92579120975594,408.9749478244258,-0.14146008482785066,-0.40274220662900007,0,0.0335518267920433,-0.015530734763293638,-0.05394073667814967,0.0321727932582164,0.0014020925622324014,-0.06091266056356394,1.558278710737719,1.5663405468223277,2.242743904190371,1.9149703374121125,2.9036199210444824
47,1,0,70.78250444845582,57.30411677164787,436.75565128064744,-0.12121738596540133,-0.6963445739205483,0,0.040593478064036306,-0.010590900159424797,-0.05439076087935536,0.035258697715597725,0.0014631057597653029,-0.06094851494387246,1.5664514213058593,1.7427150249804675,2.403886254521587,4.8845356705284,2.7118830112108068
48,1,0,72.1865527449334,55.85454727866261,444.6524210211329,-0.09710211200855334,-0.24375275073747815,0,0.042590075789142465,-0.010590900159424797,-0.05488200079834407,0.03625974524412392,0.0014631057597653033,-0.06094851494387246,1.568133633662995,1.8447846021572234,2.403886254521587,4.8845356705284,2.7118830112108068
49,1,0,72.30527018701706,57.2673364239023,430.90129511506905,-0.11946547383207196,-0.6132712257667379,0,0.040606946522617274,-0.010716884807636863,-0.054807666755547026,0.03541456775689325,0.0014673395669263724,-0.0612252187219636,1.5664514213058593,1.7427150249804675,2.3283651245507713,4.910354670944161,2.7118830112108068
50,1,0,74.43010963611226,59.59786561578023,406.5564007305185,-0.14149084399867462,-0.1654872399244809,0,0.03354911882289903,-0.015530734763293638,-0.05395358423045424,0.03133301946205225,0.0014020925622324014,-0.06091266056356394,1.5582748886995461,1.0906720715226241,2.692837415550109,1.9149703374121128,2.9036199210444824
51,1,0,76.57569359724566,60.27786685542848,375.51929650959113,-0.14260526686173636,-0.5284400553919184,0,0.03348679363722676,-0.01549276159277985,-0.053806558758213115,0.031149485654877962,0.0013899510943847172,-0.06016740864646711,1.558116625263487,1.085396931059702,2.2996160790697187,1.9149703374121128,2.9036199210444824
52,1,0,77.200616302717,60.260511873223834,372.8755076424594,-0.14260526686173658,-0.4937523975409377,0,0.03348679363722676,-0.015492761592779849,-0.05380655875821311,0.031149485654877962,0.001389951094384717,-0.06016740864646711,1.5581166252634873,1.085396931059702,2.2659543137340856,1.9149703374121128,2.9036199210444824
53,1,0,79.81711163347144,59.25406806117811,428.7201389359143,-0.1182253880748092,-0.9195192072562008,0,0.034925187805570926,-0.016236714334155147,-0.05399788919018027,0.03114218246156726,0.0013031791654562063,-0.05900474670105675,1.561464594735078,1.1445979618334832,2.918883747187639,2.006230169904157,2.4429629275974243
54,1,0,80.51990087912591,60.10393918028973,363.1475913125837,-0.1423123446695842,-0.39065563918062196,0,0.03348679363722676,-0.015524265236313554,-0.05394342365388633,0.031152519579314294,0.001402357807579325,-0.06022333214526237,1.5582192834366704,1.0790963131572617,2.1480268311141835,2.0067946801625096,2.9036199210444824
55,1,0,80.94858913981824,59.39286228680019,390.44666886039414,-0.42697655850584604,-0.7495382421291623,0,0.03348679363722676,-0.015524265236313554,-0.053966174620332395,0.031152519579314294,0.0012911733477006465,-0.06091336822305475,1.8428834972729322,1.1456947061037726,2.1480268311141835,2.0067946801625096,2.902901494197887
56,1,0,81.38370469468116,59.107612603235495,427.3419150485988,-0.1182253880748092,-0.770857608254147,0,0.034925187805570926,-0.016236714334155144,-0.05395358423045424,0.03114218246156726,0.00137246302224808,-0.059004746701056765,1.561464594735078,1.1151978728263714,2.931456229896262,1.9856123569225186,2.4429629275974243
57,1,0,82.77822286792512,59.20924976175726,372.72666112405136,-0.14236790647997855,-0.4354541686195219,0,0.03348679363722676,-0.015524265236313554,-0.05395358423045424,0.031149485654877962,0.0014020925622324014,-0.060926997760417934,1.5582748452470647,1.0790963131572617,2.2744992321207853,1.9149703374121128,2.9036199210444824
58,1,0,83.77532902847017,59.03393925724588,416.8274248576014,-0.11822538807480965,-0.9091981536001583,0,0.034925187805570926,-0.016236714334155144,-0.05395358423045424,0.03114218246156726,0.00137246302224808,-0.059004746701056765,1.5614645947350785,1.1347840177283834,2.777995437955164,1.9856123569225181,2.4429629275974243
59,1,0,84.85004024409189,55.483021990415075,595.6555601003377,-0.46449167033403893,-0.3468904878636607,0,0.04164076820923458,-0.0127646616678149,-0.05491275649111181,0.03634043308758797,0.0017465485015379957,-0.060456392628076935,1.950488913111354,3.058592457094983,2.735728260724019,4.786170176762292,1.687640506102075
60,1,0,85.07125834436245,58.90239895711767,426.3104957209634,-0.07889563283477896,-0.7506145758079299,0,0.03414297293972704,-0.012067911598791987,-0.051754545134316765,0.031247676873213392,0.0012823562830244488,-0.06158031231103735,1.4598249238205188,1.9628642343245195,2.171101697903201,3.3743544767051903,2.3699541029723337
61,1,0,85.6250795653607,55.229270526753126,596.0872409428448,-0.24288296691578215,-0.237134748365456,0,0.04125270752314358,-0.012760742260966955,-0.0543912440165262,0.03590562145390444,0.0013050065816450798,-0.060456392628076935,1.7238182570866898,3.395671850475247,2.6317026222411855,5.14324000967099,1.713463021483527
62,1,0,87.60602171966732,55.3497440784616,582.4361624049465,-0.9351919871670031,-0.7143324013405348,0,0.042091560944054154,-0.012014856455634222,-0.054201531199334595,0.036275960646033015,0.0013041301338489702,-0.060122946305599785,2.4176167257972634,2.421414448493966,2.735728260724019,4.748693428947733,1.687640506102075
63,1,0,88.1200267266052,56.067160426977125,430.88476588574656,-0.11946547383207196,-0.8954356294914732,0,0.040606946522617274,-0.010716884807636863,-0.05480766675554703,0.03541456775689325,0.001501012736831192,-0.0612252187219636,1.5664514213058593,1.7427150249804675,2.3283651245507713,5.674001392712372,2.7118830112108068
64,1,0,90.71561114956327,54.86964844665492,598.4102952780688,-0.4995660479696429,-0.06580905381135693,0,0.04164076820923458,-0.0127646616678149,-0.05491275649111181,0.03634043308758797,0.0017465485015379957,-0.060456392628076935,1.985563290746958,3.058592457094983,2.735728260724019,5.14324000967099,1.687640506102075
65,1,0,91.29746892534823,54.97460805783866,573.9304543164258,-0.18732551273780973,-0.21806206031969566,0,0.04164065787274751,-0.012756195711839783,-0.05491275649111181,0.03634043308758797,0.0016493697639704346,-0.060456392628076935,1.6732151811497982,3.058592457094983,2.735728260724019,5.14324000967099,1.687640506102075
66,1,0,91.43045864475842,54.87937372368933,573.8827515514024,-0.1873255127378095,-0.10771834322542873,0,0.04164065787274751,-0.012756195711839783,-0.05491275649111181,0.03634043308758797,0.0017465485015379957,-0.060456392628076935,1.673215181149798,3.058592457094983,2.735728260724019,5.14324000967099,1.687640506102075
67,1,0,92.53099508157632,54.45553322784392,670.4334596401668,-1.069807873145639,-0.14791443087975154,0,0.04209156094405417,-0.012079862302490418,-0.05491275649111181,0.03634043308758797,0.001753148359223178,-0.06061920274226114,2.5530474028735526,3.395671850475247,2.747893106520327,5.513836369593389,1.3782270261195024
68,1,0,92.65648799142733,54.449495700751704,667.8113493213148,-1.0364221276594343,-0.1489939973748733,0,0.04209156094405417,-0.012079862302490418,-0.05491275649111181,0.03634043308758797,0.001753148359223178,-0.06061920274226114,2.519661657387348,3.395671850475247,2.747893106520327,5.517762051709541,1.3782270261195024
69,1,0,92.71957331450412,54.457307809340804,662.1526290266104,-0.9643730631413072,-0.16129679058371238,0,0.04209156094405417,-0.012079862302490418,-0.05491275649111181,0.03634043308758797,0.001753148359223178,-0.06061920274226114,2.4476125928692207,3.395671850475247,2.747893106520327,5.513836369593389,1.3782270261195024
70,1,0,93.53481287990823,54.70817193399248,604.4160465179698,-0.23762723287541454,-0.03258138208435213,0,0.04165576466778277,-0.0127646616678149,-0.055120926842261594,0.036329378387189575,0.001753148359223178,-0.060458246685850994,1.7238182570866902,3.395671850475247,2.735728260724019,5.512551039035592,1.687640506102075
71,1,0,93.71766298123349,58.67377832154206,426.32961855324606,-0.12065369371519874,-0.7685384126918038,0,0.034929095519328185,-0.016039419154247638,-0.05395358423045424,0.03114914799244813,0.00137246302224808,-0.059004746701056765,1.561464594735078,1.1010525587364883,2.931456229896262,2.476860923342504,2.4454715305686916
72,1,0,95.4414174923999,54.650800459432496,586.8698993606408,-0.9892620775311689,-0.2621853342146494,0,0.04205520989101248,-0.012014856455634222,-0.0548880735310089,0.036275960646033015,0.0017530231967369753,-0.06041354400447573,2.4712167679310175,2.4242852056075708,2.735728260724019,5.142689144793135,1.687640506102075
73,1,0,95.93194752586008,54.85673399156176,586.7608570338084,-0.9887920293007573,-0.5353893519727109,0,0.042091560944054154,-0.012014856455634222,-0.05488807353100889,0.036275960646033015,0.001753148359223178,-0.06015166799539622,2.4712167679310175,2.421414448493966,2.735728260724019,5.142689144793134,1.687640506102075
74,1,0,98.25496417210991,54.76711472336291,579.254150397633,-0.9887920293007573,-0.5180073981061923,0,0.042091560944054154,-0.012014856455634222,-0.0548880735310089,0.036275960646033015,0.001753148359223178,-0.06015166799539623,2.4712167679310175,2.3258360910949185,2.735728260724019,5.142689144793134,1.687640506102075
75,1,0,100.38224388716553,58.899764142409204,408.57432544064284,-0.15648235843679026,-0.1391489394828085,0,0.03344681326886273,-0.014440847612042822,-0.05395358423045424,0.031142182461567275,0.0013267604749829624,-0.06059448742262977,1.5582787821731467,1.56423045516624,2.2361395769399603,4.308995871290794,2.7301836074257553
76,1,0,100.45314488776557,54.90364366553901,491.39954501791607,-0.20350279058189558,-0.6658413521422446,0,0.044430588546892316,-0.011058299930601985,-0.05487426379207069,0.038536138710307116,0.001295470517156078,-0.06026841966732731,1.7042464923036333,1.774158177412339,2.9283751112752388,5.0362092149054565,1.6494462733836457
77,1,0,102.89134645492463,58.595724170305196,346.0040936977269,-0.015275944147806753,-0.2872709068352819,0,0.034925187805570926,-0.016236714334155147,-0.05398202949555589,0.03114353235641769,0.0013387598307275264,-0.05901736526394995,1.4585151508080756,1.1347840177283834,1.9788729742577766,1.9856123569225188,2.436400951758116
78,1,0,103.45561090072206,58.50511661954139,345.97369402068597,-0.015275944147806975,-0.3775807216914089,0,0.034925187805570926,-0.016236714334155147,-0.05398202949555589,0.03114353235641769,0.0014006899816650519,-0.05901736526394995,1.4585151508080758,1.1347840177283834,1.9788729742577769,1.9856123569225186,2.436400951758116
79,1,0,103.45561090072283,58.505116619541404,345.9736940206859,-0.015275944147806753,-0.37758072169138046,0,0.034925187805570926,-0.016236714334155147,-0.05398202949555589,0.03114353235641769,0.0014006899816650519,-0.05901736526394995,1.4585151508080756,1.1347840177283834,1.9788729742577766,1.9856123569225188,2.4364009517581158
80,1,0,104.4620259873185,54.13291003568216,627.9138172067483,-1.1422295998502772,-0.12292124289847095,0,0.042091560944054154,-0.012014856455634222,-0.05480915787326693,0.036275960646033015,0.0016937299321045098,-0.060152857232215945,2.9979377314333817,2.421414448493966,2.7331321555083985,5.5519603853830795,1.687640506102075
81,1,0,104.5076263020103,55.27005988918388,475.4994609398059,-0.20782074767515213,-0.042818472852445666,0,0.04409789556997402,-0.011058299930601985,-0.05487426379207069,0.038536138710307116,0.001295470517156078,-0.06026841966732731,1.7042464923036333,1.774158177412339,2.723797148739427,5.0362092149054565,1.6494462733836457
82,1,0,106.551721696669,57.89886852164383,408.74817189110155,-0.14290188625145128,-0.8790602795834772,0,0.03344681326886273,-0.015522708936222054,-0.05340485139343576,0.03217927831123511,0.0013267604749829624,-0.06075028628151827,1.5582787821731467,1.5642304551662398,2.2431494879802827,4.088639812548021,2.7301836074257553
83,1,0,107.09326042730845,57.127448684810496,398.15098607945555,-0.19571474343651651,-0.36249014748160846,0,0.03526699226460449,-0.015539788065024387,-0.05401395720892018,0.03119949104473707,0.0012737323817842545,-0.05988994172066828,1.6345747471236873,1.4344940852212995,2.1695994077295513,2.933974768167398,2.4445885197222994
84,1,0,107.366439885181,54.08767006408596,586.51629052041,-0.9887920293007573,-0.12592176062357652,0,0.042091560944054154,-0.012014856455634222,-0.05480915787326693,0.036275960646033015,0.001752724232181296,-0.060152857232215945,2.4712167679310175,2.421414448493966,2.7331321555083985,5.5519603853830795,1.687640506102075
85,1,0,108.87643320882565,53.99411687557241,578.0427144211683,-0.9887920293007573,-0.1825953712928623,0,0.042091560944054154,-0.012014856455634222,-0.05480915787326693,0.036275960646033015,0.001752724232181296,-0.060152857232215945,2.4712167679310175,2.421414448493966,2.625243233759622,5.5519603853830795,1.6876405061020747
86,1,0,109.74021800838294,56.462112054211424,426.0607163399408,-0.025024494284423104,-0.0680023626817885,0,0.03506777692466101,-0.015960567328771415,-0.05437585647697894,0.031455498952723385,0.0016420936150473892,-0.060141984425383474,1.4666193657657898,1.993685644232364,2.135078103554987,3.4158622062587596,2.215364526080397
87,1,0,110.92176045458403,53.91288851302818,666.5003568280998,-0.9415831448372447,-0.11143485400616271,0,0.04165576466778277,-0.012825654705916338,-0.054912058644036976,0.03634043308758797,0.0017503976070699502,-0.06020058899938617,2.428538930401489,3.2489921556722194,2.968133022449514,5.782002433762287,1.1697891391945303
88,1,0,111.03603704814095,57.46831265480162,396.25900973048476,-0.37099325004705874,-0.8426719065032984,0,0.0350565301354966,-0.015468533342636578,-0.05487055396204765,0.031199078430812682,0.001967222117933162,-0.05988994172066828,1.8598122634627914,1.3899710272292087,1.9617881451327657,2.9599190947023795,2.3038661533710574
89,1,0,113.72023831665753,55.105881467657696,475.865533811174,-0.035934107362336265,-0.20117763714789305,0,0.04283148526549452,-0.011044515412680984,-0.0532785044660181,0.03866103423458156,0.0012763824402512469,-0.06064180207213421,1.5157732124608736,1.759684392976793,2.9350987148877437,5.206081993592211,1.3847638932250144
90,1,0,114.76269051636449,54.05826930070451,467.10647406767947,-0.10232464010231879,-0.8926457712724059,0,0.04397969475775334,-0.011169821585348589,-0.05476605751980981,0.038215277749787106,0.0012789484146063237,-0.060266557839494916,1.598614136788325,1.775499148193081,2.7237971487394264,5.471514001321647,1.6524168345873083
91,1,0,114.839242873883,56.47993356163154,388.74482784984883,-0.19833110861030723,-0.2621014209763217,0,0.0350565301354966,-0.015539788065024387,-0.05400871254766704,0.031199078430812682,0.001967222117933162,-0.05988994172066828,1.6344977354664523,1.6822495378709592,1.8051929283905928,2.933974768167398,2.27627703137508
92,1,0,118.62827072791069,57.34741842757886,376.4076489753347,-0.171784979958731,-0.6056989002485551,0,0.0350565301354966,-0.015468533342636578,-0.05487055396204765,0.031199078430812682,0.001967222117933162,-0.05988994172066828,1.607056888160184,1.3899710272292087,1.961788145132766,2.9599190947023795,2.146568260788724
93,1,0,118.72973546445873,57.182294947437825,376.345891478448,-0.171784979958731,-0.7849492549898187,0,0.0350565301354966,-0.015468533342636578,-0.05487055396204765,0.031199078430812682,0.0018791305361467083,-0.06009411618008578,1.607056888160184,1.3899710272292087,1.9617881451327657,2.9599190947023795,2.146568260788724
94,1,0,119.27481655750552,56.063442142312525,422.48813771864604,-0.11740599183963707,-0.34076426421938066,0,0.03771175041754736,-0.011274576548379343,-0.05161467243601052,0.03118642146203865,0.001662042976719509,-0.060611615579185915,1.5341134680893593,1.7954956422929875,2.2305300793193235,2.2068783252110205,1.291142007932501
95,1,0,120.55937538465956,56.81830045112649,377.14847741683985,-0.14858248418734354,-0.9918862092994658,0,0.03592801321752882,-0.015582232344439007,-0.0543963885765406,0.03247358027499922,0.0012794437105375736,-0.060170303367782854,1.5964398820628594,1.2341611505525636,2.1364431366701613,3.28075310234406,2.2637221101327185
96,1,0,120.55937538466046,56.81830045112651,377.14847741683786,-0.14858248418734354,-0.9918862092994516,0,0.03592801321752882,-0.015582232344439007,-0.054396388576540604,0.03247358027499922,0.0012794437105375738,-0.060170303367782854,1.5964398820628594,1.2341611505525636,2.136443136670161,3.2807531023440606,2.2637221101327185
97,1,0,122.53162658076933,57.24632732300794,364.10868941272196,-0.171784979958731,-0.4683759199209234,0,0.0350565301354966,-0.015468533342636578,-0.05487055396204765,0.031199078430812682,0.001967222117933162,-0.05988994172066828,1.607056888160184,1.3899710272292087,1.8051929283905925,2.9599190947023795,2.146568260788724
98,1,0,123.12675427528323,56.174967385694245,361.04464444580117,-0.10410268934638789,-0.3682106637241205,0,0.03574458881825634,-0.01600368575911073,-0.05515018982489276,0.031162310282202198,0.0013103729490661165,-0.060250190667467354,1.5549034875217345,1.4027801020425628,1.8099179422947795,2.913614363375228,2.278138924430963
99,1,0,123.57853339065527,55.88323160198376,415.24889959886985,-0.2718457604131832,-0.23483432836594886,0,0.035091779831992694,-0.01563532528257748,-0.05514319503059065,0.0312334535572098,0.0014598935560280906,-0.06093227694889719,1.7096631230524761,1.8298562746438467,1.916777907007336,3.8346699044950294,2.1465501801642057
100,1,0,123.86999432751512,53.679255738355884,472.19887237275157,-0.49518229365215016,-0.11620554794230031,0,0.04209156094405417,-0.011960484642901541,-0.05491275649111181,0.03544892200030892,0.001668687773967712,-0.06027033903974182,1.976925547840441,1.8611488398177176,2.3366388782396403,4.9130010670182065,1.683168608010714
101,1,0,130.3017250686599,55.94687107715101,382.31492714600563,-0.11862580992240823,-0.1342098978190407,0,0.03523547663504692,-0.015622068888743047,-0.054841723679545956,0.0312766160273176,0.0013056842599062906,-0.06088959848008778,1.5581156609044569,1.2895471410920267,2.1905774106373608,3.30608807958232,2.098797486938164
102,1,0,132.30670002826042,56.00582482329006,366.1599591579338,-0.17481593601611278,-0.42676909432624655,0,0.03523569413586752,-0.01600368575911073,-0.05476037693607182,0.03116072690796675,0.0012713836062344661,-0.060250190667467354,1.619101264450843,1.4027801020425628,1.8099179422947795,3.289357702590357,2.2781389244309636
103,1,0,132.91078496755648,55.478469067166884,384.266618324212,-0.21148576473034653,-0.17116397036617315,0,0.03770219283346071,-0.011238331459161262,-0.05436530623545269,0.03121827640200639,0.001362682038143314,-0.06111986635251421,1.6276163460144217,1.1500560523598837,2.2789653893999597,5.045908622794961,2.436465997686799
104,1,0,133.1370683390015,57.17445976879131,339.9965795004948,-0.17340451249757405,-0.3529953337333538,0,0.03492994998489661,-0.015468533342636578,-0.05487055396204765,0.031199078430812682,0.0019526618154251762,-0.05988994172066828,1.607056888160184,1.0820716582074097,1.8051929283905928,2.9599190947023795,2.1921858191661956
105,1,0,134.80065937901335,55.81532466251012,367.1204560024359,-0.11862580992240823,-0.2940535616667148,0,0.03523547663504692,-0.015622068888743047,-0.054841723679545956,0.0312766160273176,0.0013056842599062906,-0.06088959848008778,1.5581156609044569,1.289547141092027,1.997115395424063,3.3060880795823206,2.098797486938164
106,1,0,137.12454883588785,56.74585497320531,351.2615384770564,-0.13190883870781467,-0.7592032435196003,0,0.03419091818094845,-0.015628228928875686,-0.054736987159497354,0.031237466089488596,0.00127108760385036,-0.06060133861253475,1.558116423695664,1.1560700868672027,1.9209018369004935,3.929297595483742,2.407901555208918
107,1,0,137.58226187043587,56.81574287935799,348.76227232785055,-0.13190883870781467,-0.6646908187967853,0,0.03419091818094845,-0.015628228928875686,-0.05482596831088102,0.031235891041644384,0.00127108760385036,-0.06060133861253475,1.558116423695664,1.1236803994441398,1.9209018369004935,3.9292975954837424,2.4103508777514513
108,1,0,154.94931833984225,55.076028631053425,418.0101136678451,-0.41962863734661204,-0.15165913399931696,0,0.03506818598103603,-0.0156339508138486,-0.05514319503059065,0.03237600653029903,0.0012798354100591646,-0.06091956322093747,1.857126832535573,1.28258686608089,2.3431408732338395,5.461107831744836,2.4209503726077957
109,1,0,157.22215353158865,54.63321121078527,439.5659922283645,-0.14978071007863725,-0.170599025469933,0,0.03592801321752882,-0.015582232344439007,-0.054757230829065,0.03247358027499922,0.0012785247781608778,-0.060170303367782854,1.597638107954153,1.9363678596072669,2.2254136574732764,5.493992834563457,2.156331489190035
110,1,0,157.2594120126109,54.86557873616414,403.4143471920989,-0.1482861137221294,-0.4322074386425996,0,0.03592801321752882,-0.015582232344439007,-0.05482206566310729,0.03247200522715501,0.0012785247781608778,-0.0602305849334909,1.5961435115976452,1.5177575696275174,2.1852051632576828,5.024195261607661,2.147773657261891
111,1,0,158.31549015963432,54.59802464903413,433.1105813701655,-0.1497086188119543,-0.20588093957189102,0,0.03592801321752882,-0.015582232344439007,-0.054757230829065,0.03247358027499922,0.0012785247781608778,-0.060170303367782854,1.5975660166874701,1.8944556012678273,2.1852051632576828,5.467242350621254,2.156331489190035
112,1,0,158.75330865931787,54.564074419768204,436.36057649433195,-0.22906837630099486,-0.17811625211692217,0,0.03592801321752882,-0.015582232960706717,-0.05474064460045763,0.03246978047175847,0.0012785247781608778,-0.060170303367782854,1.6769257819151098,1.856607865865493,2.1852051632576828,5.4672423506212535,2.159342659424948
113,1,0,159.36999658799667,55.258140561642215,362.90266430247596,-0.12612761097263614,-0.2436625092601119,0,0.03382222986560826,-0.015958634405242443,-0.053968334434358806,0.031231851685497563,0.0014020631645646027,-0.06090090425848239,1.5517736765063797,1.1156154937339693,2.1234598754525473,3.9754380228950956,1.9883840154482262
114,1,0,163.9122687688246,54.42983032645361,419.78080243146206,-0.1497086188119543,-0.17871770819890997,0,0.03592801321752882,-0.015582232344439007,-0.054757230829065,0.03247358027499922,0.0012819280026874218,-0.060170303367782854,1.5975660166874701,1.7247568545343752,2.1852051632576828,5.4672423506212535,2.156331489190035
115,1,0,166.48198684652326,55.16255046110674,362.90266430247596,-0.12612761097263658,-0.5178426179145958,0,0.03382222986560826,-0.015958634405242443,-0.053968334434358806,0.03123185168549756,0.0014020631645646027,-0.06090090425848238,1.55177367650638,1.1156154937339693,2.1234598754525473,3.975438022895096,1.789048116564457
116,1,0,166.48198684652334,55.16255046110673,362.90266430247596,-0.12612761097263636,-0.5178426179145958,0,0.03382222986560826,-0.015958634405242443,-0.053968334434358806,0.03123185168549756,0.0014020631645646027,-0.06090090425848239,1.5517736765063799,1.1156154937339693,2.1234598754525473,3.975438022895096,1.789048116564457
117,1,0,168.03913717761154,54.340978895752954,419.047468042458,-0.1497580120360984,-0.03411997176681325,0,0.03592978498991524,-0.015582232344439007,-0.05475685537222589,0.03247358027499922,0.0013009239963876072,-0.060170303367782854,1.597638107954153,1.5571877039830007,2.3434975373402653,5.485803501479889,2.145717065480601
118,1,0,168.03913717761253,54.340978895752954,419.0474680424578,-0.1497580120360984,-0.03411997176681325,0,0.03592978498991524,-0.015582232344439008,-0.05475685537222588,0.03247358027499922,0.0013009239963876072,-0.060170303367782854,1.597638107954153,1.5571877039830007,2.3434975373402653,5.485803501479889,2.145717065480601
119,1,0,170.7656974959584,54.143676993523115,405.913614384317,-0.14828611372212963,-0.05922552140864212,0,0.03592801321752882,-0.015582232344439007,-0.05473308451172363,0.03247358027499922,0.0012785247781608778,-0.060230584933490906,1.5961435115976454,1.55014725705058,2.1852051632576828,5.484997721744645,2.1453243347193576
120,1,0,171.1291642081521,53.660371289961155,454.9691721271705,-0.5519049573845509,-0.10720382406381646,0,0.03373404296590621,-0.014051531094233516,-0.05154230317481123,0.03118642146203865,0.0016710515393846609,-0.060611615579185915,1.95248448622409,1.7954956422929875,2.218370182467339,6.02836151528377,1.2911420079325011
121,1,0,171.37769235946095,53.640832510612,454.8628471981805,-0.5515250556029232,-0.0769621314329001,0,0.03373404296590621,-0.014081810432675538,-0.05154230317481123,0.03118642146203865,0.0016710515393846609,-0.06061228505415028,1.95248448622409,1.7943359688529656,2.218370182467339,6.005121431739627,1.2911420079325011
122,1,0,177.59762935876304,54.675436345396356,365.0061071115959,-0.17528658903187,-0.8036289409610688,0,0.03523816538742951,-0.016009236636437316,-0.05436502114223947,0.03115632094467319,0.0016706475338191143,-0.06022910109429219,1.6196732674692944,1.3925197704391898,1.8099179422947795,3.251744232796142,1.3329610329772872
123,1,0,178.37185805752813,54.66502568844578,371.5364201059769,-0.14251427423592822,-0.06255683932525358,0,0.03346503738485131,-0.015535046107818022,-0.053973185255999104,0.03114218246156726,0.0013872367604472599,-0.06058928183769759,1.5582787821731463,1.0872810573885663,2.248697726536707,5.8602062838116,2.41092579803263
124,1,0,178.5110526011997,54.59565219022118,402.33492933986025,-0.055218667635165586,-0.7173924326733641,0,0.03373404296590621,-0.014029958904368683,-0.05171749812352272,0.03118642146203865,0.0016526110190040362,-0.060611615579185915,1.4555275432406365,1.1656141381335114,2.673665216051453,4.916754829079275,1.1167958733845982
125,1,0,178.6288679919015,54.501480688405294,364.9109424839208,-0.17809323172442482,-0.5654523933764963,0,0.03501884270213229,-0.016009236636437316,-0.05436502114223947,0.031156320944673188,0.0020872750688587976,-0.06022910109429219,1.6196732674692944,1.3925197704391898,1.8099179422947795,3.251744232796142,1.3329610329772876
126,1,0,180.44567454224628,53.456941016554964,408.08594245882506,-0.33995564162442693,-0.2629308386804112,0,0.03373404296590621,-0.014051531094233516,-0.05154230317481123,0.03118642146203865,0.0016710515393846609,-0.060611615579185915,1.9524844862240904,1.4801964300040056,1.9367335747699368,5.776442470352169,1.383364009356512
127,1,0,180.61080058814392,53.957079351400125,381.2511764808359,-0.1497086188119543,-0.11587839963871005,0,0.03592801321752882,-0.015582232344439007,-0.054757230829065,0.03247358027499922,0.0012785247781608778,-0.060170303367782854,1.5975660166874701,1.2341611505525636,2.1852051632576828,5.4672423506212535,2.156331489190035
128,1,0,184.2104451666466,53.82887151725948,396.534726321728,-0.08558451246302634,-0.2471022596412169,0,0.03434893902986726,-0.01596017845288239,-0.053407395483604,0.0312779462899135,0.001311149829301272,-0.061055212439505464,1.517980825860402,1.7175415390318398,1.9906838051100506,3.9755384491731154,1.0526671777800374
129,1,0,189.03160085443844,52.291663197614206,534.1049306332441,-0.7069082035687255,-0.07461455322152233,0,0.03648521776354818,-0.0160100273488725,-0.05523188804527026,0.03583841875521397,0.001569024560463973,-0.06136642704241055,2.167279262869757,2.0304297389463244,2.7568714846232503,7.456917242729048,1.3186139626833544
130,1,0,191.0351860333746,53.27248372573439,432.1491838661289,-0.040983557611686594,-0.6559653015289726,0,0.0342100143328602,-0.01594700377577518,-0.054376556230826975,0.032434182754426354,0.001277802827778447,-0.06158031231103735,1.471438616033368,1.9369577092578965,2.259933756681581,6.0791270064031195,1.044997396940436
131,1,0,192.35258461521764,52.184710995887684,534.9549618067821,-0.7069082035687326,-0.18663806871509792,0,0.03648521776354818,-0.016010027348872496,-0.055231888045270267,0.03583841875521397,0.001569024560463973,-0.06136642704241055,2.167279262869757,2.0304297389463244,2.767694417667311,7.456917242729048,1.1757739550164659
132,1,0,192.51267770904158,52.17491940419657,534.1049306332441,-0.7069082035687255,-0.19155323867004626,0,0.03648521776354818,-0.0160100273488725,-0.055231888045270267,0.03583841875521397,0.001569024560463973,-0.06136642704241055,2.167279262869757,2.0304297389463244,2.7568714846232503,7.456917242729048,1.1757739550164659
133,1,0,194.39648111403017,53.91914091783876,383.2602282314248,-0.25912586414430216,-0.733967107999753,0,0.0350565301354966,-0.015341632485340493,-0.054871257224360946,0.03131005499230025,0.001967222117933162,-0.05988994172066828,1.6928044181471935,1.389971027229209,1.9617881451327657,5.443009694854847,1.6980060676972457
134,1,0,194.6590958115207,52.470895821412995,462.7002692786818,-0.5061398732185352,-0.6303626686510313,0,0.03655013283746221,-0.014683354616043328,-0.054790764720490756,0.035871283738209914,0.0016710277903339678,-0.06061164794031908,1.9506861907505857,1.8112168375540776,2.2739667150833887,8.396507630032271,1.6247206727029173
135,1,1,195.68624620702693,54.309335094848265,336.06339200607874,-0.17528658903187,-0.7793442745247177,0,0.03523816538742951,-0.016009236636437316,-0.05436502114223947,0.031156320944673188,0.0016706475338191143,-0.06022910109429219,1.6196732674692944,1.0240096763957092,1.8099179422947795,3.251744232796142,1.3329610329772872
136,1,0,199.2691360980725,52.112165753879786,466.0138638128554,-0.4947944881333637,-0.5581786927783412,0,0.03655013283746221,-0.015587083961608392,-0.054790764720490756,0.035871283738209914,0.0016710277903339678,-0.06061164794031908,1.9506861907505855,1.8112168375540776,2.3218210824402306,7.792338060849687,1.6247206727029173
137,1,0,204.72402922119662,51.51025504943145,466.5938163378258,-0.4947944881333639,-0.9323100090905285,0,0.03655013283746221,-0.015587083961608392,-0.053488417965212365,0.03836236146732511,0.0016710277903339678,-0.06061266365757888,1.9506861907505857,1.8112168375540776,2.3218210824402297,8.718587590674952,1.5876834158224378
138,1,0,214.77974283197221,52.448165254886135,420.4574971953686,-0.17710376129826755,-0.09525465660738774,0,0.03523816538742951,-0.01601080671288689,-0.05436502114223947,0.03227786207153967,0.0014099336808017793,-0.06022910109429219,1.6215101605204696,1.6995096248547066,2.198401629974068,6.203400885738535,1.291872368133836
139,1,0,214.77974283197418,52.448165254886135,420.45749719536747,-0.17710376129826755,-0.09525465660738774,0,0.03523816538742951,-0.01601080671288689,-0.05436502114223947,0.03227786207153967,0.0014099336808017795,-0.06022910109429219,1.6215101605204696,1.6995096248547066,2.198401629974068,6.203400885738535,1.291872368133836
140,1,0,216.5329532820636,51.204087898222085,466.0138638128555,-0.4947944881333639,-0.0699916326979988,0,0.03655013283746221,-0.015587083961608392,-0.054790764720490756,0.035871283738209914,0.0016710277903339678,-0.06061164794031908,1.9506861907505857,1.8112168375540776,2.3218210824402306,8.396507630032271,1.6247206727029173
141,1,0,216.62303328723263,53.533207210226266,367.86661049918933,-0.06313297689156805,-0.6497437210932091,0,0.0350565301354966,-0.015341632485340491,-0.05486460332107956,0.031308471302557005,0.0019594609707606864,-0.05988994172066828,1.4968115308944594,1.3899710272292092,1.9617881451327657,5.443009694854847,1.170570962635464
142,1,0,217.1049999514527,51.15925618028869,462.25539058959464,-0.4947944881333639,-0.08742852423935688,0,0.03655013283746221,-0.015587083961608392,-0.054790764720490756,0.035871283738209914,0.0016710277903339678,-0.06061164794031908,1.9506861907505857,1.8112168375540776,2.2739667150833887,8.396507630032271,1.6247206727029173
143,1,0,230.34906666137533,50.92472426980584,438.67707365034886,-0.14482361933161503,-0.1712353632365975,0,0.03653707192261933,-0.015582330177554171,-0.05475812915345754,0.035871283738209914,0.001313526090096499,-0.06061164794031908,1.6004881610951822,1.8112168375540776,2.3218210824402297,8.715052771805142,1.6356544090035507
144,1,1,251.37777788955336,49.458431348318385,404.2622292700756,-0.1696423803878544,-0.6591938442607415,0,0.03651630162611438,-0.015587083961608392,-0.054348723123172744,0.03836236146732511,0.0016706647665923437,-0.06061266365757888,1.6251003068398595,1.4076179823397195,2.2515766123583623,10,1.3331001727844585
