niche_id,grid_x,grid_y,selected,quality,descriptor_flow_rate_m2_s,descriptor_low_velocity_fraction,visits,exposure,maximum_receptor,fan_power,final_mass_fraction,clearance_time,decision_inlet_y,decision_inlet_width,decision_outlet_y,decision_outlet_width,decision_inlet_velocity,decision_baffle_x,decision_baffle_y,decision_baffle_length,decision_baffle_angle
19,19,0,1,1.1431243917081717,2.0250000000000004,0.027586206896551724,95,0.5704050408477067,0.5075703048842579,0.9904891304347828,0.24167274466275895,1,0.29673376609394553,0.45,0.3664460873093897,0.3962056821558659,1.5,0.6109417595177361,0.674509193045982,0.6128473721673339,-1.0168194384482883
18,18,0,0,1.1432952850267972,1.9166392297872719,0.03233256351039261,83,0.5955914865029696,0.5084510576631572,0.8398384433728684,0.2510211620353508,1,0.29935432934612916,0.45,0.37801567394558944,0.38300998620682136,1.4197327628053864,0.6020751454092492,0.6395268727314896,0.640504664809183,-0.8846029412901523
39,19,1,0,1.1661708292937434,1.9910497106505751,0.07226107226107226,52,0.5812455483000184,0.507820293650735,0.9738830106443032,0.27247706407899364,1,0.30033533956622666,0.4424554912556834,0.2845994031061471,0.2957978909494209,1.5,0.8,0.5073599789905413,0.5093036231546448,-0.1191465502582364
16,16,0,0,1.1786679805072187,1.7193570566972487,0.03935185185185185,105,0.6111247903652288,0.5106202199058832,0.6062794635121693,0.3819543749732288,1,0.3038689309953387,0.45,0.29270192316777327,0.42255504692852897,1.2735978197757398,0.6153950549137296,0.6160688978172849,0.627041097792012,-1.2413030133572962
37,17,1,0,1.1841111804729574,1.8136977136288064,0.052873563218390804,74,0.6299779710061109,0.5070750562513081,0.7537460584411275,0.29969293930593416,1,0.2744972549193591,0.43725487550507075,0.3036105912789504,0.3624958411361211,1.3826395962871876,0.608261873573572,0.6335941385273155,0.6327032120478986,-0.8016586262426348
58,18,2,0,1.1890625468653233,1.8779295941560177,0.10904872389791183,57,0.5856677608952782,0.5090298023613671,0.8671207760006133,0.350911459178478,1,0.3176025883206482,0.4295156499106473,0.12847341987433608,0.35484978956330526,1.4574009853088288,0.8,0.42092278567758956,0.4433507668158429,-0.24804210053049003
38,18,1,0,1.1907107723216934,1.8923971009990805,0.08584686774941995,45,0.5742169803045147,0.508052012100146,0.9183555042999154,0.3575933702142449,1,0.31300531726529607,0.42219474546112423,0.33351325344356153,0.36368216967706,1.4940949418434772,0.7999172773827896,0.4947223468805059,0.4281858432657196,0.18980636228533748
59,19,2,0,1.1953233556913625,2.0250000000000004,0.10023310023310024,43,0.5772266315267891,0.5083461895547023,0.9904891304347828,0.3316516066005309,1,0.3145315021863162,0.45,0.12,0.34459682264351343,1.5,0.8,0.45005334985118045,0.5313508574793238,-0.29435550781098263
57,17,2,0,1.196369852776375,1.7768125750278019,0.10772833723653395,62,0.6012249445652786,0.5095904190865428,0.6691130325581585,0.4130541843123869,1,0.3232905995588352,0.45,0.2615258118526622,0.33144477102892916,1.3161574629835568,0.7887250944230553,0.464933511592469,0.521882318245851,0.05228701585565663
17,17,0,0,1.1987274574495834,1.7404092866821022,0.03926096997690531,87,0.6036275362485684,0.5079221399464052,0.6288235633776024,0.43074827710458385,1,0.2814060785975528,0.45,0.35423415177871437,0.4140084828416307,1.2891920642089645,0.5869262466042217,0.6652248818447958,0.603930593909485,-1.2347630381804329
36,16,1,0,1.2121288716952723,1.7343354635500892,0.08083140877598152,54,0.6630890375564437,0.5115962503634113,0.6222629522961751,0.3375782369957761,1,0.34493508817499163,0.45,0.28124277661758623,0.3670861194426208,1.2846929359630288,0.7926026380862335,0.4840088406366388,0.42018430063897216,-0.061506073635060526
56,16,2,0,1.2218757068972537,1.7116607109668525,0.10328638497652583,76,0.6475292375379857,0.5139024682161901,0.5981742002426423,0.3955207904052887,1,0.38419882109386794,0.45,0.28511447809637724,0.30297084437271166,1.267896822938409,0.8,0.46770141904697304,0.5274969291280751,0.0019604267061091654
15,15,0,0,1.2236625246152997,1.5889539546522335,0.04895104895104895,93,0.6734157288169441,0.508404280367372,0.5389683797618263,0.3765019593246086,1,0.26869790545668343,0.424018840818897,0.2145210808717919,0.4312861673476053,1.2491221314470573,0.7972539635266436,0.5802378646811309,0.5055860290587272,0.19767879625098567
34,14,1,0,1.2355920237820088,1.5152851502126654,0.09579439252336448,95,0.6564514176219999,0.5108183715178117,0.4763841336777196,0.4569091873311182,1,0.3109606840474984,0.42001300316916396,0.17834474228662098,0.40822546445727315,1.2025700305936886,0.7987086663970988,0.4887625087795694,0.5143551646099888,0.14207704357207598
35,15,1,0,1.2393412774521735,1.612548976850214,0.06775700934579439,94,0.6695171795356418,0.5087363681927863,0.5188522087200216,0.423370944152268,1,0.2798480498133942,0.441822028818427,0.2375446368468958,0.45,1.216590143896238,0.8,0.5640631974212608,0.5297999676021649,0.21374720322374913
55,15,2,0,1.2405912934793328,1.633027476072224,0.1186046511627907,66,0.6690398423957049,0.51437486870851,0.5194635833622155,0.4209426001138598,1,0.3916996100090675,0.45,0.1401667214506092,0.31313684493349747,1.2096499822757214,0.8,0.4344600255657171,0.49663900984910414,-0.08180981244760073
79,19,3,0,1.2448013233085418,1.940129642903975,0.15456674473067916,54,0.5645794989752363,0.508397235878111,0.8710977360196533,0.5036073183806385,1,0.27216498250884513,0.45,0.12,0.24967071759482606,1.4371330688177593,0.8,0.38143210185364224,0.506126207211912,-0.020511374531894958
53,13,2,0,1.2511001128701098,1.4078717818656583,0.11214953271028037,71,0.7005246691644913,0.5132855002850147,0.38443189420032564,0.434092629446092,1,0.35400315633828044,0.41873067796357866,0.15836472069703078,0.29100482373456177,1.120745669358476,0.8,0.4406863267346826,0.5555295282127428,-0.16515182146700325
54,14,2,0,1.2554344088162037,1.5075917371229646,0.1056338028169014,70,0.6900470534766961,0.5131978366796849,0.4087199878633297,0.45408887885399873,1,0.35911361012139226,0.45,0.24064970395725385,0.23893178067972132,1.1167346200910848,0.8,0.46424303512787474,0.5635660235678557,0.027207932288073944
78,18,3,0,1.2646120345109333,1.8948405621876865,0.1531322505800464,60,0.5767893001843145,0.5091554857603515,0.9268241880265857,0.49576030768225204,1,0.301541779120172,0.4210756804861525,0.12,0.26290052672904807,1.5,0.8,0.3813811382188905,0.49928704503913457,-0.08349601448103187
117,17,5,0,1.2663451463617905,1.7393286382056226,0.2641509433962264,91,0.6504025981015865,0.2975017892986662,0.8414001909532896,0.5978232308404257,1,0.25340783959300517,0.38866103055597,0.5657762030329206,0.33643200360397707,1.4917271533651109,0.35090429941454676,0.23791465574779994,0.6151122398896535,0.47320539372406206
77,17,3,0,1.2682332778844405,1.8216069533926535,0.15058823529411763,74,0.5828341075694632,0.5097126830532183,0.7210056325826655,0.5726834045436701,1,0.2999807556643461,0.45,0.14582084171265297,0.277225028144325,1.3493384839945581,0.7625847342853895,0.41494057223620995,0.5293737462513631,-0.22541236648816843
14,14,0,0,1.2691786883574558,1.505230169700892,0.04398148148148148,89,0.7021345267482036,0.5087390557640071,0.4617774638375416,0.4406382819194805,1,0.27309839169078004,0.4223649139261309,0.305778956812899,0.4339074014396859,1.1879381391704549,0.8,0.5864779008642218,0.4723156780909417,0.1302440393639621
33,13,1,0,1.2715492934565418,1.4276723681810228,0.09302325581395349,87,0.7014896783160655,0.5121420271295226,0.4836648019450737,0.43451128237340014,1,0.3335228173500573,0.3812153844696633,0.18477427491773618,0.30085859518371033,1.2483514799795419,0.8,0.490794841663445,0.5838675821693601,-0.12930105242447004
75,15,3,0,1.2766843967915946,1.577957844368372,0.19523809523809524,51,0.6677085612841824,0.24268250844877515,0.5980705277198739,0.7360409514780998,1,0.33520049984850164,0.39835174488623293,0.39905144325934994,0.4445045929394806,1.320405784272413,0.37862537812762787,0.3123516315740141,0.6423856434762534,0.6945606492288736
119,19,5,0,1.2811647014843088,1.988293049889584,0.25471698113207547,81,0.6415326493515396,0.29594945529159455,0.9375961484214751,0.6082761896053538,1,0.28684235335920216,0.45,0.7023031417784191,0.32972518653030775,1.4728096665848769,0.33561303364866546,0.2111873573974664,0.578758531103491,0.45067509961331087
116,16,5,0,1.2823633912378183,1.6614319612884976,0.27488151658767773,69,0.6592771105763412,0.3019303697504326,0.662257102181843,0.6793393506997845,1,0.2526047183061675,0.40898780482804886,0.6439614211543965,0.45,1.3541006534306608,0.34646271945121404,0.2486976914991547,0.6012734219779006,0.5489501944309317
99,19,4,0,1.283388722571811,1.9322094859974512,0.2358490566037736,48,0.6469016367839513,0.2966857284824425,0.896803968895864,0.6175668555349313,1,0.2728135444999347,0.44079065990454247,0.7066873630478384,0.33021492751146536,1.4611694104527913,0.3197254927716281,0.20076266882780192,0.551249329317851,0.47236775404238945
135,15,6,0,1.2868452300355322,1.5668958178255772,0.30071599045346065,100,0.6764812362840111,0.30083165751387325,0.5743048831384133,0.6901743767338036,1,0.30457045477233496,0.4022432426424519,0.6960150638927906,0.3305304558035494,1.2984645870263198,0.35723450029210957,0.23167396046773064,0.6255573236256139,0.45394412809292967
118,18,5,0,1.2901176485868104,1.8776846101755527,0.27315914489311166,71,0.65178295867346,0.2996571542113701,0.9184326897597813,0.6096391497114181,1,0.2421168247676803,0.4172632467056783,0.6318903470047933,0.42249300339091933,1.5,0.33778747612110316,0.24584344977702616,0.6154674565440729,0.4940159937942907
98,18,4,0,1.291935806204079,1.868301055873163,0.2364066193853428,56,0.662564226153076,0.2996365651483325,0.8420337309588439,0.6222931025701361,1,0.28848189016018666,0.4325191827337578,0.6670781894038952,0.3437350447693042,1.4398598801749312,0.3471364377107679,0.23291750372653622,0.5782287266729529,0.5399181418414192
97,17,4,0,1.2947243855051889,1.7711967967415991,0.21904761904761905,71,0.6723613548112385,0.3017584029515829,0.7976621640382298,0.6239027928210259,1,0.2892958271543979,0.41019518709057223,0.6336241395270303,0.4229904730399503,1.4393121880214503,0.368509801747664,0.27292564452297535,0.6299283504552661,0.5394735003669211
115,15,5,0,1.2985431596257884,1.5620380833395098,0.29523809523809524,87,0.6944486152896014,0.2999305628866834,0.5008774310360155,0.7079075533712844,1,0.3117286145253349,0.4287178092459137,0.6599216607673342,0.32195135422938154,1.214503689569161,0.33972488970399395,0.2222362934371562,0.6457527004321187,0.40425964274421605
74,14,3,0,1.2988526219842933,1.4955326888997382,0.17249417249417248,74,0.6179207859716259,0.5097118251126559,0.5109610949668079,0.6477674089259555,1,0.24424619143639958,0.39764889297731687,0.24242722411982007,0.28778488389661555,1.2536458798298462,0.7866130677447041,0.3647147620994812,0.5284862183172999,0.30699402087303584
76,16,3,0,1.3018537944453223,1.6503192164546054,0.16355140186915887,50,0.6087293024099555,0.5125379383344567,0.6350156604951258,0.6197047815382266,1,0.3488980142020312,0.41348479744704164,0.12299420822418916,0.21408889740528309,1.3304150693843226,0.8,0.3578848579348713,0.5412765800552127,0.2939102463884959
93,13,4,0,1.3023884771734537,1.4130765313075828,0.24641148325358853,71,0.7082985646391013,0.23759527018376841,0.3365671165905878,0.8159577082487013,1,0.28484864270341126,0.45,0.49921388131959715,0.4057093955283245,1.0467233565241354,0.38137710859740714,0.327996244144136,0.65,0.7139015512798886
133,13,6,0,1.3051269943500523,1.3684317031246616,0.31516587677725116,88,0.708236848693481,0.23887895756196664,0.30566380338738425,0.8326358123962224,1,0.3146901940113994,0.45,0.5625622476072671,0.42362687661434156,1.0136531134256752,0.3989465475124974,0.3564198389618345,0.6143447387062345,0.7362978870494634
32,12,1,0,1.309818380846571,1.3040436303294267,0.0979020979020979,88,0.7292641665047866,0.513730683375042,0.2930048566192331,0.5301758026608335,1,0.35299260114004977,0.4275634799871327,0.21330504524227079,0.28103053970737313,1.0166471891446165,0.8,0.4778273324885138,0.48673378447455573,0.12322342136703265
136,16,6,0,1.31074414152466,1.6383642229114757,0.30260047281323876,84,0.6881336206248265,0.3003348149112495,0.5865786134838902,0.7102547814948613,1,0.29213399762421133,0.4255517694172892,0.7564142184851862,0.3460804214622784,1.2833254303817514,0.3485200213486084,0.21731770304696288,0.6033835943653406,0.42869673945467546
134,14,6,0,1.3124130133936938,1.4926745983875955,0.3080568720379147,90,0.7051593795448529,0.30119853871390245,0.4277719801885941,0.7421999369083415,1,0.3184421728712298,0.4333525692892888,0.8321664736485028,0.42134248332135915,1.1481602619283928,0.3687111071162861,0.23070041698023697,0.5860021428818213,0.4128147843889243
137,17,6,0,1.312774352677727,1.7963293388064936,0.3182897862232779,90,0.6738492921425338,0.29811999520941035,0.8786393505031761,0.6282743856597054,1,0.33101085711774303,0.39918429751255413,0.8022932019883182,0.43055398681662393,1.5,0.3331788215608972,0.2301797226181807,0.6149987631473378,0.3470555194901795
96,16,4,0,1.3143032956867629,1.721959822591046,0.24285714285714285,67,0.6887120736774225,0.29781059792918035,0.8057295623290651,0.6310800211578742,1,0.28611822878874527,0.39123680307170905,0.798106167035677,0.4401769341021589,1.4671079075992342,0.287021740681939,0.17087265651683345,0.65,0.2629767656956678
114,14,5,0,1.3144039706441764,1.4677065970043919,0.284688995215311,95,0.6835980637403405,0.27870454063314654,0.403445350164617,0.8215291331086783,1,0.33927755049066377,0.4350772167731009,0.4759416220760643,0.3747610962776823,1.1244797784710037,0.3842830466741513,0.2989043602129856,0.65,0.6459904511433127
51,11,2,0,1.3164916790056012,1.2403890028971487,0.11832946635730858,82,0.734268031055457,0.5141823057579511,0.2496160277741384,0.5504185790326819,1,0.3512988385142128,0.4297347326755772,0.22229358013146663,0.2871038536756158,0.9621354047680731,0.8,0.42667227221547865,0.4733946648085112,0.09420402643313495
155,15,7,0,1.3178558682863635,1.6170847425341388,0.35714285714285715,76,0.6938291967918685,0.30131242889594834,0.5563584476297492,0.7241975350411418,1,0.3506971253298943,0.42847121925708087,0.8550500661637415,0.3151492291143419,1.2580267315176774,0.36515755229001245,0.26086888142076764,0.6410476971577501,0.4141492862793111
112,12,5,0,1.319433524711421,1.2616916387430532,0.290167865707434,72,0.6955123197233096,0.24254947134828833,0.25505949570983805,0.9032691403439992,1,0.30780799059373914,0.4361229274310663,0.435731013063659,0.3886350138333364,0.9643241690096475,0.386958835370342,0.36043841510385993,0.6394391644916909,0.7644221746984269
52,12,2,0,1.3220603716231039,1.317145745785593,0.11448598130841121,95,0.7279991293919621,0.5142423947126895,0.2725687935009608,0.5648525723492096,1,0.3452590916448944,0.45,0.22222471111929865,0.28731438216897265,0.9756635153967356,0.8,0.47535748403484657,0.5085283393511164,0.24942910688071268
132,12,6,0,1.3235048974878718,1.2895703915959496,0.3054892601431981,79,0.6737982124901161,0.27891036409180836,0.37076656192161517,0.8721963811350573,1,0.22419200590113283,0.3737809206248544,0.403990720385578,0.4345131050816515,1.1500233786145442,0.3966313205693841,0.31743833839304314,0.65,0.6552401840002171
95,15,4,0,1.323781764328755,1.5645742448203568,0.22565320665083136,71,0.6606192800370742,0.253495734630218,0.6145128878068921,0.8270240788303869,1,0.20317159120699368,0.38799720487251327,0.30501686295126756,0.45,1.344145632298596,0.39915714860118223,0.3470017188642804,0.6235685798174836,0.7103671502768356
150,10,7,0,1.3238944151325025,1.1079290667565689,0.38902147971360385,88,0.719785595546309,0.24099364168816187,0.180920730985286,0.8948557050901105,1,0.26829444947214365,0.42611183539704117,0.6363436561316232,0.41220941330217425,0.8666966233752744,0.3885499849788611,0.32610796140424736,0.65,0.6492443582729929
113,13,5,0,1.3267099345159008,1.425428689525145,0.27078384798099764,77,0.6808153839790588,0.30610474796788395,0.5676490977553318,0.758624714003667,1,0.31749463983993076,0.35105737155130046,0.48880520774275144,0.44529276264267864,1.3534622401140732,0.3799318305981284,0.2854612811246262,0.616618241460688,0.5829522354613649
73,13,3,0,1.3275330026357424,1.4217342677797977,0.18181818181818182,53,0.6806213061171723,0.5119296805037603,0.375910971414867,0.631529323967433,1,0.24112329073354313,0.4297194148449549,0.22254518298568765,0.31164657407411345,1.102839216059753,0.8,0.34066683077822,0.49296914096703054,0.18800126763025693
94,14,4,0,1.3280375981240538,1.5153821996534882,0.22327790973871733,79,0.6635970483300027,0.2526855188789113,0.570678087949536,0.8479243455293767,1,0.2159248863144558,0.38378456380455656,0.33276852672375673,0.4341732534473396,1.316174352811474,0.3949128309831135,0.3535047599661172,0.6082514898462968,0.7337033460650109
111,11,5,0,1.3300176301601698,1.2471647134264479,0.2620192307692308,76,0.6865330721276807,0.24457995468348362,0.35627339095348654,0.8998798050001,1,0.31029791799443435,0.3626551571794372,0.41051400476712036,0.3568072191763656,1.1463274764253675,0.3978891334901692,0.36833935398648215,0.6351023502939692,0.7667446500403948
130,10,6,0,1.3316196924840686,1.1437336059382068,0.334916864608076,95,0.6941222366926971,0.24377539150664437,0.2565107444249443,0.928615222306121,1,0.2845017561239927,0.37534822974924725,0.4917591569078956,0.385702402987056,1.0157088940246966,0.40485841764753855,0.3605143160392431,0.6111284620902484,0.7065299362729125
138,18,6,0,1.3318818720017698,1.8551297179502368,0.3404761904761905,62,0.6935168750462227,0.3002355055588406,0.7615483457711182,0.6718751500438063,1,0.44134324839412736,0.45,0.7702878560811165,0.2902820243808246,1.3741701614446198,0.3699110916358966,0.2741591846546437,0.6345227306619244,0.42792291933525856
148,8,7,0,1.3322472510634076,0.9603191294730827,0.3761904761904762,84,0.7057302011670054,0.24455030937194203,0.1677509422993813,0.9413834135011101,1,0.2674745604764469,0.35710071136401755,0.5544065087761331,0.4208353920150643,0.8964036371373143,0.37327262964409025,0.3123786372858615,0.6385940542712615,0.6780802608031357
222,2,11,0,1.3323893481457054,0.29132857084857444,0.5605700712589073,76,0.7570938503098469,0.24513167441869121,0.003958268625659979,0.9038760138027621,1,0.446919904735344,0.38843809446476596,0.6134179835682639,0.4224972300863765,0.25,0.371444483212133,0.3225384731217245,0.6336422125705593,0.7159762621206206
221,1,11,0,1.3360775271451408,0.27467179407730263,0.5700712589073634,90,0.7652741320250676,0.24401711486208813,0.0037319537238763947,0.896096893888508,1,0.3581137932093677,0.3662290587697368,0.6561387418579203,0.4098891782798654,0.25,0.4086714781099326,0.35649281790670745,0.65,0.7153657760695281
154,14,7,0,1.33736889063577,1.5164268590296952,0.35391923990498814,71,0.7135947159625377,0.3017667505135693,0.4452572998120436,0.767678678908078,1,0.3911335058083378,0.43493715305301495,0.857346144800902,0.2827327622604022,1.1621808257317399,0.3664968176757796,0.253157686176123,0.5943670128894442,0.4237268213832466
71,11,3,0,1.3390033968697643,1.1598860954514048,0.18899521531100477,59,0.7179289749945803,0.2429143811947704,0.20118610361349432,0.9187600211101997,1,0.2774974798460412,0.4328364763844652,0.6728677794225135,0.40578029406526744,0.8932442610044266,0.41340151119209223,0.37930014357477576,0.6492733019081515,0.6361784667624717
72,12,3,0,1.339121550007249,1.2708295044907671,0.16706443914081145,69,0.6868547665687939,0.2457234831569542,0.3226643059689614,0.9297443613323716,1,0.22271697272889135,0.39197223079573396,0.510679259563474,0.43042966385936476,1.0807138913139203,0.4136221584987891,0.39121126856648514,0.6337890808988154,0.7463850911594532
201,1,10,0,1.3393460839022695,0.19312350788322324,0.5298329355608592,113,0.7554148307767453,0.2456615003256741,0.002623960704935099,0.9211514216434004,1,0.3116185032158049,0.2574980105109643,0.4854927338593854,0.39227787545023374,0.25,0.35768682948705455,0.3020430788407212,0.6424344140745848,0.7494868537830878
166,6,8,0,1.3398169136413647,0.7537943489004699,0.41866028708133973,77,0.7210010763203318,0.24534323849036474,0.08428515821281936,0.9585743728665733,1,0.3103454502029174,0.3503511861393055,0.5499180747540147,0.36039635083355775,0.7171797696352489,0.38318678493177283,0.3320534954788054,0.65,0.7336233608120474
149,9,7,0,1.3398660385892813,1.0005955967469333,0.3747016706443914,92,0.7050869004364256,0.24356430440785026,0.2332173921968235,0.9327070150191317,1,0.2983595121386889,0.3221122512244098,0.552901968813375,0.45,1.035452281974663,0.3785388890671574,0.3096764632838022,0.6251194308813425,0.6575228424450295
241,1,12,0,1.34078699172214,0.2444663438391228,0.6199524940617577,105,0.7646842371751081,0.24381719076376135,0.0033215535847706903,0.9070596968963938,1,0.408068828857691,0.3259551251188304,0.6647247672445671,0.410670652089414,0.25,0.38562051699186617,0.3510232352154471,0.6216894951905806,0.722006827877362
261,1,13,0,1.340883300140013,0.19546739975299499,0.6634844868735084,111,0.7589561515536478,0.24430148418348746,0.003122304643633507,0.9183038911317892,1,0.33446902087406893,0.24036636485099738,0.594225406966938,0.3781905761342808,0.27106870779551434,0.392512485120311,0.3485199819580442,0.65,0.7273272721040653
202,2,10,0,1.3411945710625404,0.36930903836161055,0.5023696682464455,67,0.763325542867181,0.24510622219980924,0.006602578615833166,0.9079908027445762,1,0.333808161813443,0.42926743544043505,0.7770916468336233,0.4317122048128274,0.28677463656402896,0.3667868262750575,0.32595805657715127,0.6076314992068841,0.74210787905135
139,19,6,0,1.3421097733562177,2.0250000000000004,0.3033175355450237,39,0.6727449661777652,0.2970394176897167,0.9904891304347828,0.6454945444932753,1,0.39456272753882027,0.45,0.8550219900044436,0.33522219846585993,1.5,0.38868499975272025,0.2422069910341217,0.5701951101142961,0.39363157002929106
171,11,8,0,1.3421656695540114,1.1837247467678764,0.4033412887828162,67,0.728870089155454,0.24032959218050293,0.197845789575854,0.9071232527862704,1,0.26488985573979146,0.45,0.6427051062938113,0.45,0.8768331457539825,0.4076459159467971,0.36538442714584685,0.65,0.6500989282330305
181,1,9,0,1.3421714428161022,0.23996782546643106,0.45714285714285713,92,0.7565920320944156,0.24910162978968944,0.0032604324112286832,0.9207530186891923,1,0.346167554724199,0.3199571006219081,0.3799975325491457,0.3139987387271063,0.25,0.3716723522287913,0.3198189221342431,0.65,0.7060570894932905
170,10,8,0,1.3427603814918987,1.0788176712915563,0.40617577197149646,69,0.7348050931464544,0.240635774578324,0.1569712887579856,0.9124862866093704,1,0.2761855148696556,0.43955355312106087,0.6607357949067043,0.40354228132927267,0.8181162178695366,0.4035933689797137,0.3531179235767225,0.6253014145485989,0.7119626486473024
183,3,9,0,1.3433373388254104,0.3906311916189918,0.49148418491484186,53,0.7496131062889839,0.24512549704513387,0.017331589643841194,0.9353903321701826,1,0.32009317692063305,0.2882245754848563,0.6010002744710661,0.34293886638460824,0.4517671575620797,0.38978739553597475,0.35179421539307465,0.6438116955836731,0.7876601245517975
151,11,7,0,1.3434270556581884,1.1776603913594177,0.35629453681710216,78,0.7029443449197481,0.24414738714409553,0.2685400404703781,0.929402018144634,1,0.3181201786145304,0.3832881629771016,0.46635315484375656,0.3888432313505291,1.0241731984035325,0.3932197021946897,0.35451594342165316,0.6336342273346177,0.7247253495684306
162,2,8,0,1.343512273893642,0.3219365280893018,0.4119047619047619,71,0.7579291802773992,0.24911594391864347,0.007948423172143115,0.918870874044985,1,0.3213492920412037,0.3184305472486145,0.4338391798592889,0.33798429952376396,0.3370033966809828,0.3777996902192441,0.32102975006074924,0.6440479456331305,0.6908821296003749
260,0,13,0,1.3443716365649365,0.1861735736082439,0.6897374701670644,7,0.7604876323029588,0.244560749319369,0.00252953225011201,0.9221954463045416,1,0.3148795296903193,0.24823143147765855,0.564160123514145,0.37802365536003407,0.25,0.3875095210710428,0.33861932900626374,0.6401482893186692,0.7403716267376081
89,9,4,0,1.3444532828256,1.027221456669852,0.21904761904761905,56,0.7180990519150509,0.2429913219125607,0.15991994056657002,0.9457491636819092,1,0.30011028874456475,0.4046174820946437,0.644894978778886,0.4128683711134704,0.8462490311854391,0.4279021043333332,0.3983078679521941,0.6420907491286021,0.6955457251129726
184,4,9,0,1.344618874147816,0.5124875751738729,0.48687350835322196,55,0.7506552376438397,0.24483814599373782,0.021782114813770223,0.9343762810887066,1,0.3787615623112239,0.38634457572223546,0.6873869912733339,0.41552279887961824,0.4421679569469169,0.39866057170109775,0.3517862608739476,0.65,0.6909267043953614
163,3,8,0,1.3461815227676248,0.4193841028176761,0.4166666666666667,68,0.7563316690831408,0.24689021780681372,0.01360661584858105,0.9273668432227221,1,0.31760221526343807,0.3618617787943481,0.48126135800840686,0.39704517693762714,0.38632071451423705,0.3675103989119441,0.30718275766098885,0.65,0.6859401517539431
242,2,12,0,1.3477966316589474,0.3025224329976479,0.6113744075829384,92,0.7693601489284749,0.24495866473336184,0.004110359143989782,0.9102701570699868,1,0.43221131599496065,0.4033632439968639,0.7809933557493001,0.40544330175292037,0.25,0.37843187212215934,0.34829170293792805,0.6209339268675033,0.7392333257906116
172,12,8,0,1.3479187658263683,1.2733089435052065,0.40380047505938244,71,0.7427851832149163,0.239701128936347,0.24624986428899018,0.8720660905709609,1,0.4827479583518312,0.45,0.7729281412311761,0.386060765865198,0.9431918100038565,0.3644410840382278,0.30760349982253093,0.5894866430013658,0.7344119162365204
161,1,8,0,1.348879180944434,0.2506582877969553,0.44418052256532065,71,0.7637219856529641,0.24863863202973366,0.004359306684136139,0.9199320358795517,1,0.3246979919201025,0.29540253702442826,0.41578593535921043,0.342846721425812,0.28284375429069425,0.36268095189333227,0.3007579042298404,0.65,0.6869606040422594
146,6,7,0,1.3489200669250048,0.7264083749016047,0.38954869358669836,74,0.7289885934373878,0.2485100402166511,0.07628241031351936,0.960839942633175,1,0.31399745957744496,0.34838455235242255,0.5047017090303031,0.36652661303495127,0.6950254347737523,0.36803578880673155,0.31825582625675264,0.6403737821182272,0.7137707867992281
321,1,16,0,1.350640042971831,0.1923096841836647,0.829736211031175,54,0.7649623089434671,0.2447786581277665,0.0029292965752494822,0.9254050912988618,1,0.3163681395958138,0.24216974780588363,0.5202129290352401,0.4193685579815371,0.2647036991284514,0.35361492949939743,0.3244321497870248,0.648055415573185,0.7215945193039588
281,1,14,0,1.3510331661805286,0.19615472503853343,0.7446300715990454,106,0.7685935831714947,0.24452413937716924,0.0035401921983522246,0.9189389497615577,1,0.31768665431057624,0.22692616312523994,0.6063097760433463,0.43044619988757404,0.28813296556771223,0.37968306468091273,0.3159384127881587,0.6252513102398227,0.7220072744286996
169,9,8,0,1.3516631078304302,0.9903157698200862,0.40476190476190477,86,0.7318759229877932,0.24191987870144852,0.14895776004467565,0.9380713869659553,1,0.2850004466327329,0.39685221185593017,0.6628338804818245,0.4159218219680672,0.8318090380872917,0.40798556240294903,0.35916165477504297,0.6376710308546222,0.6597076401646157
153,13,7,0,1.3518196372170264,1.4072977985460189,0.38717339667458434,88,0.7198506556858216,0.3037779443114635,0.4326728053000163,0.7870908966309395,1,0.45076606645975087,0.39445643210394243,0.7916023085406756,0.31453151221920683,1.1892296030766583,0.38042520313926914,0.27239209439835327,0.6205987305450226,0.5573762648426707
223,3,11,0,1.3522502227292894,0.40600629508275415,0.5531400966183575,66,0.7603450134705789,0.24495601670456216,0.012288906290109375,0.9339388392968152,1,0.5137166826357504,0.36269566443014595,0.8235688523118221,0.3879849196467276,0.37313771562967374,0.3725389167659963,0.3282004352694674,0.636630966137217,0.7868114108673627
165,5,8,0,1.3527421327142384,0.6276986963913319,0.4380952380952381,69,0.7445018178524032,0.24681615870059267,0.045615759330821,0.9514181672907491,1,0.4059208342369008,0.361883860961134,0.6032645907823656,0.43459029587353265,0.5781769273750013,0.38133185565847255,0.3409553704632295,0.65,0.7408992799892653
203,3,10,0,1.3530200780971722,0.3847365646107669,0.5178997613365155,69,0.7582552615485227,0.2448771753107252,0.017354512558947488,0.9377106527629948,1,0.34134469311727944,0.28153916198314094,0.666368697633464,0.356120490019417,0.45551574649001003,0.39861690690568796,0.36217250283947194,0.65,0.7637487426352068
167,7,8,0,1.3531608225427958,0.8000481303417255,0.4090909090909091,85,0.7350759828444021,0.24923085406516796,0.08249035487736046,0.9539426833806753,1,0.4215386676737929,0.387233048696334,0.48567749603267296,0.4085352553980547,0.6886878870791826,0.393219440831359,0.3632920051079272,0.6161342140889594,0.7521613001508751
131,11,6,0,1.3546936081646352,1.1920353426795818,0.3404761904761905,96,0.703432816158513,0.30778080332116414,0.34749175180036296,0.8557440799709352,1,0.3093262789904768,0.34313204391359814,0.6297930779865224,0.443766776092871,1.1579947756980113,0.42294598199409356,0.31952318579500644,0.6089154373529487,0.5158307696641606
157,17,7,0,1.355269893563249,1.8267604155837998,0.3627684964200477,43,0.7140178569995518,0.2992140248165744,0.755522485325135,0.6810810541807657,1,0.5110036563293522,0.4414672800369045,0.7233086721099372,0.29169102618038856,1.3793097836764494,0.41111146857019887,0.28634067152263787,0.65,0.40597307922313264
188,8,9,0,1.3553575121124508,0.9288894543669843,0.46539379474940334,75,0.7456923671580212,0.24182894049899784,0.09560194510833636,0.9392605713665267,1,0.49533823501574087,0.45,0.8099382480770184,0.38396733895724255,0.6880662624940624,0.38496436509812343,0.3127624278877909,0.65,0.6944162365082373
175,15,8,0,1.3554687682048068,1.5423589373924205,0.4009546539379475,40,0.7248250921505256,0.3055085625764168,0.49773315741966867,0.7566855265642779,1,0.433134087696882,0.421968201184722,0.784641699796653,0.3402919015165443,1.2183848080353596,0.3840737958437681,0.2832456346804031,0.65,0.5342729306502954
185,5,9,0,1.3555706434780253,0.6634689574009608,0.4688995215311005,77,0.7428881199369686,0.2464706597779613,0.057721360014812276,0.9558058432982272,1,0.3788341165737576,0.3495927870106025,0.6039964911025579,0.42881407672842353,0.6326112189693043,0.3902887450444461,0.3580362579262681,0.6495341170896233,0.7506441502737764
129,9,6,0,1.3556786611228753,1.0313421493517565,0.33175355450236965,79,0.7093661378051704,0.2486857739613448,0.24048217920086717,0.9477464009937181,1,0.2659062862090735,0.33194224786412885,0.4492865923774061,0.42108315733657387,1.0356642417849216,0.39303804157072025,0.3303618632841667,0.6151209209702467,0.6623340028531417
168,8,8,0,1.3560464988939431,0.8865507388438916,0.4043062200956938,76,0.7223302030451751,0.24370597146996636,0.16314418379057932,0.958468946711338,1,0.20721636815799535,0.321195480549367,0.5976126269908416,0.35189614411674935,0.9200531478292192,0.3924517272789689,0.3260436762794321,0.6345371097018966,0.6618095959880496
262,2,13,0,1.356176268863306,0.293309030676536,0.6587112171837709,71,0.7684874679823728,0.2445027880732308,0.003985177047235544,0.929280742869741,1,0.5815971835126896,0.3910787075687147,0.7781037625621045,0.43537884211091565,0.25,0.42024793427095,0.3823854971304108,0.6237883460372247,0.6925450545242832
152,12,7,0,1.356358231102527,1.25830337903694,0.3701923076923077,70,0.7396963087051928,0.23982953998407164,0.27629851504184727,0.8829748987938577,1,0.24917495536443685,0.417338641782362,0.6763498286809695,0.4441735452940835,1.0050218639895583,0.3915976979055425,0.366023839194607,0.6386845925177465,0.7692686570988962
127,7,6,0,1.3565673473960662,0.7804548285083222,0.3492822966507177,87,0.737418853175171,0.25079390426686876,0.07474090260052046,0.9576067231347138,1,0.32576807361772037,0.3919605136137213,0.4201970291788732,0.45,0.663718921848221,0.3908675674549074,0.3232045019593225,0.65,0.660133344827349
182,2,9,0,1.35715883189618,0.37431519376993316,0.4714285714285714,64,0.762729402071059,0.24546324400058417,0.014427688804156173,0.9376245401279955,1,0.30498777894502804,0.2963177245770023,0.5770691095584379,0.3717845778358384,0.42107414072093663,0.38088159430476226,0.34915021212797115,0.65,0.7374453859428296
128,8,6,0,1.3576737155569527,0.9338707257343004,0.34441805225653205,73,0.7244075112767128,0.25035741964435393,0.14066442669402285,0.9599092182385168,1,0.32828135253476065,0.3739709191129625,0.4614898173379963,0.350534188919366,0.8323915737881331,0.38181966076479334,0.33843456857136917,0.614739707377124,0.7063586142720816
92,12,4,0,1.358242272209572,1.2720133106543228,0.24821002386634844,51,0.7378729318626112,0.24031020281065943,0.25183599542261215,0.899694079714217,1,0.44496349606159974,0.44430214598465706,0.7123433921622614,0.42790234072057126,0.95431552765765,0.40634283993005305,0.38132917587990633,0.65,0.6668884370405624
174,14,8,0,1.358845349812597,1.4733276331715777,0.4090909090909091,41,0.7255555703040492,0.3055472217867951,0.465411536235171,0.7748677227362322,1,0.4464343883852563,0.40740866258971586,0.7925572591637086,0.3404730357197578,1.205446167824291,0.38878194814364625,0.2837529313407248,0.65,0.5413362219095728
110,10,5,0,1.3588932859732974,1.1356216336154485,0.28878281622911695,80,0.7044058803030017,0.2606372550938486,0.2850837967165251,0.9343040375601329,1,0.3045417039152273,0.3522605819945757,0.3015687891171646,0.33659989848776095,1.0746037561032356,0.38831916799466687,0.3395826425734071,0.65,0.6873013043919124
90,10,4,0,1.359038841311325,1.109277987225897,0.21479713603818615,63,0.7077237300588021,0.24268329768683625,0.32333055912703884,0.930614701167394,1,0.20244971722527316,0.3193280324291309,0.5935198202122298,0.4202599345460307,1.1579294378339944,0.4293888827476641,0.3916505876212479,0.6415190240718911,0.6868268476639582
187,7,9,0,1.359281356120868,0.8432391694807262,0.46172248803827753,66,0.7393276222381566,0.24345716041238244,0.0992991251447059,0.9567306572951584,1,0.39023434603193174,0.38190318126878847,0.6918919648269657,0.38536791470673076,0.735997333738926,0.3728333743239992,0.33411655822826314,0.6325162395372795,0.7552072354785886
13,13,0,0,1.3597812637702755,1.388388342201129,0.048723897911832945,91,0.727124149721395,0.5108876598042233,0.4650514468437685,0.5684059895560303,1,0.28688567536278314,0.37283422048166825,0.28868644268190835,0.4110774924753659,1.2412919432909137,0.7986512746387778,0.4242098029193696,0.40325082861872025,0.38293961089652656
204,4,10,0,1.3602110692239688,0.5215335538198641,0.5059665871121718,77,0.7558967776082679,0.24503696943421277,0.03094436377996452,0.9512138682852036,1,0.4858013232746109,0.3327610091140992,0.6965836704025219,0.43971178189785926,0.5224305527945606,0.38253210407634897,0.33782526078065855,0.65,0.7247264435350892
224,4,11,0,1.3628622289516379,0.4824345441294441,0.5683453237410072,82,0.7655192940579685,0.2440320381066104,0.020614930496937377,0.9424078594819536,1,0.4190091679811077,0.3627158117326895,0.8691091579378847,0.4191574918756884,0.4433540240267438,0.39382624311934367,0.3517625465614267,0.6467639999992925,0.6475805093983953
191,11,9,0,1.362878371601215,1.2002867286338774,0.45368171021377673,56,0.7386152710050238,0.24107346420069237,0.24434889389315076,0.9097131794344293,1,0.4752183647718841,0.4134491915294426,0.7602778017785198,0.38721763744376975,0.96770191938518,0.35731525656792895,0.3195851054490672,0.6135007575323207,0.7345563433195132
91,11,4,0,1.362989038970712,1.2077371805855996,0.2357142857142857,52,0.705277376977021,0.24337791020653443,0.2961660233680957,0.9535790044336092,1,0.19812265219033465,0.37904508272490794,0.5540135674030779,0.39395960178048267,1.0620875419385714,0.42134420903901254,0.3863887565872113,0.6208745371708178,0.7058973157152367
142,2,7,0,1.363255034808351,0.29741267366760415,0.3738095238095238,95,0.7692948704880168,0.2551407917395178,0.007796546909876558,0.9296609181371998,1,0.34925601205069917,0.28548801969819093,0.1769355535987987,0.33904562056894527,0.3472564557840519,0.3796162981745959,0.33274924530220235,0.6369263855858316,0.6064855037338721
189,9,9,0,1.3633606792847441,0.9911563259583825,0.47268408551068886,81,0.7514459114379984,0.2416002799586005,0.1161451563091809,0.9357711932112183,1,0.487056657843949,0.45,0.88,0.41568088224777855,0.7341898710802833,0.3580834351494547,0.3016465504495416,0.6217973324306995,0.7256318213789889
205,5,10,0,1.363542200090087,0.6140997531320161,0.5047619047619047,78,0.7563119284747681,0.2432344361227965,0.04539086269101672,0.9530697620314343,1,0.4212017290206098,0.35105405601479067,0.6943843658804878,0.27936795200533765,0.5831008478706983,0.3965402576788703,0.35364122876268245,0.6298925343035037,0.7023096388162846
164,4,8,0,1.3638865546557821,0.552687309787657,0.4152744630071599,61,0.7470407187707999,0.24693818859441974,0.04815838774791482,0.9674901280763788,1,0.213264435920354,0.2909933734105802,0.5118663910030058,0.43497224070839874,0.6331041188440134,0.4012987487539336,0.3443186484241436,0.65,0.716342162386781
208,8,10,0,1.3640877090796557,0.9341614169767534,0.5023809523809524,72,0.7549021971803473,0.2406134927408301,0.0972389832666628,0.9388619377511216,1,0.5270182169293687,0.45,0.88,0.39949385199632825,0.6919714199827802,0.3881798602757403,0.32063246575528065,0.65,0.6924788205977451
147,7,7,0,1.3652540392047967,0.7916936259390284,0.38095238095238093,73,0.7443864117498797,0.25044154490893755,0.08213735441631999,0.9584387682343686,1,0.4099111112980327,0.38200161305330327,0.4305181692787859,0.45,0.6908292171954415,0.38332545170252175,0.33323248898475605,0.65,0.6799608310667414
145,5,7,0,1.365437211297842,0.6336765748297728,0.36018957345971564,66,0.7416868025352067,0.24961732282675708,0.06937326077399811,0.970134190388914,1,0.22145624241461903,0.29764956661470576,0.47183414068159296,0.36846943009323035,0.7096449940969668,0.36528310543117315,0.310502818596394,0.6391040959745048,0.7339329846133521
31,11,1,0,1.3654708339406496,1.2385673979242464,0.08796296296296297,89,0.751893801931309,0.513620596849095,0.22663843561065863,0.6228780929253233,1,0.3080377047728225,0.45,0.25007532792741094,0.33521811423460257,0.9174573317957381,0.8,0.4056706191503845,0.40191142827917087,0.25628179618890856
186,6,9,0,1.3654995005857378,0.7640377428248203,0.4845605700712589,69,0.7497229378724812,0.24298226834217015,0.08649666181030201,0.9539721923602221,1,0.3861318311150925,0.35291683462258844,0.7783569622780439,0.35268850384345896,0.7216409721021925,0.39151265734854374,0.3569410979854647,0.6314087600929756,0.7390100589358456
206,6,10,0,1.36575719830068,0.7154781457907691,0.5083135391923991,61,0.7522357706163264,0.24304257363939594,0.06773577500057784,0.9569059717290801,1,0.40750206020663693,0.36139766028855236,0.7043626187545349,0.30223263825331925,0.6599177069192116,0.3935010259093631,0.3643301642140932,0.6426580180090506,0.7172587512630105
190,10,9,0,1.366677430686369,1.0592638173322815,0.47754137115839246,77,0.7507875371195518,0.24231968508812593,0.14686359316649744,0.9307146647789094,1,0.5241766098862627,0.4421289586708095,0.88,0.4015825005695249,0.7986084878318384,0.3876939485433139,0.3360622175222858,0.6121610871793816,0.6655969940859637
88,8,4,0,1.3669774662746086,0.9445341790670392,0.2156398104265403,72,0.7412337638984413,0.24532005786588015,0.11314050987626871,0.9609111429359471,1,0.27505693975228596,0.42414786047318853,0.6856664128307397,0.41651263700318525,0.7422994566197555,0.4105741931894186,0.3851090957154038,0.594289105070558,0.6906461971836326
50,10,2,0,1.367174677926908,1.1488652421648564,0.13875598086124402,91,0.7258398183451223,0.24622092876232213,0.2463396754905108,0.9379129202050452,1,0.33328461623583705,0.3855993406795737,0.4920721630427568,0.41259370798405237,0.9931424676367582,0.4137231513902303,0.40399120405114575,0.6143377967302144,0.7575989691037233
301,1,15,0,1.3674909319353905,0.2160333900568458,0.7796208530805687,84,0.7716215230144895,0.24295689559159372,0.002935236277946275,0.94760782773903,1,0.5822856928748763,0.2880445200757944,0.8120264429169161,0.253432158943004,0.25,0.3990921521095443,0.35378670216643304,0.5988667064107911,0.6813027627595929
282,2,14,0,1.3682054064207803,0.284236801371148,0.7268408551068883,51,0.777112611655744,0.2443592314378933,0.003861913062107989,0.9362815928673359,1,0.6115966933176157,0.3789824018281973,0.8080496794400236,0.2761369078790496,0.25,0.4150863956384582,0.3803110017910414,0.65,0.7500268785323153
193,13,9,0,1.368266215558588,1.3590945795982214,0.4964200477326969,49,0.7466366370442763,0.23766324489675064,0.29944955534796497,0.8858160899926869,1,0.6353365435989214,0.45,0.8264978700953998,0.40786607339196906,1.0067367256283122,0.39181510367679023,0.33109557173685883,0.65,0.6788595864040607
109,9,5,0,1.3686219378999622,1.0297676171767325,0.27684964200477324,75,0.7394288446765,0.24409580594579416,0.1346036499206809,0.9604489205328577,1,0.21629427106290086,0.44267016970678913,0.6597395159312631,0.42600724713191246,0.7754212862809485,0.417416936307188,0.3805599004289285,0.6254004243747437,0.6351715934684834
69,9,3,0,1.3690846912712353,1.0375031301183713,0.1909307875894988,66,0.739070438111429,0.24469275114896977,0.16021828998489054,0.9512484391766869,1,0.3373306268905408,0.4103249325769368,0.591577578269699,0.4062344948431791,0.842830521007346,0.41929968753633373,0.3963374989515029,0.6494554210542659,0.6713333271175244
103,3,5,0,1.3691114361862562,0.40338819405963877,0.2914691943127962,83,0.7640295542559165,0.26105850677579606,0.01921427053287934,0.9414195488717315,1,0.30762293817178976,0.2872583451420759,0.12,0.401454817198316,0.46808990453074095,0.35978805057257796,0.30993838265773893,0.6328918527323313,0.7187181440510244
207,7,10,0,1.3694016876901662,0.8537900206818922,0.5225653206650831,50,0.7591873814514538,0.24162782603873248,0.07819123262845848,0.947524293387309,1,0.562322990670009,0.43847759923099555,0.801070996961652,0.39934729806921193,0.6490563578612863,0.39525856843026413,0.337206658527779,0.6314292001921384,0.6935398524758104
243,3,12,0,1.3695578418243624,0.3935849096351851,0.6109785202863962,67,0.7709975839829774,0.24329629010946713,0.012765793356343251,0.9487179082307657,1,0.524203952775941,0.33965153582072044,0.88,0.41695106043413555,0.38626343779479977,0.36251477775776375,0.3218176338141778,0.65,0.7156398727315518
126,6,6,0,1.3705050856409469,0.7049621912855958,0.3460620525059666,73,0.7406899199537098,0.2516507805299773,0.08673714908121824,0.9732846912120096,1,0.23920020474164624,0.3123532260930895,0.3684125597495369,0.3527362050211266,0.7523130144497567,0.4175366423090556,0.36216659199312085,0.6290985132748125,0.6499687698978892
192,12,9,0,1.3713199315556168,1.2560938563287098,0.46904761904761905,57,0.745826250401023,0.24001364982406007,0.26501475085567866,0.9049678121428557,1,0.49800979331910605,0.42500881992832523,0.7687292629127874,0.3982981610941369,0.9851512074036026,0.3780305918808667,0.330069320854214,0.6196527649182728,0.7076878980877069
209,9,10,0,1.3715990175028214,0.9992917692546375,0.5095238095238095,63,0.7538485036904248,0.24170334336320645,0.11902866489903217,0.9461862183019739,1,0.49388110591079853,0.45,0.88,0.3895235002985003,0.7402161253738054,0.36301151717071617,0.34058056848115303,0.65,0.6914036829201614
123,3,6,0,1.3721431875081516,0.4462156836586228,0.3238095238095238,81,0.7619784379555111,0.260077288773188,0.02794066060573459,0.9490759460897992,1,0.3513403508388505,0.2771396988693647,0.2331874427588677,0.3872828076856436,0.5366916462215391,0.394038118128121,0.3390812263456181,0.6123200076269286,0.7001289286160112
210,10,10,0,1.3726879727137566,1.0781294282865876,0.5119047619047619,62,0.7550922821534568,0.23999212901404543,0.14948146070257992,0.9354066678255223,1,0.6100321937900719,0.45,0.88,0.383887088219127,0.7986143913233983,0.41223031138147703,0.35485430691975667,0.6145753930962793,0.6651905042310615
173,13,8,0,1.3732828710701914,1.3572932672633025,0.42992874109263657,68,0.7483426910427511,0.2385198200063218,0.29826048229028457,0.892056347132445,1,0.5297866177471633,0.45,0.8620322319085529,0.4292910684976311,1.005402420195039,0.3774120754420243,0.3582667139116728,0.5758804513924373,0.7102742389045956
158,18,7,0,1.3744830467649871,1.9080273558669953,0.35083532219570407,32,0.702792442951809,0.29962529087506873,0.8285685072380863,0.712328513856053,1,0.4518239855650904,0.45,0.88,0.29731680843594244,1.4133535969385151,0.403689000809646,0.2535775212230938,0.65,0.37186348843894895
228,8,11,0,1.374504328269122,0.9545102920853459,0.5502392344497608,75,0.7584970107569514,0.2417216384056466,0.10373289012544049,0.9487998405685187,1,0.5933848428925517,0.45,0.88,0.3855755010654203,0.7070446608039599,0.41840269539933383,0.37377470370568294,0.65,0.6610037330295729
108,8,5,0,1.3747131969744222,0.9479525419340414,0.27790973871733965,92,0.7116751512496642,0.27934264617552396,0.20993319858297368,0.9627601658408026,1,0.20426490596165608,0.3130683477583369,0.29943741874431523,0.38960196314716894,1.0093137262429173,0.41070521441776464,0.3279809662668434,0.5901020803241485,0.6301462803520247
225,5,11,0,1.3748514345352432,0.6180875726985361,0.5584725536992841,79,0.7667278971017863,0.24278818903912575,0.0403091046462676,0.9573352439692807,1,0.511880113829165,0.37616057117092655,0.6952738607447013,0.397566015603337,0.5477160731072285,0.4045451917087892,0.38655299206547666,0.627955676632357,0.7431214214209186
144,4,7,0,1.375070175531841,0.5431905061140074,0.36754176610978523,60,0.75762042686883,0.2507011870158863,0.05057264369177237,0.963969252833427,1,0.32280438947966134,0.27667521559252767,0.44805003211045624,0.38716003040553226,0.6544261713151172,0.352164454616391,0.30700866175625907,0.65,0.6477045083554536
106,6,5,0,1.3752696242450797,0.7549419447562747,0.2785714285714286,82,0.7311833457231643,0.27113943494261644,0.10528061313679526,0.9749208768464962,1,0.24811915351812522,0.31419260568657653,0.12,0.4034240442970577,0.8009332822103061,0.40226113720770246,0.3508546292669206,0.6160312597754266,0.6728705008359936
107,7,5,0,1.3768413926614367,0.7975095246515016,0.2863961813842482,96,0.7273975624088335,0.26159525776191966,0.15998481217985056,0.9732984778713467,1,0.2767509030684871,0.27673511433776543,0.29180686538758105,0.35394436392989054,0.9606171911118728,0.385018906081581,0.3096729728685683,0.6353036215804095,0.6805057535158623
86,6,4,0,1.3786420029925515,0.7617016593613486,0.20286396181384247,70,0.7512670964679219,0.2505741442214129,0.09178258896898332,0.967462633240253,1,0.3160884382401751,0.34103349044146225,0.46384183627451414,0.40615649720483177,0.7445032826300415,0.4220701054573885,0.4043911409419474,0.6349852776268139,0.6934289404688568
244,4,12,0,1.3787059303952638,0.5372976496279629,0.6033653846153846,70,0.7648503943711709,0.24367776028294488,0.03507660576580191,0.97000266945892,1,0.6727631687040326,0.3268236378531613,0.7896567261130852,0.38246568218013144,0.5479995808109872,0.36682190437861334,0.32547071413604284,0.65,0.7698344257858988
125,5,6,0,1.3788549638736762,0.5880481298566677,0.3221957040572792,73,0.756434795014588,0.26479177329348824,0.053098462139675826,0.958809179568818,1,0.325524949651349,0.30414323966228646,0.12,0.3391303163632899,0.6444859451855892,0.4049765271182351,0.35445419244946413,0.621430256260107,0.6425972490969606
156,16,7,0,1.3791331601740908,1.646911629556655,0.3735224586288416,59,0.7052996505114569,0.30265627041653115,0.7695608512604558,0.7371864084045541,1,0.455713266893542,0.37444133994783946,0.88,0.39304804591111353,1.466105594168701,0.3994357895165647,0.2989448129636603,0.5957480778806462,0.4740201236728597
143,3,7,0,1.3802837956535303,0.4716988994182374,0.39473684210526316,89,0.7634132280713644,0.2468043911207216,0.0387679666136686,0.9714295573981429,1,0.16455012245799522,0.255717595689805,0.5002873149852136,0.3705855081331675,0.6148695636239098,0.3753447927874981,0.2970708120251952,0.6407211950544018,0.6716383135643084
104,4,5,0,1.3810711028418392,0.5488528685027333,0.2840095465393795,71,0.752295156696525,0.25804129321518143,0.06701968044338664,0.9727027268980925,1,0.19204896644596073,0.2441083080449389,0.27015072441139754,0.4447106525481548,0.7494663235054563,0.41882320060168,0.38421329107163626,0.6031687286755631,0.7178303453349227
47,7,2,0,1.3817486317755423,0.8244288613815595,0.13744075829383887,86,0.7366343722958559,0.2595922634682256,0.14251564455291854,0.9736299976699798,1,0.2514248794635128,0.308175663246744,0.3024672162232663,0.39005519814853007,0.8917304421942323,0.4187506254368071,0.36774399680583675,0.6263275235254043,0.6412880523726526
70,10,3,0,1.3820031894756877,1.0651486012941462,0.18527315914489312,58,0.7260558074035388,0.24664095486865042,0.26821670771200196,0.9579671261908465,1,0.294627133884446,0.3298923296662798,0.48300706621017014,0.40132759399626294,1.0762588330680034,0.4166547768174872,0.38843456392461984,0.6232547358625705,0.6815767042704125
122,2,6,0,1.382055157949493,0.31703315869764687,0.3395348837209302,101,0.7738894933112082,0.3125579668540014,0.00430751574317455,0.9020503561252988,1,0.2823967276829815,0.42271087826352916,0.4143384217691653,0.3904067002755589,0.25,0.33064573473619524,0.2750099089277706,0.374153774642965,0.624243812554693
87,7,4,0,1.3825404954829843,0.767838393271939,0.22009569377990432,75,0.766494847565452,0.25334816769844787,0.05614074678108517,0.9562868294241823,1,0.3878207402116125,0.4413320550746359,0.3924516916082855,0.39320909667887466,0.579940043211595,0.4189938934892535,0.40442141829173817,0.6293166986012223,0.6671141366142587
229,9,11,0,1.3827760053139713,0.9743483710839624,0.5584725536992841,67,0.7583985793246764,0.24090748343571716,0.1458839698966109,0.9494937805842285,1,0.6659457167027655,0.3913518922386182,0.7782500364946962,0.26334395825594886,0.8298996294702764,0.3934002969164395,0.35458714597388774,0.65,0.7411615952662068
105,5,5,0,1.3829910407549033,0.6537725753662399,0.28028503562945367,82,0.7581086674647006,0.26624703747582945,0.057431859370533904,0.9605449653563626,1,0.3342162186884938,0.34281785961703776,0.19210021833359053,0.38039514617261755,0.6356850603763469,0.38003305968070056,0.31196584297742086,0.5816138027914884,0.701070941640438
12,12,0,0,1.3832544329477803,1.3308622604317537,0.04716981132075472,81,0.7138320770578866,0.5150498938344993,0.3356549315234016,0.6895328453359271,1,0.3567157407612809,0.41186318918256076,0.18184906195681125,0.2808507576436268,1.0771070713013242,0.758638289611096,0.3736722714127022,0.4759473337710801,0.028780017825583565
226,6,11,0,1.3847374781753439,0.715456773922404,0.5560859188544153,61,0.7714562366589578,0.24255548078468828,0.05314574573933696,0.962748703952349,1,0.5641270553027119,0.4079816937380774,0.8337988637642436,0.4140336814700921,0.5845497358530375,0.3771132173422736,0.33573456093286463,0.6467879508298102,0.657381345146464
230,10,11,0,1.3848836797695032,1.0727868368853635,0.5666666666666667,59,0.7613191039901309,0.24017880849536144,0.147270221343121,0.9480422545261347,1,0.6803235876637785,0.45,0.88,0.41078882479035284,0.7946569162113803,0.39411872395225545,0.3512086573603562,0.6392168199672437,0.7113851286138424
263,3,13,0,1.3850005568836479,0.4072453968887061,0.6730310262529833,56,0.781943051978291,0.24334042780293655,0.008673294055440105,0.9593052643856013,1,0.6732823993491962,0.43370264453223606,0.88,0.38724985918352806,0.31299893450264366,0.41099575961921464,0.3914746799340429,0.5939861683728108,0.6742399913261169
227,7,11,0,1.385161356755053,0.7903609244615089,0.5632458233890215,80,0.7696664691185627,0.2422598108066191,0.06681432390780608,0.9620042349032386,1,0.5702341794306538,0.4224771562263591,0.8254711924088828,0.42744662313956355,0.6235926312333293,0.38214165970435376,0.35466486148290177,0.65,0.67138805280343
322,2,16,0,1.3852277590440334,0.3300827379356216,0.8099762470308789,41,0.7735776469821813,0.24272199068036948,0.004669270720309652,0.9787105251552111,1,0.88,0.43132985717347644,0.88,0.37790900322588034,0.25508917938788067,0.3976237820593654,0.3621908766233843,0.5707841261934341,0.7695824605111996
283,3,14,0,1.3856042930331316,0.4116928199897608,0.7,35,0.7748295097609857,0.24366442633316004,0.015491027488837341,0.9716887292155966,1,0.7018336974746344,0.3298524061575046,0.8471377198473329,0.25952526780677837,0.4160374077461152,0.4249825683467679,0.3855150355732365,0.65,0.7018494157524071
141,1,7,0,1.3859638718421898,0.26853307612889904,0.3976190476190476,65,0.7703555979293578,0.31265004461064233,0.0036485472300122157,0.9171070843230165,1,0.21095804069779672,0.3580441015051987,0.30349827637980403,0.45,0.25,0.36903337557407595,0.28032273416806364,0.6150917140318763,0.45577047472890686
302,2,15,0,1.386288771849105,0.31917088898165547,0.7595238095238095,53,0.7780067376341417,0.24408744788448097,0.00433656099159858,0.970741996148806,1,0.7843054654047044,0.425561185308874,0.88,0.3790497084189588,0.25,0.41828510594850066,0.37878886137725226,0.6079333710140209,0.7017814330351773
194,14,9,0,1.3863237764836245,1.4553904850829804,0.4666666666666667,37,0.750312517671163,0.23708250650277365,0.3677165910034018,0.8878533747207884,1,0.7000725022582074,0.45,0.8319408882976691,0.39485976102729897,1.0780670259873928,0.39015415575430673,0.33501305643713436,0.65,0.664536927490652
245,5,12,0,1.3867861280364375,0.5755355997044559,0.6467780429594272,49,0.7684000987052745,0.24495891595494107,0.03388364305207861,0.9782596854865537,1,0.7501488832620717,0.36864900707148857,0.7651271789245156,0.26751570401058405,0.5204006961133157,0.401777212370485,0.3744018045958374,0.6106193438019706,0.75372220407134
121,1,6,0,1.3872744079165293,0.28188067460497696,0.3104265402843602,57,0.7760284212052252,0.3119904596948389,0.003997493286697256,0.9089025164130906,1,0.3490490471764617,0.36787808000659117,0.27420587437208305,0.45,0.2554113168869485,0.34472638441298536,0.2483154170988303,0.6152070895924262,0.52671262706852
102,2,5,0,1.3874038960577881,0.3375,0.26157407407407407,129,0.7803294785702027,0.31209407986748666,0.004585597826086957,0.9002205159772494,1,0.3044417784262042,0.45,0.3720226621585722,0.38091118078136604,0.25,0.34843573262150745,0.2504036712367994,0.3326111584028691,0.44254129913369467
211,11,10,0,1.3875182635860337,1.1616473192956764,0.5298329355608592,77,0.7620760944242343,0.23988824625196792,0.18698101586960725,0.936203685723788,1,0.6420383145810853,0.45,0.8647395550671989,0.3515763042293764,0.8604794957745752,0.3847686824045405,0.3417370822700378,0.65,0.6718342038237056
213,13,10,0,1.3881520160924243,1.3521641699658242,0.5035799522673031,59,0.7571558360461785,0.23804281506372166,0.2948919398977115,0.9059927690696853,1,0.6773324718885717,0.45,0.8401442045204236,0.41598207516923663,1.0016030888635734,0.40335485812030086,0.34475300075952153,0.65,0.6382837447008344
124,4,6,0,1.3881551156665783,0.5372681948968014,0.3080568720379147,77,0.7675205625305588,0.2636199732628491,0.0482643257931323,0.958343402691937,1,0.33090059986612097,0.2785950563073019,0.12,0.3819217607909661,0.64283049625041,0.3719714407723513,0.3248547101379985,0.5957841218354046,0.6569756775702814
49,9,2,0,1.3895535331390723,1.0029793758893983,0.1261904761904762,63,0.747518675044736,0.2694591733024247,0.1241674396527678,0.9649435670251408,1,0.3826414652107295,0.44303085171308254,0.18869431572269219,0.4078962224973552,0.754634710736392,0.42353130003924916,0.3888271390082103,0.6288990785030898,0.6819126065514984
159,19,7,0,1.3900223513332646,1.9642283032586436,0.35096153846153844,28,0.7093372578753872,0.29888653216738387,0.9039627304653198,0.7008985625622431,1,0.48012019916019166,0.45,0.8544065106101549,0.28885063655328824,1.4549839283397359,0.35555276099280675,0.26091300834909875,0.65,0.3220259206082568
83,3,4,0,1.3907108006713285,0.3879149826816265,0.24708624708624707,89,0.7771230057612939,0.3119364784600685,0.006962805972586766,0.9124539889709661,1,0.3287959626639921,0.45,0.12,0.45,0.28734443161601964,0.3675772650097159,0.2876099868897869,0.374449975692299,0.4433689310914626
361,1,18,0,1.3911371498231635,0.2732167249667214,0.9043062200956937,20,0.7762275952819312,0.2430336331343707,0.003712183763134802,0.9853006024428399,1,0.88,0.3642889666222952,0.8054202818980559,0.2809220814526598,0.25,0.34743699829620256,0.3127550075176736,0.65,0.6469150081953312
212,12,10,0,1.3913091618813238,1.3425924207323867,0.522673031026253,54,0.7566169496959118,0.23780172560789045,0.3139038520541707,0.9060211579412654,1,0.7316847816767381,0.43153675707406197,0.88,0.39973897574957507,1.0370630069734446,0.4046299349135682,0.35163971775612596,0.65,0.6712764481186242
264,4,13,0,1.3916570255933398,0.48914260586192676,0.6523809523809524,37,0.7793204661994336,0.24397734829091264,0.01414763812544288,0.9750367152467224,1,0.7899069144935221,0.4470036788658953,0.860621821138127,0.3821049407339325,0.3647565847801993,0.3999162091541183,0.338561561662249,0.6229188594060617,0.6866215454299301
68,8,3,0,1.3916778151955267,0.8770241013872688,0.171021377672209,52,0.7339990022040133,0.26582248502768246,0.18435912481191624,0.9757914910305777,1,0.2679817210458052,0.297293081813566,0.20894234622542673,0.3941978777853145,0.9833439962535634,0.42736421461237223,0.37671464765734536,0.6096196536538304,0.6551470749592939
341,1,17,0,1.3921888631798003,0.18694154932650137,0.8658823529411764,32,0.7778298040132765,0.24340258473217896,0.0025399667028057253,0.9842995469197463,1,0.8327375784796845,0.24925539910200184,0.6166713845496475,0.356911840442355,0.25,0.39276358542199097,0.3620201899765509,0.49828535288667786,0.7332649343166315
231,11,11,0,1.392407575887059,1.1647675084288274,0.5513126491646778,62,0.7576343282504381,0.2392470720892591,0.2177802508766596,0.9431873228333191,1,0.6936405001875235,0.41864841718980556,0.8281980409972384,0.3579850803145725,0.9274030909972751,0.3835736398645003,0.3345618106004596,0.6401068647074193,0.7169211166495252
85,5,4,0,1.394132296819269,0.6046396935588527,0.2293144208037825,58,0.7611641135120564,0.26263595772068205,0.06905647803929335,0.9756778176780259,1,0.18617849036632905,0.2780626123779524,0.2131570272279465,0.4498292338912504,0.7248243940313286,0.4053661097369864,0.37364054718039275,0.5762842506385288,0.6901871422554167
67,7,3,0,1.3945766571216018,0.7926290181116109,0.15602836879432624,53,0.7511689512107469,0.27469449838494303,0.09498857810213882,0.9741254821959113,1,0.22505453699614064,0.3558517351199554,0.12,0.4124811114460314,0.7424712222207007,0.40560236903247293,0.370005079468089,0.5707780022566533,0.6880703201746401
362,2,18,0,1.3947808999968672,0.28417267634487986,0.9016786570743405,2,0.7793751653895488,0.24293462771893146,0.003861041798164129,0.9863324247764396,1,0.88,0.37889690179317315,0.8155936226307766,0.2573880186467814,0.25,0.3370215412123169,0.3137937424524,0.65,0.6450407908271063
246,6,12,0,1.3949000487877652,0.6787483609114808,0.6019184652278178,47,0.770887836277656,0.24210608474713005,0.07911635670467738,0.974271797591217,1,0.7122505411973876,0.308979652399033,0.7866856338526038,0.3209322864404667,0.7322470974398324,0.37954469386985246,0.321828524779301,0.65,0.7215619291999071
220,0,11,0,1.3949215359106417,0.1819372344912461,0.5651162790697675,4,0.7738041449885862,0.3131737792730987,0.002471973294718018,0.928072213253125,1,0.28034466981731226,0.24258297932166145,0.6273132688117796,0.3076784254716416,0.25,0.33410671042510764,0.27542424535850113,0.38807541673552565,0.559190346140271
11,11,0,0,1.3950028519318112,1.193437562807732,0.03480278422273782,84,0.762794967634488,0.512686987818768,0.22003460029172867,0.663714940659187,1,0.26790441484279864,0.4319703063737514,0.21177651681238086,0.38135323527587345,0.9209256170300592,0.8,0.400050670739191,0.37397074540726183,0.17473680898146296
65,5,3,0,1.3955004642556161,0.6330608348358786,0.1761904761904762,78,0.7599250726001264,0.26098103115953614,0.0817332474309845,0.9774764531790494,1,0.18171202192875263,0.273822178480657,0.28653600309193294,0.44831790668986343,0.7706471384075007,0.4200478538274267,0.40112839081490054,0.6282356001921471,0.6904720129943742
200,0,10,0,1.3959297055547113,0.1862528740284438,0.5325581395348837,6,0.7724540777494647,0.3131292920494309,0.002530609701473421,0.9328097196804728,1,0.25470351911429934,0.24833716537125838,0.6757184488582931,0.2809920749572456,0.25,0.30868089918229735,0.2267537094123154,0.3772012350377655,0.7116511256122338
284,4,14,0,1.3960077707311795,0.5222310278567726,0.7057416267942583,28,0.7781805237486321,0.24282823332095757,0.020977723507048882,0.9844351712413179,1,0.88,0.40496235940118896,0.8099225657097345,0.27608021279036005,0.4298597270694383,0.3952533482042436,0.33233203179911913,0.65,0.6910787860253305
101,1,5,0,1.397615545958587,0.2686200864561996,0.294811320754717,41,0.7756911775441644,0.31220706437901835,0.0036497294355461907,0.9301817806756083,1,0.3905105725447122,0.35816011527493286,0.21097770284084488,0.3074015812817907,0.25,0.3125518206611341,0.24789136235918416,0.49696246398796295,0.371288005612798
66,6,3,0,1.3980461593710574,0.7509409573090722,0.16113744075829384,63,0.7771123822742195,0.2643764188672289,0.056034591935563996,0.955077298552221,1,0.3822227234785246,0.4272483661446992,0.2540822571481519,0.4127634509453303,0.5858738669853261,0.40932810642842643,0.40408995282637855,0.6282619844193575,0.677854775154934
266,6,13,0,1.3984473222377776,0.6805869746494297,0.6571428571428571,58,0.7732255794725618,0.24191975960103979,0.06828621471914678,0.9812092400417332,1,0.7296806900909237,0.33393255431021207,0.7711754141329963,0.30238039228990854,0.6793657041068113,0.4132807902936412,0.3788220210118699,0.65,0.7056654844199555
82,2,4,0,1.398495588141592,0.3375,0.24129930394431554,124,0.7906878198469716,0.3117329290954445,0.004585597826086957,0.9020483683633618,1,0.3811490895392828,0.45,0.3221014272330014,0.3611478204998333,0.25,0.3589458529904156,0.24355870004734134,0.37615680836481064,0.480513731241797
180,0,9,0,1.3993873891023587,0.1809563676825217,0.49184149184149184,3,0.7777737227562082,0.3130878226641371,0.0028794986637131516,0.9289877105626788,1,0.2452655686459304,0.22294728807059389,0.6539441074506239,0.27903005395959196,0.2705517961196636,0.29339380198105364,0.21938720789366864,0.38623242038413746,0.6665138351845409
303,3,15,0,1.40115002318775,0.3886128151598593,0.7517899761336515,25,0.7826801038002431,0.24481464880247442,0.010130685065838467,0.9880729159462042,1,0.88,0.374072773161571,0.7449088480780078,0.274075518521621,0.3462898514598282,0.37089160735701776,0.3588603929995141,0.65,0.7077982577424593
265,5,13,0,1.401437848437837,0.6344826479029233,0.6595238095238095,44,0.7734372603811799,0.24420602820046527,0.06167773253002361,0.9871240549008393,1,0.8248857767764117,0.31627528356471746,0.7773171829006217,0.3064754899272536,0.6687029526427232,0.41519904994833956,0.375780585499013,0.65,0.7058135001845317
247,7,12,0,1.4031815847915845,0.7829835523858759,0.6028708133971292,50,0.7777151212284378,0.24249801700269633,0.08015144419616217,0.9763743324451326,1,0.7403432819326853,0.38034097218681595,0.7694552854950004,0.3559846979635401,0.6862119428294549,0.37807598471625853,0.35949421586293867,0.65,0.7183450226763107
249,9,12,0,1.4032682858629681,0.9897198919774319,0.6150121065375302,58,0.7604194528249245,0.24215164096381647,0.17604117503169014,0.9731295550995946,1,0.7539651602371726,0.36472131805151986,0.729080435577281,0.45,0.9045444133115959,0.4034946635768486,0.3840392085427433,0.65,0.794206193150985
267,7,13,0,1.4048586130211471,0.860614170591926,0.6738095238095239,37,0.7740787065199917,0.24388690787615758,0.07603264688152506,0.9872598463735429,1,0.88,0.45,0.8196831197338856,0.32686597053361716,0.6374919782162415,0.41587268763275226,0.3696503497491034,0.65,0.6819178449975168
84,4,4,0,1.4055992383717526,0.4954705420610087,0.2219626168224299,63,0.7824523447696323,0.31144632628058694,0.015443249749322676,0.9286701610239244,1,0.34296001240193863,0.436171455218827,0.12,0.45,0.37865120556963194,0.311561901983203,0.26139750863128786,0.39870698940085164,0.4622026622673307
63,3,3,0,1.4069253861278483,0.43652481422652356,0.19953596287703015,82,0.7862970055211743,0.3119464679539284,0.011467194090260485,0.9247234156233155,1,0.3504416457572262,0.4185859548978417,0.12,0.4261611329760174,0.34761861860451887,0.28256784006585267,0.23939060941386472,0.36715029241627184,0.444391132887962
64,4,3,0,1.4086756119781214,0.49362338883231216,0.18937644341801385,99,0.78751776152997,0.311314124620152,0.014347023808521422,0.9252627667527421,1,0.3074764579946167,0.45,0.1349218786242729,0.43254865565519807,0.3656469546906016,0.3415209178516735,0.27176032196895245,0.30600218103733584,0.4576836763601398
248,8,12,0,1.4090692635311126,0.9554714547558559,0.6467780429594272,41,0.7757212738543835,0.24326585306560433,0.10404657332597181,0.9818114969574652,1,0.8583438892214582,0.45,0.8073452691606898,0.32918591000920655,0.7077566331524858,0.43230742506027553,0.3748135745090686,0.6381960829118711,0.6590667689192182
30,10,1,0,1.409425845036192,1.129537472826754,0.09048723897911833,87,0.766886008049557,0.5134618151731799,0.2836962154169507,0.6581393726333098,1,0.3096379666423853,0.3502870028181379,0.27778545277989336,0.35714272861553426,1.0748685732360135,0.8,0.49142225209142093,0.4322695699619372,0.2994749120560662
48,8,2,0,1.4106138865915818,0.9232090313405892,0.14489311163895488,72,0.7581345098620379,0.2561675897041308,0.1830082536025163,0.9755878623139508,1,0.2198428093038245,0.3222660512073115,0.3391971039780185,0.3779938113799857,0.9549139371873575,0.41758326164753173,0.37784390993873096,0.6334307325832594,0.5888073020093524
269,9,13,0,1.412072207624218,1.002379948887419,0.6650717703349283,35,0.7730815199437928,0.2422477115654767,0.1349362972923138,0.981759144878448,1,0.8449782976687913,0.42460391192094943,0.8263683883454374,0.3548889136651824,0.7869137335959017,0.4202644094825759,0.38129818234682317,0.65,0.6682519651414454
240,0,12,0,1.4123785312289823,0.18545030877322305,0.6175115207373272,5,0.7840205849864065,0.3135281561496968,0.004359272889872757,0.9414440271795057,1,0.22019640110654334,0.18798973785069167,0.7947393278445557,0.25275206079690177,0.32883055371975406,0.27309356137082,0.19186710886094743,0.3982061913964012,0.8109754959848055
81,1,4,0,1.4135110799067094,0.28320267143911126,0.22811059907834103,22,0.793735764083996,0.31267014606576543,0.003847862383683577,0.9253413406261879,1,0.4306745036255372,0.37760356191881506,0.32292328044676916,0.4013020182239443,0.25,0.25187865014050215,0.20621515829566778,0.2610816049217846,0.3288530881260835
268,8,13,0,1.4146051123339782,0.9272661364382271,0.6570048309178744,43,0.7690209867018186,0.24314342476664147,0.1453962456548163,0.9898663282357513,1,0.88,0.36394003521056495,0.88,0.3598055488497431,0.8492847234222146,0.3678120525813402,0.3229181534287301,0.6415575360132211,0.7671202266065603
62,2,3,0,1.4147846660501604,0.377792482979068,0.17865429234338748,62,0.793939889493971,0.3122954909290029,0.008192939042698676,0.9261168865662964,1,0.34267118000580293,0.39871257789969183,0.1871464484909582,0.3404162581093713,0.3158436293207961,0.23154876731201213,0.17673251599941014,0.3399399845644203,0.41670428208473054
232,12,11,0,1.4179471524277634,1.3152810470425156,0.5584725536992841,63,0.7696350369016047,0.23915199220696168,0.2714127950550405,0.9489071208233395,1,0.780203490405019,0.45,0.8659810733971651,0.3852336927841554,0.97428225706853,0.380814454908567,0.33413065461925945,0.65,0.680086669089139
233,13,11,0,1.4179535731726862,1.3950337079236834,0.5547619047619048,46,0.7670999830961182,0.23853361494535077,0.3294174091352426,0.9314066015536884,1,0.7674627529190474,0.44617333138415155,0.88,0.39966643766345544,1.0422210456460257,0.41152349175999525,0.3462164779628468,0.65,0.6761140058578935
214,14,10,0,1.4181693418201609,1.473608314014775,0.5322195704057279,37,0.7622726483188323,0.23771908522053062,0.3816988229420896,0.9213947726052905,1,0.7529242603016576,0.45,0.7791015246920652,0.40235931570333683,1.0915617140850187,0.39934009992599684,0.3460289337054295,0.65,0.6682094579817148
271,11,13,0,1.4203928295611163,1.1964927520945274,0.6521739130434783,27,0.7655908249242481,0.2421849238409582,0.20687420750144678,0.9846694024321995,1,0.8775398221856787,0.44721026545839304,0.7611371050336462,0.45,0.8918196834234978,0.3927324197993799,0.3607622287189466,0.6246405346108901,0.7757318047907721
250,10,12,0,1.4235757595551197,1.130767793581504,0.6255924170616114,54,0.7772164885413744,0.241864026043539,0.17246259745380355,0.9818694770024301,1,0.869084754035046,0.45,0.8412320319406699,0.45,0.8376057730233363,0.39114105412036737,0.35859972701609394,0.6309636969791182,0.7173616765642525
176,16,8,0,1.4236388099821615,1.643373326103356,0.4004739336492891,43,0.724340227930178,0.30405185792617107,0.74131533242651,0.7980191732071916,1,0.4873086085652344,0.380279302359758,0.8683340878522243,0.4175561008989345,1.440496775138418,0.3436187751043823,0.2706019093954564,0.5816400250441665,0.5088233163253523
10,10,0,0,1.4236710529210392,1.1470974874015032,0.02558139534883721,75,0.7748588835166214,0.5152343652063869,0.1926395850929591,0.705334139565265,1,0.3453520399661877,0.4350383620244159,0.28514864259570344,0.37261339810940347,0.8789243949764013,0.7935476383703022,0.3580689723688609,0.4320222434167524,0.18040956038538095
251,11,12,0,1.4246292825501103,1.2115983067502274,0.6152019002375297,59,0.769812525824114,0.2425806587477233,0.23002890163688117,0.9750412940495168,1,0.8371029036801774,0.4321620362608053,0.8365404667530537,0.4211593645739495,0.9345247114819378,0.3966292554779926,0.35960570706928197,0.599658331876409,0.7515764843856741
195,15,9,0,1.425892872122996,1.5554596533566079,0.4595238095238095,29,0.7615174328656202,0.23747953786806641,0.4489013205280357,0.9117108124354707,1,0.7610397207918653,0.45,0.8095590599578874,0.41493813474888597,1.1521923358197095,0.3896075018556347,0.340012540018086,0.6059623671574201,0.7326114949688226
46,6,2,0,1.4268443941624886,0.6898580636751697,0.14928909952606634,75,0.7859182928645655,0.26532956104482797,0.09852834105942344,0.977111305127249,1,0.1739792770647688,0.2836996903547421,0.26099082125398704,0.3572186744137414,0.8105496611723021,0.3805009438191063,0.379977519561502,0.5675929418399571,0.6800514055441871
381,1,19,0,1.427433190433853,0.2205556140097077,0.9835294117647059,20,0.7754309723977706,0.31469578978613794,0.0029966795381753766,0.988109974470757,1,0.88,0.29407415201294357,0.6707174517879605,0.31237150722504753,0.25,0.30209464635015115,0.2591881393442956,0.45048038525450784,0.7430834613287478
61,1,3,0,1.427659425545478,0.2723078483866979,0.19770114942528735,7,0.8074373003024631,0.3127465533520543,0.003699834896558396,0.9262177631753522,1,0.42997758129348845,0.36307713118226387,0.22693216952290002,0.3943948832244773,0.25,0.23331016018029155,0.18772284481984763,0.2839869414312102,0.117267038494348
342,2,17,0,1.4276955801775344,0.319478414386957,0.8782816229116945,25,0.7790145028676775,0.31598237320474337,0.0043407393259097425,0.9796434856846066,1,0.88,0.4259712191826094,0.8634283086906911,0.3750487166489338,0.25,0.36402135290343823,0.39911511474690364,0.65,0.9790061792311157
280,0,14,0,1.4292951462150372,0.18555552314639337,0.7257683215130024,5,0.7765935445510678,0.3769461611515815,0.0025211348253586056,0.9274485882462141,1,0.30510286754787874,0.24740736419519116,0.5117923309005233,0.42532098043711003,0.25,0.35042216331865506,0.33639886533648805,0.6144645463736099,0.7135313882084182
323,3,16,0,1.4336127515471864,0.40818216809313745,0.8317535545023697,10,0.7827670507263669,0.31618945929512626,0.009186603268884931,0.9818273010389591,1,0.88,0.4228666068861334,0.88,0.37659277757793413,0.3217580212815196,0.37070422271961845,0.4254159522354637,0.65,1.0393220619248025
45,5,2,0,1.434712777850021,0.661020461037901,0.14418604651162792,89,0.79706704259175,0.3101063658519123,0.03445238878769271,0.9514041491495528,1,0.28549587741657706,0.45,0.12,0.4175614641659306,0.48964478595400074,0.3005153222176879,0.22356332839269222,0.39596907427680783,0.4169932517749345
300,0,15,0,1.434980949010296,0.18506613158128513,0.7523809523809524,3,0.7706809321735126,0.3950539462987157,0.002514485483441374,0.9325402931814747,1,0.37150351647636387,0.24675484210838017,0.6658114554869241,0.33626026884103954,0.25,0.37693091991215844,0.3663369200545697,0.65,0.7514036146975795
252,12,12,0,1.436606993087771,1.3264414139642524,0.6199524940617577,63,0.7726570190059039,0.24207207670943812,0.27838052530837604,0.9744756613309455,1,0.8435133986586165,0.45,0.88,0.4028967262175984,0.9825491955290758,0.38834390575616434,0.34760662207881793,0.6231961953936126,0.7200254436951256
44,4,2,0,1.437110179723586,0.5582361034953679,0.12100456621004566,75,0.8037470114947218,0.31099030682051915,0.029781254334842685,0.9438235279032718,1,0.33392242425387936,0.3756256300134884,0.12,0.395681926225676,0.49538339851420865,0.30824930113537435,0.25171024032536704,0.16557899622599023,0.4852192322139483
285,5,14,0,1.4377180502176823,0.6602323453029455,0.7180094786729858,33,0.777518854973731,0.3156678007290151,0.0497806000545993,0.984818349737048,1,0.8096567828837193,0.37369299868600026,0.88,0.3638880620765957,0.5889258006121697,0.38390871278809713,0.40620244409675327,0.6132691427131339,0.9288576468859217
28,8,1,0,1.4377954344411699,0.902695403344471,0.09501187648456057,86,0.7645639713477899,0.26679581119735957,0.25149437824599163,0.9790693636910037,1,0.21973373978755223,0.26579544565390256,0.28737534831988715,0.41143209726230917,1.1320678089168468,0.38532650784751526,0.382776952143451,0.589328224124032,0.7167584470196016
29,9,1,0,1.4380623766491083,1.020596764362886,0.05092592592592592,87,0.7804589595584688,0.514717627859383,0.17488375856705812,0.7305357028950731,1,0.2913372954768274,0.3831831214471241,0.1442647227378647,0.29901125356968733,0.8878233471492815,0.799619637105428,0.3085705327001779,0.39779942037276184,-0.12085899570404485
287,7,14,0,1.4382607463556571,0.7713116596360388,0.7040572792362768,14,0.7757884257830577,0.3189712729940773,0.05473489896738596,0.9840794085641672,1,0.8376288112909198,0.45,0.8682376451553095,0.36555592404423864,0.5713419701007695,0.39232981444013176,0.4206947097519068,0.6338707772030925,0.9225087854670598
272,12,13,0,1.438933547055182,1.2892440165175099,0.6602870813397129,38,0.769887640511875,0.24158166732748296,0.2962685955161087,0.9780027075526877,1,0.88,0.41798404724155386,0.8375594212818942,0.4153112306881431,1.0281445149448116,0.40866839741485034,0.367835240189716,0.65,0.7203662091685498
43,3,2,0,1.438938057092578,0.3981285340994515,0.1480637813211845,65,0.8149586185460123,0.3123369279403761,0.008083895406796082,0.9323883909900372,1,0.40461150381522226,0.4342346185305074,0.14459811829244973,0.4415285827857499,0.3056170689835505,0.21925389397002726,0.19035496948555874,0.1595766180529435,0.446109589011179
286,6,14,0,1.4403862029866281,0.7610547860167964,0.7214285714285714,22,0.7763797518126787,0.3184747661028713,0.05546848714713965,0.9873507413861718,1,0.8661506154298244,0.43812753794992215,0.8425726230128431,0.3766490865868963,0.5790207341435397,0.395641245297633,0.422616827298033,0.6482151656596428,0.9130251579051796
343,3,17,0,1.4406720101121153,0.3957315931531558,0.8537735849056604,2,0.790063277830943,0.31590224207605444,0.007392252651345491,0.9823583214257522,1,0.8774534266866708,0.45,0.88,0.4079664642279061,0.2931345134467821,0.35565026016876283,0.42981817302635766,0.65,1.0731638123153802
196,16,9,0,1.4420440069244465,1.6485549596617706,0.46904761904761905,27,0.7671355698949459,0.23795603385900505,0.5375637278292623,0.8968353490682913,1,0.6650365009729695,0.4486833939828496,0.8114965297817461,0.3952737610807514,1.2247351412079706,0.3809025947394677,0.3458005360558934,0.6238242613565115,0.6129835734417821
253,13,12,0,1.4445885930081737,1.350928328787902,0.6348448687350835,50,0.7672771325115252,0.24116382203683517,0.3489559276912074,0.9738767278799787,1,0.88,0.41310742678079615,0.8746181584695347,0.3803208796150506,1.0900540966750634,0.3851262186799893,0.34062778442504915,0.65,0.766924184529915
25,5,1,0,1.4450181230776427,0.6021669982572171,0.09567198177676538,77,0.8105840770113146,0.3107780395385237,0.02940555638548008,0.9463278300399404,1,0.29280384666267184,0.4235069622995886,0.12,0.43107314903358057,0.47395285230379475,0.30561386566978377,0.23250575620976727,0.15,0.4877952148798802
215,15,10,0,1.4453695430500377,1.5814952405429903,0.5107398568019093,47,0.7664897930653894,0.2370361992726734,0.5381443913540882,0.9054655441549876,1,0.7318586054725882,0.42135898012045536,0.8624964272370957,0.3903778055955263,1.2511067879229587,0.4049322447878716,0.36310458378295646,0.6376527446058109,0.6462016954474854
234,14,11,0,1.4455660146138496,1.4911524130763483,0.5605700712589073,63,0.7741647601228355,0.2400397607939871,0.39549476409050377,0.9445648425518394,1,0.8273782035025592,0.45,0.7750208872353125,0.4232390238819625,1.1045573430195172,0.3870772722479283,0.33129132431404573,0.5962798834845409,0.7046311093130089
305,5,15,0,1.4457472065265178,0.5958199112928615,0.7511848341232228,4,0.7897365564391812,0.3158469181696328,0.02523014049166669,0.9860823258083736,1,0.88,0.45,0.88,0.4463033016224986,0.44134808243915663,0.3551584582733787,0.41111600839651496,0.6324508718657031,1.02468548565974
42,2,2,0,1.4457786891348565,0.3749022546997607,0.14482758620689656,30,0.8149267448806602,0.31242463819523714,0.010268572764644057,0.9451718212072981,1,0.4442288276014753,0.35206419984401865,0.28410348644762967,0.3814865074459429,0.3549563354883005,0.2053627030853825,0.15,0.26588370593228317,0.2561718184913676
273,13,13,0,1.4478195861231635,1.3728941696780979,0.6626794258373205,19,0.7720984906905192,0.2413622816381322,0.33278034733111583,0.97696777029471,1,0.88,0.4333877037008922,0.8328303321042092,0.3863711773077075,1.0559399493450767,0.4136630532555922,0.372299638587217,0.6467507474677638,0.7305425764957979
320,0,16,0,1.4481942906956349,0.18129207349975485,0.8313817330210773,4,0.8060498233649745,0.3148181463551058,0.002463207520377104,0.9684855052980638,1,0.5911247312823457,0.2417227646663398,0.813303190530716,0.34608780997682453,0.25,0.3090966083290475,0.33203274766119434,0.4910700468648117,0.9031160634135564
197,17,9,0,1.4496366058947299,1.7364172961863047,0.4738095238095238,30,0.7602546441617758,0.23638935015892565,0.6245064680045277,0.8925719861051717,1,0.7794725459247956,0.45,0.7307681942589093,0.26398773121860014,1.2862350342120776,0.39719699097804706,0.3417095922430149,0.6231985803353821,0.6726333547418647
304,4,15,0,1.4497174069748013,0.49568293575341804,0.75177304964539,9,0.7915373191460553,0.316173634202952,0.02594927229541993,0.9898068325363719,1,0.88,0.33670005721390706,0.7930205660042452,0.39893725522652934,0.4907265137355456,0.37194541647018503,0.4322252505646877,0.6294914701343546,0.9821320878026364
289,9,14,0,1.4501230380996617,0.9895836850129376,0.7357142857142858,19,0.7754666181870374,0.31511405744273474,0.11559317990413859,0.9879615104208584,1,0.88,0.45,0.88,0.2908624584705123,0.7330249518614352,0.38283525337020924,0.40926331853760795,0.65,0.9533066683682788
26,6,1,0,1.4527366288320858,0.6772811156604809,0.08181818181818182,86,0.8123084312478019,0.3105630630540205,0.04688903663117207,0.9515377174620787,1,0.3134516997779222,0.4000530854159979,0.12,0.4011119031699166,0.5643260360111172,0.30084309334893977,0.24505854451876324,0.15,0.4610973142881361
290,10,14,0,1.4601959725399465,1.0594561718576743,0.7261904761904762,20,0.7757310718822259,0.31520578049024256,0.16543714509595422,0.9875491627868169,1,0.88,0.41668494441768744,0.88,0.36978092258182366,0.8475277593228558,0.37304280745199253,0.40491751375275536,0.65,0.9695688733259896
27,7,1,0,1.4605751792234551,0.8341576625560171,0.09339407744874716,74,0.8147189441575953,0.30865881873935347,0.08548802783545056,0.9488584402581858,1,0.3184757701261675,0.4049667770068913,0.1250937340066771,0.4014605595873462,0.6866058402134242,0.302741697889589,0.20945135951885677,0.17627758336243893,0.5753919681476766
177,17,8,0,1.4606463589395784,1.7486034799323154,0.40941176470588236,27,0.734540688996641,0.30352638410585786,0.8552951804016761,0.8065668836193464,1,0.5141148134283187,0.38857855109607004,0.88,0.37641593756167313,1.5,0.35159796941557786,0.27266457851422093,0.548110734811093,0.5166839066134615
235,15,11,0,1.460654410305576,1.607820591524804,0.5875299760191847,50,0.7647624077556281,0.23931075926076062,0.49577815914110096,0.9541619821826949,1,0.8485655367937889,0.45,0.7871624129632624,0.4225937783526481,1.1909782159442992,0.3804913479673862,0.3373298377501679,0.6075292880407726,0.7653503943558285
380,0,19,0,1.4607513005642785,0.18436160396616963,0.9575471698113207,8,0.7814862840170756,0.37059654004802584,0.0025126331555274813,0.9869284397841687,1,0.88,0.24543754777268673,0.599029338105317,0.35668948216449176,0.2503849494358501,0.36747205877133066,0.3334778667692532,0.5426032973178323,0.7177718675188264
288,8,14,0,1.4623110172535938,0.9217301096165981,0.7071428571428572,26,0.7898581969499883,0.3145914047000389,0.10152175842188506,0.9897055325384181,1,0.88,0.4316442158096303,0.8427650637434249,0.30801729786679366,0.7117977227979445,0.340852617808174,0.3805377256885413,0.65,0.983990198599549
270,10,13,0,1.46340122710683,1.114293622256564,0.6587112171837709,49,0.7748490567653222,0.32792950341017374,0.16503405311508582,0.9831612160268074,1,0.8455726952798429,0.45,0.88,0.45,0.8254026831530104,0.3649131686788284,0.3587177438988999,0.6104626714780912,0.8963933153460963
274,14,13,0,1.463745129051225,1.4496259666032654,0.6532066508313539,22,0.7795985235895687,0.24199608036452194,0.36336451277712645,0.9809513254479398,1,0.88,0.45,0.88,0.3906591216204825,1.073797012298715,0.38939190744041013,0.3744004488062158,0.6494103334866139,0.7520989266362657
254,14,12,0,1.4669644879608688,1.4837500426959251,0.6128266033254157,41,0.7710413488659286,0.24202282134106579,0.44288936290144626,0.9726677116882361,1,0.858624077315134,0.4220785882501464,0.7904160689306587,0.45,1.1717802355617049,0.3979758277577927,0.3583030558288783,0.5658500472074688,0.7349060308769214
291,11,14,0,1.4798499957417408,1.1719053357351281,0.7071428571428572,12,0.7779167219943546,0.339537490342976,0.19197833739468764,0.9875377221939216,1,0.88,0.45,0.88,0.3078637628215328,0.8680780264704652,0.3871365674141532,0.40349366026665023,0.65,0.8844696836347986
255,15,12,0,1.4800525875397832,1.5708053394109927,0.6177884615384616,47,0.7699234958988468,0.24114273745954898,0.5195965753166385,0.9712768156956685,1,0.88,0.42447316809371816,0.7735407312010205,0.3836600000155076,1.2335332811615074,0.3778615448366398,0.34346288947103637,0.565113217776834,0.7868033974432954
216,16,10,0,1.4848634030453907,1.642573912461907,0.5402843601895735,35,0.7732590896233972,0.23871823541147183,0.5759222336211272,0.9541214979840642,1,0.8540877259274215,0.43112706598125555,0.7705210852968598,0.45,1.2699843751194861,0.37714322270598344,0.3361553756510919,0.6103796032000527,0.7067552673752174
236,16,11,0,1.4848644856276791,1.644484458799797,0.5815602836879432,44,0.7755810033208003,0.23986219563018452,0.5542906928061495,0.9569884918611137,1,0.8383221368714764,0.4402260080301718,0.8056530637887593,0.3885646263289385,1.2451819662345565,0.4028581415525169,0.3615630459219415,0.583260951799301,0.6787247058043467
9,9,0,0,1.48985729776122,1.0277964804861786,0.02564102564102564,54,0.7962100318919677,0.5154220850737522,0.17696248534578266,0.8010874525264386,1,0.33138219751336434,0.38496381908943356,0.17853081602404677,0.341667292358048,0.8899507170286429,0.7646282960588945,0.33895685391707847,0.36274449877646103,0.18803542472105114
256,16,12,0,1.494577120757711,1.6397142944224843,0.6023809523809524,37,0.7812318687833706,0.24166357744410527,0.5258709489379125,0.9746785469294106,1,0.88,0.45,0.6709662578548603,0.32943528800479954,1.214603181053692,0.3878352360879395,0.34622611121043034,0.65,0.6786015930034619
217,17,10,0,1.4971700737075837,1.7695481137903695,0.5441527446300716,34,0.7708579727982261,0.23699457541035665,0.6957970207117149,0.9373108181236723,1,0.8424436318090917,0.4385833195691044,0.6856128228894163,0.39273778946852633,1.3448969555954993,0.42488250975763175,0.3670006482547372,0.65,0.6603889502601497
198,18,9,0,1.502870828018566,1.8909975682211446,0.4964200477326969,22,0.7692065425452526,0.2366981197000589,0.806580173409451,0.9079983818827876,1,0.8176278199639219,0.45,0.7528658117691237,0.3423842550933632,1.40073893942307,0.39144423654721255,0.3367376074615347,0.65,0.6262545516053128
237,17,11,0,1.508336582303591,1.7508648678850771,0.5632458233890215,41,0.7788800633107039,0.2379869629571941,0.6834193711154798,0.9475583265823884,1,0.8326444665099593,0.43554710345378994,0.7698911534547046,0.3749938437848473,1.339973605610901,0.3903930113805119,0.3567970573149958,0.6052919951191148,0.6796975423196082
218,18,10,0,1.509819576192448,1.8495175484251611,0.5320665083135392,33,0.7719720123156324,0.2386318075632253,0.75465768714241,0.9352002453334421,1,0.8317395959081725,0.45,0.7301697725771916,0.45,1.3700129988334526,0.38287862281752194,0.3269636361628188,0.6023831273290133,0.6949951473545998
238,18,11,0,1.5144491528383641,1.8929567110124683,0.5502392344497608,42,0.7678455864308726,0.23737624027335996,0.8090897114575966,0.9321950079585848,1,0.8504686643608637,0.45,0.7690411937307006,0.34335661024265707,1.4021901563055321,0.4000797461976029,0.33868600343105165,0.65,0.6386676670491237
178,18,8,0,1.5152745512515235,1.8689543535803752,0.42992874109263657,22,0.7544356738796298,0.3364626972168214,0.8556229281583735,0.8429658862636168,1,0.7150387637548078,0.4292958244005995,0.8532643522145553,0.25273252794602874,1.4511782997112277,0.40572865461095314,0.3224731363041141,0.65,0.5895710844574946
257,17,12,0,1.5157777544489563,1.775471081393619,0.60381861575179,28,0.7800698002839727,0.23984162280386112,0.6675986353269514,0.964534831395326,1,0.88,0.45,0.7826806737515571,0.30573391740485006,1.3151637639952733,0.38657151098625536,0.33665999698270865,0.65,0.6287001365256769
24,4,1,0,1.523406718165576,0.5136010046606851,0.09111617312072894,57,0.7959019288371894,0.5198709078763932,0.016160404425441772,0.9286745090102032,1,0.22883713764470126,0.45,0.12,0.41366990446197643,0.3804451886375445,0.3529859752597371,0.2900753640867427,0.15,-0.6571850396379364
360,0,18,0,1.5298457138411221,0.185309827045276,0.9107981220657277,3,0.7835414144343942,0.5219068692327922,0.002517796563115163,0.9696946109554175,1,0.6890122802665547,0.2470797693937013,0.6725584294661467,0.3518450112816892,0.25,0.41661334701574043,0.4467063126573943,0.6093912808493103,1.3497670318248072
8,8,0,0,1.5299636147264248,0.8936067158713189,0.041666666666666664,48,0.8066403597844367,0.5144109052404677,0.1753126449862722,0.8621105466489997,1,0.2591967216310214,0.31355436028906397,0.2900826502335665,0.3447914657563235,0.9499753249032671,0.8,0.3492787645953953,0.43217175721362344,0.16817946161282707
23,3,1,0,1.5312797697008644,0.45661382325319294,0.09174311926605505,36,0.800335391711687,0.5194373026926488,0.01399705971089866,0.9368526294013465,1,0.29405877274383035,0.40532650522832897,0.12,0.3385294927465537,0.3755111145897657,0.4000531753307498,0.3990253431728418,0.19037943144510497,-1.4
258,18,12,0,1.5361715738900208,1.8527502717682933,0.6196172248803827,15,0.7810275922579039,0.23972685855648854,0.7586217470454024,0.9671124058895844,1,0.88,0.45,0.6908516695235223,0.3031419383754861,1.3724076087172543,0.39391675847658636,0.3670971068024685,0.65,0.6964894536647779
7,7,0,0,1.5365118098238746,0.8117803240819119,0.04861111111111111,34,0.8137389677742703,0.5161458854968649,0.12601504762366306,0.8789937795528779,1,0.3020609697088135,0.3202184909284788,0.17072492057989683,0.3483259689567094,0.845027532844987,0.8,0.32466085625514984,0.32621944300029293,0.19772160038532963
239,19,11,0,1.5396249982142018,1.9316626933132006,0.5938242280285035,43,0.7695182788150031,0.23954618911696848,0.8597427220495786,0.9567701608615976,1,0.876776863415113,0.45,0.7554405472859086,0.33435050913628406,1.4308612543060746,0.404844764800817,0.3663454359276639,0.5887540060513922,0.7302612389108342
5,5,0,0,1.5433581708652002,0.6335784345459432,0.04772727272727273,32,0.8166005278302985,0.4880758208029971,0.04037939985645154,0.9492877053242258,1,0.31059896584749924,0.3900501769515316,0.12,0.4199599272653216,0.5414503671448344,0.2804885641901695,0.2591646182869268,0.15,0.3819630355213561
179,19,8,0,1.5472112536947904,2.0250000000000004,0.4218009478672986,18,0.775636585739535,0.3015277154707252,0.9904891304347828,0.8454259682658727,1,0.7635867239645399,0.45,0.6919841166862651,0.2680955548918318,1.5,0.3978714017391329,0.29554158249200857,0.5932585207050991,0.5390829289329095
6,6,0,0,1.5481304224667265,0.7128184479936501,0.043478260869565216,35,0.8061976652210109,0.5193573186405205,0.043202753177327705,0.9472270945799794,1,0.33916779167604183,0.45,0.12,0.3718249166568751,0.5280136651804815,0.3867062773152378,0.3197633572100602,0.19590106833872645,-0.673373833270963
4,4,0,0,1.5543796090243227,0.5687135022251524,0.04100227790432802,11,0.812375240887819,0.5182352323110393,0.026270761000866824,0.9552651995616213,1,0.2621406915999111,0.41124801205857286,0.12,0.30250165006129803,0.4609655532666357,0.4116063394466517,0.3854419649585421,0.16362125363941538,-1.1271911802517707
219,19,10,0,1.5565398384007278,1.9308321398075412,0.530952380952381,32,0.7815562460900974,0.23810192622778842,0.9444287640362975,0.9340937527789536,1,0.858529979092147,0.42907380884612023,0.7678532953297789,0.3223645807668306,1.5,0.3950703682051832,0.35226043421878245,0.6323818626645371,0.6104427228877737
199,19,9,0,1.5615233834857174,2.01968495322558,0.4750593824228028,26,0.7771692245621392,0.2367506456449421,0.9878893792951207,0.9368019204841658,1,0.8551199370779284,0.44881887849457336,0.7615600764921073,0.4038054619157528,1.5,0.4083412330532522,0.37225816974416953,0.6195356568594088,0.6783563142016474
309,9,15,0,1.5634217339295224,1.038319280179817,0.7523809523809524,1,0.7787778285105694,0.522930801142541,0.14617803945988977,0.9878857939114091,1,0.88,0.43008583635692493,0.88,0.3665606569555642,0.804738025456329,0.4248299276675786,0.39821900722844766,0.65,1.022101405540233
22,2,1,0,1.5709514397644175,0.3756304171958945,0.08466819221967964,6,0.833394881302923,0.5192365184215191,0.016989992101384393,0.9490806016609166,1,0.3524132330090006,0.27450127745710595,0.2624420983004936,0.3246911410374896,0.4561368173773389,0.334127154051504,0.40981569103078425,0.21373082252038958,0.4504571004252941
41,1,2,0,1.576658046075973,0.2816571416376983,0.1252847380410023,1,0.8291930573468237,0.5197729528721465,0.02603057625872138,0.9647447940826636,1,0.3703965762546884,0.14399224057765955,0.25240218224529426,0.22865780312604406,0.6520192581391026,0.31292380159712685,0.38379658576759684,0.16778082018330806,0.23071294145417504
2,2,0,0,1.5910603747947316,0.3507006989631782,0.04794520547945205,1,0.8437195597699275,0.5183291948533574,0.032106717535940826,0.9635097481818744,1,0.2707527372349899,0.18013861650939103,0.219510364202539,0.2739201029825776,0.6489459908871443,0.31062703796457386,0.4427852523967988,0.1501061294025854,0.31544520072965454
3,3,0,0,1.6099041356931147,0.47342779476172003,0.04377880184331797,1,0.8622654405453329,0.5165169576181483,0.03787008285171753,0.9636123995367282,1,0.2301380723749122,0.260155091085847,0.12,0.2968474051456311,0.606596873664482,0.2974616109783813,0.40660084539399977,0.27202626264858976,0.46647535493135694
275,15,13,0,1.635656691329745,1.541317702975722,0.6525821596244131,14,0.7954813536007563,0.5230592285829392,0.43676832078674516,0.9825841185603397,1,0.88,0.45,0.8160261790409417,0.32855074149441954,1.141716817019053,0.5658589955786614,0.3487059403841571,0.515281663807373,-1.2422179139495972
292,12,14,0,1.6372351726545462,1.2651585398254106,0.7007125890736342,6,0.7982696351673078,0.5229866248602273,0.4058405051218166,0.9926082480655227,1,0.88,0.34716789926921315,0.8297350697176681,0.29938725889008433,1.2147422447837328,0.52529574935584,0.36307578182134714,0.6468486266587518,-1.0619321411552025
293,13,14,0,1.6424131919925071,1.363904545624794,0.7399527186761229,4,0.7940050475312552,0.5229642378318536,0.45873644253961277,0.9903574740748051,1,0.88,0.3655057163052493,0.8536585917173161,0.28571093644281415,1.2438515411942646,0.5292848478803769,0.38534195623331147,0.6422328630539271,-1.4
311,11,15,0,1.6460217643730293,1.1901208038708422,0.7688679245283019,3,0.7945493769866975,0.5231745934324659,0.46611445520481204,0.9933243992582731,1,0.88,0.2955562271660279,0.8540883252641698,0.20702792995843086,1.3422384580676252,0.533844489270643,0.3868393642004678,0.6334921678095321,-1.4
276,16,13,0,1.6606011412854373,1.6835670070166258,0.6525821596244131,11,0.7934903726352937,0.5233443902198113,0.5829959967285289,0.9776787483890648,1,0.88,0.4446442213384894,0.7121887685342989,0.3029304535891805,1.2621079402528996,0.5533039270231858,0.35127701299329683,0.4885794944506498,-1.4
294,14,14,0,1.6609684122147832,1.4811771820748891,0.7276995305164319,3,0.7944546616417617,0.5235364368454762,0.5506535137720313,0.989229658791754,1,0.88,0.3775471024333011,0.88,0.2876562614104724,1.3077195512194928,0.5368234061401832,0.3797480807062202,0.6296557590977505,-1.4
312,12,15,0,1.6742710917600792,1.2728271548292454,0.7694117647058824,3,0.7988060876721993,0.5230721741967281,0.5858272393977613,0.9935269382199273,1,0.8760868319793881,0.29158769774962967,0.8693582176626452,0.28306196231434844,1.455053562104384,0.5119043460314259,0.41512125987243537,0.65,-1.4
277,17,13,0,1.6743974287401304,1.762730474319892,0.6737588652482269,4,0.7914597430077707,0.5234826997692474,0.6602892959234582,0.9782769533260891,1,0.88,0.4476221512157686,0.7026697492020755,0.3587970742819891,1.3126625283789095,0.5670655218095275,0.33524928845625956,0.6319924494638981,-1.1862684718019636
314,14,15,0,1.6857520160789463,1.4728035845978547,0.75,1,0.7973424140612301,0.523183611272232,0.6620676279231241,0.9888085415939508,1,0.8769256123453694,0.34140187464806004,0.88,0.28820397772764816,1.437995994325963,0.5404509077525611,0.42028262121382787,0.6176075585747772,-1.2407715849621064
295,15,14,0,1.689483507120106,1.5525131141944248,0.706855791962175,3,0.7970226425492658,0.5235922943349399,0.6947232814151519,0.9834401222406799,1,0.8651042228548201,0.3607005619821758,0.88,0.2927755648484436,1.4347201694232858,0.5231814138750889,0.40415396313834845,0.6008772304533684,-1.1451964955950669
259,19,12,0,1.692967426498384,1.9465200413037795,0.6247030878859857,6,0.7870548981184508,0.5241301352345981,0.8797337834065079,0.9358014081626653,1,0.7945192511386724,0.45,0.8370807491918517,0.3520804462101237,1.4418666972620588,0.6257267289167738,0.35864687139917695,0.5855570484973137,-1.109092015528947
278,18,13,0,1.6945153828347692,1.8663022721670584,0.6525821596244131,5,0.7930188150677526,0.5240199508201185,0.7766325743539969,0.9683201549723156,1,0.88,0.44964006873072104,0.88,0.3189562039255683,1.3835527584210496,0.6103497649600458,0.33459978735124174,0.5453631634308305,-1.3624139389937686
296,16,14,0,1.707773380523796,1.681123490113483,0.7014218009478673,4,0.7911500408629559,0.5236734454267173,0.8222886636424646,0.9806577684379773,1,0.88,0.3735829978029962,0.8529576937263984,0.3160962807711224,1.5,0.5732888418460208,0.4149321974452317,0.593957063719644,-1.4
298,18,14,0,1.7172041573689536,1.8633283606439175,0.7132701421800948,1,0.7924110466456867,0.5236358196366657,0.8702001308865813,0.977870349455235,1,0.88,0.42376428218283013,0.8713602266921484,0.2907456043763938,1.4656956229265192,0.5419155185645286,0.37436237478042395,0.6151777202082264,-1.0904450898872777
279,19,13,0,1.720474938514767,1.9738553488075095,0.6580188679245284,4,0.7922792431776489,0.5238337677004997,0.9173194455082319,0.9656298447704439,1,0.8740909521005028,0.45,0.8440148449829459,0.337987594323505,1.4621150731907477,0.606138449982581,0.3515381039649482,0.5076993001283012,-1.2094229396980545
