energy_cost,reliability_risk,switching_cost,excess_pressure,tank_bounds,tank_recovery,velocity,simulation_failure_constraint,selected,controls
28.17134280151336867,0.00000000000000000,10.00000000000000000,1.67175594215055301,-1.57347289806926183,-0.00241866848436700,-2.10270191412094443,-1.00000000000000000,true,"0.57245392395580086;0.69343082839160464;0.64517262040450107;0.62791411041880418;0.56634540481514817;0.56490973207150452;0.73795476855704434;0.50274238611830735;0.63179996228582325;0.39639834794527751;0.49642187319453290;0.79271997198859845;0.00000522567931032;0.00181883496879946;0.00077717010455575;0.35488620054002351;0.35367238986191440;0.36669473089551080;0.38609300160236626;0.42865179007829135;0.33619076518483482;0.00278148670575216;0.00034932680118413;0.00244787681671135;0.69299873778146304;0.42436009831233845;0.48774505288260056;0.16083523321698040"
28.17134280635117349,0.00000000000000000,5.00000000000000000,1.70374954923825439,-1.48305834036105022,-0.00241868401169842,-2.10270191438459886,-1.00000000000000000,true,"0.62049748596434973;0.69343082839160464;0.58876043783079846;0.68604543078096580;0.56634540481514817;0.57060269452234191;0.71220493345157787;0.60605085960955618;0.62665857505576938;0.48094854639582896;0.49750222804861544;0.79800522482120706;0.00061910986659638;0.00179631756143144;0.10611686627070945;0.35759043610440627;0.35337170086080399;0.34582885020895515;0.25593830355200442;0.39112962155075248;0.28088892565795365;0.00007206308072115;0.00098139827536251;0.00230561000145478;0.68120447592826716;0.54049624640780602;0.36277941374488432;0.12897031633901584"
28.17134294164411301,0.00000000000000000,15.00000000000000000,1.66008805271757254,-1.60184315998763749,-0.00241870188537296,-2.10270191310395793,-1.00000000000000000,false,"0.56487213343338460;0.65019191354752670;0.59953697365321679;0.51299013127506599;0.55710397059044470;0.72980193880656574;0.54983251156180457;0.63001832719949979;0.63020697602600650;0.49323028924877826;0.49612819008668696;0.78242070202278535;0.00001865876763573;0.00678252355364606;0.00760964477760158;0.36456090575636935;0.41681046338821870;0.36586396011053068;0.39090253004437248;0.40505669863154303;0.33942526489634228;0.00784221835107701;0.00096026458426182;0.00443426214026310;0.67663404998639021;0.41541346968539522;0.49733344510119670;0.01752282866649456"
28.17134311320412010,0.00000000000000000,12.50000000000000000,1.67175592103343362,-1.57347290110248528,-0.00241870331556759,-2.10270191115452176,-1.00000000000000000,false,"0.62374434195837691;0.69343082839160464;0.59134565533808114;0.62537797557266850;0.56737531270648356;0.56193004351285791;0.59108676521399628;0.60516975315438915;0.55943482947406120;0.40412926046856013;0.49642145511983810;0.79800403375236606;0.00000522567931032;0.06274030539630304;0.10257984062689077;0.36358428249746888;0.35668145959035608;0.38180276877295433;0.38613194446610327;0.39112962155075259;0.28233626786802229;0.00278148670575216;0.00096978774421983;0.00093990007329404;0.42703951161535408;0.52690645014959081;0.54624886882547630;0.04249953483485403"
28.17134336442428832,0.00000000000000000,17.50000000000000000,1.56243070932396333,-1.70807062913176644,-0.00241867850892685,-2.10270191233237647,-1.00000000000000000,false,"0.53331036553758682;0.70175158563553719;0.64737978133148466;0.51911988669735443;0.70980246208913700;0.56851749051356815;0.55046182760579532;0.56107874319665496;0.64149017738398229;0.39561668150094742;0.49810311838858445;0.78878472552254730;0.01422644681595544;0.00244445886955993;0.00646212739110888;0.44091546879063159;0.34224636972657246;0.36655509886380910;0.34660384929601973;0.40529719273943299;0.47960272456360342;0.08567740275151720;0.00033538764736078;0.04906699228750792;0.55915479052496009;0.42114674556249060;0.44971155012450043;0.08103618183162628"
28.17134432950067335,0.00000000000000000,5.00000000000000000,1.70374924813938011,-1.48305849184092065,-0.00241854238058714,-2.10270191087900704,-1.00000000000000000,false,"0.56462291810927789;0.65019191354752670;0.59115180380460708;0.61686566685845012;0.55171984486029291;0.72863137888364971;0.55835385068846932;0.64990983558522852;0.63030777152249096;0.49553294945633580;0.49610416161837106;0.78236446127472414;0.00001865876763573;0.00221260361247016;0.00760964477760158;0.10888679115885946;0.41766608999617588;0.32882855761428820;0.39440770588118501;0.39150406825350659;0.33942526489634228;0.00267185811474589;0.00000000000000000;0.00454746242732786;0.38395153145182859;0.60824520705023788;0.50106347839158838;0.01440370018607654"
28.17134452493033336,0.00000000000000000,12.50000000000000000,1.66008773701548762,-1.60184332607988544,-0.00241854896085858,-2.10270191064655654,-1.00000000000000000,false,"0.62448606773381765;0.65720541027957669;0.60317672964791857;0.52752038141257362;0.55710397059044481;0.72980193880656574;0.58462667186229034;0.63037291403069062;0.63017898379530135;0.49323028924877826;0.34806501667909173;0.78049569300930455;0.00001865876763573;0.00678252355364607;0.00750449667594141;0.24819965451381998;0.41681046338821870;0.36347592889471203;0.39090253004437248;0.40504707823268404;0.47354236379784675;0.00784221835107701;0.00095124322753096;0.00443426214026310;0.67157993909430258;0.41541346968539516;0.49733344510119670;0.02150387781662608"
29.16299340889390734,0.00000000000000000,17.50000000000000000,1.53079305127807674,-1.70807062858590575,-0.03404671272612969,-2.11880138427714204,-1.00000000000000000,false,"0.62059326351461264;0.66444185011037127;0.58589448607366479;0.51443626059617309;0.60897994991923610;0.57965907679700035;0.59092762165362267;0.62815638316247013;0.49637842851670611;0.73654466892401893;0.55859618093506769;0.67840347045622795;0.00000110463037495;0.00168298983801070;0.01434807584955752;0.43324875373546579;0.35842767836907646;0.36276529748835995;0.25309625007950032;0.39111058207458538;0.28743386529855064;0.00309125050327170;0.00055442008493232;0.00268215013955899;0.20656494691663194;0.54059463502653626;0.46399111827304573;0.01394595935208351"
29.16299391177927447,0.00000000000000000,17.50000000000000000,1.53079295253811298,-1.70807062846167090,-0.03404658810661410,-2.11880139237166265,-1.00000000000000000,false,"0.57250966177669937;0.66444185011037127;0.58589448607366479;0.50977995391494535;0.60897994991923610;0.57965907679700035;0.58110417423015859;0.62815638316247013;0.48490055967570589;0.73654466892401893;0.55859618093506769;0.67840347045622795;0.00000110463037495;0.00168298983801070;0.01434807584955753;0.43324875373546579;0.41762125431094665;0.36276529748835995;0.24632663860048554;0.39111058207458538;0.45905343629012452;0.00310202577208670;0.00097468244605745;0.00268215013955899;0.20656494691663196;0.54059463502653615;0.46093574431038842;0.01394595935208351"
29.16590275210615246,0.00000000000000000,20.00000000000000000,1.49806435204689237,-1.75231740035456429,-0.03501852421563534,-2.11880141212773410,-1.00000000000000000,false,"0.57051397787086278;0.66444185011037127;0.72468021122982673;0.62792649062472783;0.60897994991923610;0.57965907679700024;0.58110417423015859;0.53002096809311139;0.48999609374491992;0.66639474705841462;0.55007893475320135;0.63229100569920815;0.00002619355972878;0.00038861332095659;0.01434807584955752;0.43331757636393176;0.34454667083241591;0.25138715980935866;0.35976415047411464;0.39147278562616022;0.49105065313357954;0.00001726850394443;0.00097468244605745;0.00136161766229836;0.18144623677040655;0.54050942576528960;0.49327867001541326;0.01399411436865326"
29.16590315293098001,0.00000000000000000,20.00000000000000000,1.49619882079817867,-1.75231740045191842,-0.03066566631338841,-2.11880139575974624,-1.00000000000000000,false,"0.57250966177669937;0.66444185011037127;0.72468021122982673;0.51055149789741916;0.60897994991923610;0.57965907679700024;0.58110417423015859;0.65606980714759966;0.48999609374491987;0.73614400917159495;0.55859618093506769;0.67840347045622784;0.00000110463037495;0.00168298983801070;0.01434807584955753;0.43331757636393170;0.41762125431094665;0.36276529748835995;0.24632663860048554;0.39111036107794683;0.49105065313357948;0.00310202577208670;0.00097468244605745;0.00271562948364466;0.17199725514951036;0.54059463502653604;0.46719121486802562;0.01394595935208351"
29.75106156230014420,0.00000000000000000,20.00000000000000000,1.37771858727233254,-1.80281124445314367,-0.03264998368862004,-2.11880139623758046,-1.00000000000000000,false,"0.57250650718271412;0.64896953288121662;0.58589448607366479;0.61630299340944328;0.60897994991923610;0.57965907679700024;0.58074437365939835;0.62815638316247013;0.48490055967570589;0.72751407445724392;0.55859618093506769;0.67832087881134484;0.00000110463037495;0.00168298983801070;0.01733998150753637;0.43264577338323829;0.41743620826309574;0.36276529748835995;0.24632663860048554;0.39113745941830458;0.45905343629012452;0.00304674818857144;0.00002393953043982;0.00134177677179410;0.20268334019009324;0.51631901502456246;0.46090852108174457;0.01394595935208351"
29.75117487666399896,0.00000000000000000,17.50000000000000000,1.41181093217214482,-1.76682370220229812,-0.03265015817161565,-2.11880140344935830,-1.00000000000000000,false,"0.57245494449745538;0.66525348529317940;0.61093346529322035;0.51376748636682390;0.60821708220388460;0.57965907679700024;0.58110417423015859;0.65606980714759966;0.49410418490403957;0.73614400917159495;0.55852380445182692;0.67840347045622784;0.00000516275268567;0.00178816254509458;0.00083592844913669;0.43331757636393164;0.41638171705996480;0.36276529748835995;0.38585947381454166;0.39111036107794683;0.49105065313357943;0.00279156220282073;0.00097456091122007;0.00271562948364466;0.18319172331836764;0.52812000581588125;0.46719121486802567;0.01544892684992460"
29.91438635745039676,0.00000000000000000,20.00000000000000000,1.37628724328513274,-1.80281124455258990,-0.02659084803064982,-2.21115887602016414,-1.00000000000000000,false,"0.57236913052558602;0.64762665302898870;0.73226438960926565;0.61653674691345217;0.60539732501078802;0.70603493607895373;0.55254768250124009;0.55890891352611205;0.62916980691491964;0.38939840318064556;0.55210687698857464;0.67630196945483023;0.00057215658014761;0.00244634596212102;0.01746008641870276;0.38982618650353418;0.34145034892042858;0.43348633523606350;0.36171086893139581;0.39189412501390775;0.49046129456084686;0.00001861255091893;0.00000476472602285;0.00129510165494219;0.20239777533366998;0.51621971305385639;0.45887284104646275;0.15764178120125766"
29.91438840671042243,0.00000000000000000,17.50000000000000000,1.38927985524040776,-1.79373183760066235,-0.02659070225804427,-2.21115887270572919,-1.00000000000000000,false,"0.57247882966019970;0.63203426203449364;0.58658518707051810;0.68689083048532662;0.60525634890647639;0.71130525280993684;0.55460705767872098;0.55146470288842109;0.62813710385191568;0.49741290975791863;0.60244753578140253;0.67976911154393482;0.00025969886864817;0.00256338329304506;0.10968002765151154;0.10290047124868659;0.34293283325803553;0.43905857838315521;0.39565427384965490;0.35470461142504767;0.36040142261154795;0.00471290201718261;0.00000488500409494;0.00047406088982709;0.21097498022449890;0.51570223963293893;0.49379501769356365;0.02907342613665449"
29.91439061101986141,0.00000000000000000,22.50000000000000000,1.37628715185337680,-1.80281124459531084,-0.02659051996629458,-2.21115886869149980,-1.00000000000000000,false,"0.62556008547710618;0.66444281965702801;0.56677754329092012;0.53518827748355802;0.61059264950929637;0.60421222211967851;0.58579615449232192;0.60605919495331606;0.62915889894172983;0.47517750930889535;0.54967605184387502;0.61170848971955449;0.00016739770789711;0.00835637604843151;0.00235503580541060;0.44370574794147488;0.19928910591483862;0.31495623733348954;0.18433107011839633;0.39254924946071595;0.39672347334172708;0.00040073875057453;0.00001545177532800;0.04891714078427949;0.17147601793545397;0.52345194052221755;0.46110365473699644;0.03790255838447201"
29.91439243149747895,0.00000000000000000,20.00000000000000000,1.37628705394978823,-1.80281124474526644,-0.02659039424569354,-2.21115886550942564,-1.00000000000000000,false,"0.62556008547710618;0.65722041331272774;0.60327988972575608;0.52755480434253577;0.61029820298992044;0.71537335308980621;0.58497114506115644;0.65658041107968756;0.62893957108995524;0.47457066634905437;0.54804321017208135;0.68202845315210092;0.00073347569795500;0.00209889238373340;0.00235503580541060;0.23931656002093440;0.19928910591483862;0.37941027983929154;0.17958005598832782;0.39254924946071590;0.47569011639384667;0.00040073875057453;0.00037102367925628;0.09748679157099069;0.17147601793545397;0.52351004111339094;0.45826633318564791;0.12174971494222615"
29.92039317794157682,0.00000000000000000,15.00000000000000000,1.41181081877940673,-1.76682370230873076,-0.02659038150026927,-2.21114436706289741,-1.00000000000000000,false,"0.57247882966019970;0.64563534444415160;0.58658518707051810;0.68689083048532662;0.60525634890647639;0.71130525280993695;0.55460705767872109;0.55572448301484101;0.62813710385191568;0.48733539669857884;0.60244753578140253;0.67976911154393482;0.00025969886864817;0.00256338329304506;0.10968002765151154;0.10290047124868662;0.20601486980613354;0.33408056747678866;0.39565427384965490;0.38796049839551416;0.20572976244323790;0.00264661451922949;0.00000488500409494;0.00047406088982709;0.21097498022449890;0.52000471466963738;0.39242009922274906;0.16152310117176746"
30.03543467415352808,0.00000000000000000,12.50000000000000000,1.64469856456991548,-1.64102406074968199,-0.09779819255002709,-2.20983364667738913,-1.00000000000000000,false,"0.57249456152853007;0.69343082839160464;0.59959405825035261;0.60916860197314182;0.56634540481514795;0.56313936557274114;0.59725318887982348;0.60516975315438915;0.62760122371544980;0.39639834794527756;0.55624006137200321;0.68209383864623607;0.00000522567931032;0.00179056103918064;0.10863081582171025;0.33280353572756199;0.35367238986191446;0.38181269292273579;0.38626524679791036;0.35217869097955634;0.28184367559884310;0.00278148670575216;0.00096978774421983;0.00461481995234099;0.68907640544925874;0.39113789589945336;0.54078244879198167;0.16083523321698040"
30.03543492908788792,0.00000000000000000,12.50000000000000000,1.64469856011047244,-1.64102406558713554,-0.09779818341391611,-2.20983364963553397,-1.00000000000000000,false,"0.57249456152853007;0.69343082839160464;0.59959405825035272;0.61623673013698088;0.56634540481514795;0.56313936557274114;0.59725318887982348;0.60516975315438915;0.62760122371544980;0.39639834794527762;0.55624006137200321;0.68209383864623607;0.00000522567931032;0.00179056103918064;0.10863081582171025;0.33280353572756205;0.35367238986191446;0.38181269292273579;0.38626524679791036;0.35217869097955634;0.28184367559884310;0.00278148670575216;0.00096978774421983;0.00461481995234099;0.68907640544925874;0.39113789589945336;0.49419987935003828;0.16083523321698040"
30.30826103085960455,0.00000000000000000,22.50000000000000000,1.35450016831203501,-1.82577134504348759,-0.04529361125670706,-2.10333190324199260,-1.00000000000000000,false,"0.57486815402329761;0.63288400946902179;0.59165776179616181;0.60401652731643507;0.61362516791919441;0.58879910111874334;0.73555303509828507;0.55591623711891214;0.58722528171315269;0.49243839852841903;0.60175914848470569;0.78157996903990246;0.01374769228681803;0.00372183085632730;0.08704905793188167;0.42938301887341707;0.20762653029231315;0.38092952864927732;0.39434660550150941;0.39522736887330151;0.36240422357119684;0.00249859188893315;0.00029379854429588;0.06793938920445006;0.41347838600188419;0.43221714739414757;0.45773472697377737;0.01574305144275885"
30.30938810732840238,0.00000000000000000,17.50000000000000000,1.35877371056155383,-1.82794875291623704,-0.04420321503573899,-2.10332037708899477,-1.00000000000000000,false,"0.57417863647483536;0.65768811259668014;0.58867449814017725;0.66639722255567457;0.73267715371746345;0.58081770366393326;0.55552580396899365;0.55705608921522942;0.62909612154584460;0.49424877812657608;0.50496591276106728;0.79799281553159873;0.00011221714407174;0.00390128661925037;0.01323211884603699;0.12376324535085181;0.10442066154998403;0.34247915416167130;0.37412017863767166;0.46769861397455781;0.20733472388908131;0.00002718541809454;0.00000570716469883;0.00265164446561761;0.41771931354665137;0.43581592104929229;0.45818129139814190;0.02016151684489625"
30.44246952651838711,0.00000000000000000,5.00000000000000000,1.53124288802942599,-1.55445889376651358,-0.03635758097087916,-2.10870679824330320,-1.00000000000000000,false,"0.48770095786584855;0.61328348829452439;0.62617207476064807;0.78972504442163349;0.70239352646025277;0.65195789597359899;0.55478296892921852;0.55649305732936782;0.63903115894964069;0.47643435908463538;0.60010480946827194;0.64025823016803973;0.00023552579559887;0.05110148754391830;0.01213907134482779;0.35621058690713880;0.33943227518913743;0.25980607283013862;0.39120544404917312;0.42332026875177087;0.35814082572769357;0.00358404455953559;0.00000740683705687;0.00807145616073445;0.67063223383434867;0.48252160551406492;0.48503299285864399;0.02115644883604284"
30.44247165774904929,0.00000000000000000,7.50000000000000000,1.53124264168384272,-1.55445907060536026,-0.03635742537791176,-2.10870679806002714,-1.00000000000000000,false,"0.48623904177233979;0.61328790454423787;0.62703460122368315;0.78972504442163349;0.70318604278017949;0.65195789597359899;0.55478296892921852;0.55649305732936782;0.63896977303867786;0.48608492741686593;0.60010480946827194;0.61273158681179729;0.00023552579559887;0.00243046947040572;0.01247259527314082;0.35621058690713880;0.34591258014424664;0.16599921221074698;0.39394865844630911;0.42332026875177092;0.35560995752418967;0.00358572484559292;0.00033302078914841;0.00807256623817858;0.67063553333671511;0.48252160551406492;0.48502741742042010;0.02115644883604284"
30.45612687979688360,0.00000000000000000,15.00000000000000000,1.37942099000899776,-1.77817335362264073,-0.03044255078880465,-2.10803626662777033,-1.00000000000000000,false,"0.57233519323884918;0.29275129602116512;0.61352184409406652;0.51841533417336116;0.79275634742883616;0.56355590780948583;0.73746417724741598;0.64674089326341955;0.62893957108995524;0.48193063472496117;0.54716162776519761;0.67838981835682377;0.00050473779420917;0.00353316735940081;0.00119735657054784;0.44115474018287415;0.19955838004914556;0.37908182664546480;0.18126124497178364;0.42949782488008714;0.26877724988163387;0.00270444791987663;0.00033695002132295;0.09972522314493701;0.20823590808596676;0.52432630466522712;0.46089207377588465;0.03790255838447201"
30.46497459940145447,0.00000000000000000,5.00000000000000000,1.51117787426787342,-1.56089579228876119,-0.02924942455593937,-2.10834696176744529,-1.00000000000000000,false,"0.58506641659974079;0.29427620288884726;0.58902336173465086;0.79023436355088306;0.69907980493573496;0.65323513903957386;0.61828207947754921;0.63497453056911346;0.63906553823902335;0.49329200726251482;0.60010480946827194;0.64056356514994950;0.00014883246345605;0.00278817199705995;0.10712285302873678;0.39947529855071062;0.34581761160804980;0.37579071494083893;0.39390488606338231;0.42941160267911538;0.48677223961623745;0.00324544267434759;0.00036463626360663;0.00272367978868854;0.65327876672208163;0.49046706198645884;0.42375232704977239;0.16160845789383466"
30.46497487259658499,0.00000000000000000,10.00000000000000000,1.48069349710720988,-1.63498654989358627,-0.02924938889347350,-2.10834696240759456,-1.00000000000000000,false,"0.52422297377934868;0.29069261705663973;0.58819077915716567;0.79023436355088306;0.60720790243389067;0.65165690564284739;0.61828207947754932;0.63497453056911346;0.63986162945198699;0.49335787064453640;0.60010480946827194;0.64112321146076801;0.00014883246345605;0.05179438180895957;0.10712285302873678;0.35594281753534229;0.33933730665294060;0.38085470140973415;0.39395481911392649;0.42941160267911538;0.49100554799064733;0.00324376238829027;0.00000000000000000;0.00270137776297456;0.65643074777382215;0.41572934980969850;0.48654559487358173;0.08361937320900358"
30.46497605732730207,0.00000000000000000,12.50000000000000000,1.48069329898167013,-1.63498673094817359,-0.02924929372048046,-2.10834696240759456,-1.00000000000000000,false,"0.52422297377934868;0.29069261705663973;0.58819077915716567;0.79023436355088306;0.60720790243389056;0.65165690564284739;0.61828207947754932;0.63497453056911346;0.63986162945198699;0.49335787064453634;0.60010480946827194;0.64112321146076801;0.00014883246345605;0.05179438180895957;0.10712285302873678;0.35594281753534229;0.33933730665294060;0.21875771319616122;0.39395481911392649;0.42941160267911538;0.49100554799064733;0.00324376238829027;0.00000000000000000;0.00270137776297456;0.65643074777382227;0.41572934980969845;0.48654559487358168;0.08361937320900358"
30.46497623844047453,0.00000000000000000,7.50000000000000000,1.51117759411593977,-1.56089597174875694,-0.02924929035984158,-2.10834695869256494,-1.00000000000000000,false,"0.58571294410222685;0.13024834400383101;0.58819077915716567;0.79023436355088306;0.70557921482587327;0.65165690564284739;0.61933546708613219;0.63432257646810264;0.63986162945198699;0.48855388796510107;0.60010480946827194;0.64059427711011141;0.00014883246345605;0.00032524403274240;0.10712285302873678;0.35048755623986150;0.33935693528660038;0.36310766223585977;0.39394865844630911;0.42941160267911538;0.34063997275696634;0.00354575351386908;0.00000000000000000;0.00797770329586710;0.65534487097974081;0.48198742004627992;0.55644557721431254;0.08361937320900358"
30.46497625241421048,0.00000000000000000,12.50000000000000000,1.47550352306098742,-1.63498672650749999,-0.02924927118062293,-2.10834695784444559,-1.00000000000000000,false,"0.57263824696861099;0.14512395667329897;0.59959405825035272;0.78472444228284988;0.56634540481514795;0.65124481203760187;0.61878747480844698;0.60598456086685770;0.62760122371544980;0.48012318736486143;0.59983170416920761;0.64342575124147228;0.00000522567931032;0.00179056103918064;0.10859996509591921;0.33280353572756205;0.35231711897880313;0.38124445293881948;0.39322559262896689;0.35242728557489017;0.33940692765107805;0.00353380373447963;0.00096978774421983;0.00461481995234099;0.68907640544925874;0.39403398024097797;0.49852629194326514;0.16025531618970101"
30.46497770456615228,0.00000000000000000,7.50000000000000000,1.49619463474598757,-1.56089611428024622,-0.02924918478049987,-2.10834695804775585,-1.00000000000000000,false,"0.58571294410222685;0.13024834400383101;0.58503691207968433;0.79023436355088306;0.66745244638611423;0.65195789597359899;0.61933546708613219;0.63313055992830924;0.63894407635446693;0.48855388796510102;0.60010480946827194;0.60973576334562618;0.00022729738738188;0.00032524403274240;0.10960774246904839;0.32694262820589604;0.33935693528660038;0.36310766223585977;0.39394865844630911;0.42574406872327530;0.08392592355174500;0.00354575351386908;0.00000000509176386;0.00797770329586710;0.55460534588560451;0.48333972959002330;0.48502741742042010;0.02115644883604284"
30.89099407466639491,0.00000000000000000,5.00000000000000000,1.48172493651841464,-1.54510895090326761,-0.04885628725313085,-2.10338231745370230,-1.00000000000000000,false,"0.58869648804941521;0.27797233493206053;0.59789871161587516;0.52509537318143384;0.58023827731034172;0.73283905880870703;0.58973595097630094;0.65360879223550761;0.64710554271531795;0.48758568286907750;0.59901946823616015;0.80567706588676469;0.02729185111616014;0.00366273551550858;0.10857673375306158;0.36341408460015834;0.34567887914018602;0.37715094458415488;0.39316135825520815;0.40557806829474119;0.25135101773342339;0.02182319721812225;0.00006502127262386;0.00082873849718588;0.41693615039301951;0.51797330215947668;0.47644123392118376;0.15697518492149548"
30.89099473340734647,0.00000000000000000,20.00000000000000000,1.30674462192133345,-1.82726770846264053,-0.04885613994259819,-2.10338231379081941,-1.00000000000000000,false,"0.58397788224507152;0.24746120252746207;0.58821948892125842;0.52827220348775916;0.55393180046450174;0.58545125275518939;0.73555306812803312;0.55885979021589138;0.64265174456266549;0.47562567150861174;0.50401665899851422;0.79568557079250191;0.00029096726535955;0.00338641096188597;0.10938957486155271;0.41802242032075210;0.34843622174153710;0.37091777438644485;0.39378565468737947;0.42941160267911538;0.48967029607648022;0.00001921775252222;0.00005843171704005;0.00083645719577564;0.41700392748400794;0.43605572423790723;0.52697432573045988;0.08265357033284884"
30.89099475283859775,0.00000000000000000,7.50000000000000000,1.48172471720244547,-1.54510915012694028,-0.04885616257080505,-2.10338231344046989,-1.00000000000000000,false,"0.58523178186789349;0.24746120252746204;0.58821948892125842;0.52827220348775916;0.70500076607473727;0.58545125275518939;0.73555306812803312;0.55696128548135682;0.62921504751148749;0.49224601653140354;0.50401665899851422;0.79899418223531704;0.00029096726535955;0.00338641096188597;0.10938957486155271;0.41802242032075210;0.34813032030142410;0.36310766223585977;0.39378565468737947;0.42941160267911538;0.34445728251044916;0.00012093824181282;0.00005833446546893;0.00083645719577564;0.41700392748400794;0.53932040900286005;0.53652156994969724;0.08361937320900359"
30.89099477954628981,0.00000000000000000,22.50000000000000000,1.21391036119945528,-1.88826894666975287,-0.04885615362338980,-2.10338231498935979,-1.00000000000000000,false,"0.62246526489564058;0.10604693703207335;0.58908733899482546;0.61017085052939013;0.70090470133418359;0.73156023274414683;0.59286169114736809;0.50518209640600087;0.58547668817003917;0.48783089385273620;0.50388444512339226;0.78683813772508682;0.01276357278269102;0.00372183085632730;0.08585436359346585;0.35831255671571555;0.33512386473089972;0.36640537837025700;0.25057132213536426;0.43526509322101664;0.34079393335300634;0.00001544712798890;0.00033698265296602;0.04679862408788212;0.41627201722158480;0.42071775053776089;0.48510992415225179;0.12181117046480124"
30.89099478248114394,0.00000000000000000,12.50000000000000000,1.43244836344770476,-1.71459953781026808,-0.04885615393582299,-2.10338231464442238,-1.00000000000000000,false,"0.61497860738294041;0.33982477342989276;0.59290083054595422;0.63013310539099221;0.60887945834274382;0.73017647316983481;0.59286169114736809;0.50143841209473328;0.62916120100289552;0.48783089385273615;0.50552926311869373;0.80333772787239899;0.01272962394230570;0.00065914566591113;0.08319854072630939;0.36516368169823049;0.40298117132296990;0.36718502116227847;0.18749049232909420;0.42941160267911538;0.33849620783106982;0.00018037197167264;0.00000779135247275;0.04009823028685157;0.41103095512446575;0.48319976483367061;0.46618360202570286;0.12171633788878261"
30.89099546017260423,0.00000000000000000,10.00000000000000000,1.45029655946389258,-1.63999467338310279,-0.04885603928225857,-2.10338231232774708,-1.00000000000000000,false,"0.62132471897344677;0.27821192391926969;0.59946865742179534;0.61577560280434529;0.70363892995482202;0.65880288579948276;0.55251881047243812;0.65319455879655175;0.64671010000376572;0.48855388796510102;0.59826933235741020;0.80619056409282064;0.01431161283284428;0.00455734218949092;0.10712285302873678;0.35705745757102381;0.34558260317225814;0.21356477641955651;0.24671625268459885;0.44491089743171308;0.25192064660931179;0.00027942761242184;0.00067410025140100;0.00083554537705438;0.29052548429258074;0.52617418579047470;0.46591407598358942;0.08269839585264527"
30.89099714642766514,0.00000000000000000,20.00000000000000000,1.30674410967122978,-1.82726814567358797,-0.04885568691243902,-2.10338230664966286,-1.00000000000000000,false,"0.57405433997760802;0.06977058025431848;0.58867449814017725;0.61160363105070248;0.73267715371746345;0.57857960653350293;0.58084611191873736;0.55705608921522942;0.62911448166810779;0.49424877812657608;0.50496591276106728;0.79799281553159873;0.00044077395827569;0.00638754655118272;0.00295867665554356;0.40079998774266223;0.10442066154998403;0.24746447437471120;0.18603611409322024;0.46959892912125445;0.33733874002955189;0.00013274424725046;0.00000647233917431;0.00265164446561761;0.41771931354665137;0.43413632116977274;0.45817823528877716;0.02022012235093336"
30.89099716948920005,0.00000000000000000,20.00000000000000000,1.30674409701324024,-1.82726814430958662,-0.04885569245337518,-2.10338230655826575,-1.00000000000000000,false,"0.57408555456277077;0.06977058025431848;0.58867449814017725;0.62879675651904599;0.73267715371746345;0.57858382953358500;0.73327725156552814;0.55705608921522942;0.62911448166810779;0.49424877812657608;0.50496591276106728;0.79799281553159873;0.00010901450758901;0.00390128661925037;0.00297116713959379;0.40079998774266223;0.10442066154998403;0.24746447437471120;0.18603611409322024;0.46959892912125445;0.33733874002955189;0.00013274424725046;0.00000572112890556;0.00265164446561761;0.41771931354665137;0.43413632116977274;0.45818129139814190;0.01945825391930529"
30.89099721687435363,0.00000000000000000,17.50000000000000000,1.31496871954803995,-1.82528674063960050,-0.04885574052490060,-2.10338230642309210,-1.00000000000000000,false,"0.61413787923101459;0.24871074463751161;0.59548636143751221;0.64448660339281805;0.70090470133418359;0.69366575553904819;0.59286169114736786;0.64069729283298416;0.62937027502431331;0.48783089385273620;0.50381220215948153;0.79266918269676234;0.01331725591920395;0.00372183085632730;0.10910662858424743;0.12719525110063143;0.20956350320253567;0.36640537837025700;0.17829897275886120;0.40591056296002004;0.33532204746253225;0.00004392289691679;0.00000672599637317;0.04679862408788212;0.41632424411138252;0.42860992516910801;0.39222295326799145;0.12181117046480125"
30.89099727675315421,0.00000000000000000,20.00000000000000000,1.21390982601112651,-1.88826894626160691,-0.04885572161765062,-2.10338230595086717,-1.00000000000000000,false,"0.57408555456277077;0.07214801597605702;0.58950753585018756;0.62879675651904599;0.60991827401600707;0.57858382953358500;0.58690196757456670;0.55705608921522942;0.62911448166810779;0.49931018498323065;0.50496591276106728;0.79799281553159873;0.00583963833975369;0.03600683277472310;0.00297116713959379;0.40079998774266223;0.10442066154998400;0.24756936650754119;0.18603611409322021;0.46959892912125445;0.37007046375294728;0.00013274424725046;0.00001132857415739;0.00340741022496265;0.41771931354665137;0.42105717100002737;0.62608078096088682;0.01945825391930529"
31.66865273514177304,0.00000000000000000,7.50000000000000000,1.44591082852421238,-1.63647266615996267,-0.04403603348695073,-2.10319419058288259,-1.00000000000000000,false,"0.58869648804941521;0.25410970514087211;0.59789871161587516;0.60670599670653624;0.58067453754652387;0.73283905880870703;0.73107825153065509;0.65350202899536258;0.64738031659639650;0.71989313018941392;0.49928552495463879;0.80567706588676469;0.01456640566133647;0.00295295084453960;0.09546662393617408;0.36341408460015834;0.34567887914018602;0.25144759298314079;0.38918777214879186;0.40557806829474119;0.25051643256878664;0.02182319721812225;0.00006502127262386;0.00082873849718588;0.35891610298243698;0.52668965576757076;0.47840669735482266;0.02600919515053197"
31.66865274251068030,0.00000000000000000,5.00000000000000000,1.47661288354051723,-1.54869163183734404,-0.04403607672253473,-2.10319419050518919,-1.00000000000000000,false,"0.58869648804941521;0.25596159067938040;0.59789871161587516;0.52956765314364362;0.60200858464809281;0.73283905880870703;0.64846102809502693;0.62805244887132150;0.64738031659639650;0.71989543316945515;0.49691322469379307;0.80567706588676469;0.01458158891694099;0.00226434582752612;0.00686395594928277;0.35653395007551592;0.34567887914018602;0.25124332720250897;0.39553417784516376;0.40557806829474119;0.33489727269025771;0.02402683304488912;0.00000135280955047;0.00082736243291330;0.41625213073179590;0.52933030373418133;0.46264258217082588;0.12280284355907910"
31.66865274434713484,0.00000000000000000,7.50000000000000000,1.44329115917460982,-1.64929483257594711,-0.04403606608218258,-2.10319419072668534,-1.00000000000000000,false,"0.62360248915511485;0.25092047499628245;0.57967163214723083;0.61434661136191293;0.52646396086320602;0.65400313699746615;0.54999751867951296;0.63044427279439441;0.62670566496820190;0.66383988071292355;0.34149451564269839;0.80307353144485805;0.00072116820837560;0.00456367629387989;0.10900724378991053;0.39852866294329053;0.42217503330411693;0.30279957963938253;0.25076879728638846;0.35413942180453611;0.43132035912287758;0.00001329239588776;0.00098165107005631;0.00077622778521526;0.35930285930406480;0.52267494595631914;0.48309388788173774;0.01072623350532658"
31.66865341033563652,0.00000000000000000,20.00000000000000000,1.18625255030458487,-1.89837137614723117,-0.04403594433990987,-2.10319418831840421,-1.00000000000000000,false,"0.52694967073208132;0.25862301040699603;0.73386654187926292;0.58845298117573175;0.58090186656237930;0.59133814035863785;0.64480249387007949;0.62780290350870205;0.64738031659639650;0.74529732161512041;0.45641177704373170;0.79366368597072123;0.01397485875375911;0.03722381171877713;0.00806420209746659;0.43926191541116044;0.34567887914018602;0.25727031019119795;0.39564128509899299;0.40557806829474119;0.33718651602186894;0.02404643854326448;0.00001938233302068;0.00592397953697494;0.41698558327143231;0.41438946852996333;0.39049943974424728;0.03852915804346056"
31.66865358457247126,0.00000000000000000,5.00000000000000000,1.47661266020178172,-1.54869178027504173,-0.04403582981596044,-2.10319418716036743,-1.00000000000000000,false,"0.58869648804941521;0.27797233493206053;0.59789871161587516;0.52509537318143396;0.58067453754652398;0.73283905880870703;0.58937768850758676;0.65360879223550761;0.64738031659639650;0.71989543316945515;0.49691322469379307;0.80567706588676469;0.01458075965338739;0.00366963280954040;0.09546662393617410;0.36341408460015834;0.34567887914018602;0.25144759298314079;0.39013616160013420;0.40557806829474119;0.24996987595802456;0.02182319721812225;0.00006502127262386;0.00082873849718588;0.41693615039301957;0.52933030373418133;0.47644123392118376;0.04315885545544686"
31.66865360093084902,0.00000000000000000,17.50000000000000000,1.29761803528956565,-1.82621995774190449,-0.04403586249269287,-2.10319418720044649,-1.00000000000000000,false,"0.58736719334030885;0.26973547290933209;0.58362201448393025;0.61434661136191293;0.53058237849996326;0.65400313699746615;0.55001743366462241;0.51992887864512127;0.62718764579366959;0.66383988071292355;0.37607477230802971;0.79712023321171621;0.00071882663485429;0.00031104230471772;0.10913480837258752;0.43503814785158135;0.42217503330411693;0.30142040445732365;0.08333562173612930;0.35119260846633549;0.42713530252374021;0.00002898454786449;0.00002725588431592;0.00077622778521526;0.36014095307000732;0.46621284317286876;0.49513817892905998;0.01120606248790445"
31.66865362089835756,0.00000000000000000,10.00000000000000000,1.44329093391548113,-1.64929499966374005,-0.04403585253155429,-2.10319418762132226,-1.00000000000000000,false,"0.62360248915511485;0.24614365102143254;0.57967163214723083;0.61434661136191293;0.52646396086320602;0.65400313699746615;0.54999751867951296;0.63044427279439441;0.62670566496820190;0.66383988071292355;0.34149451564269839;0.80307353144485805;0.00072116820837560;0.00456367629387989;0.10900724378991053;0.39852866294329053;0.42217503330411688;0.30279957963938253;0.25076879728638846;0.35413942180453611;0.43132035912287758;0.00001329239588776;0.00098165107005631;0.00077622778521526;0.35930285930406480;0.52267494595631914;0.48309388788173779;0.01072623350532658"
31.66865367427949707,0.00000000000000000,20.00000000000000000,1.18493407756488622,-1.90771251095722283,-0.04403585271863886,-2.10319418763617705,-1.00000000000000000,false,"0.56218473091195342;0.24889649253237817;0.64599018161858857;0.61639502234034638;0.58058863895140811;0.69254939210266975;0.55316358762579954;0.55639156546101876;0.64700480120519555;0.74565965772697307;0.49625491246618469;0.79267642599915000;0.01458158891694099;0.03531183265422755;0.10947960583078947;0.28416622976908135;0.34567887914018602;0.32768360764887328;0.39564128509899299;0.40562053430302336;0.33528099144987178;0.00339200907879434;0.00000000000000000;0.00306354940604868;0.41698558327143220;0.41203676748442453;0.39206739043377392;0.12237192325922090"
31.66865370267787227,0.00000000000000000,17.50000000000000000,1.29092956187398644,-1.83066351781018577,-0.04403591995840728,-2.10319418730703234,-1.00000000000000000,false,"0.52694967073208132;0.25140157360935239;0.59134470759555113;0.52503334329562668;0.58058863895140811;0.73283905880870703;0.64846102809502693;0.62780290350870205;0.64738031659639650;0.74529732161512041;0.45477893537193814;0.79366368597072134;0.01458158891694099;0.00201449926674808;0.00806420209746659;0.23487272749061994;0.34567887914018602;0.25528401813722534;0.39564128509899299;0.40557806829474119;0.33527160437737058;0.02404643854326448;0.00000000000000000;0.00079254617621977;0.41698558327143231;0.43499698921713437;0.39049943974424728;0.12237631460121470"
31.66865408469140064,0.00000000000000000,17.50000000000000000,1.18733138484418643,-1.90771251098633465,-0.04403580604051660,-2.10319418618746168,-1.00000000000000000,false,"0.52694967073208132;0.25139432661353361;0.59134470759555113;0.61337734510997710;0.58058863895140811;0.73283905880870703;0.64710881348466376;0.62580470004433542;0.64738031659639650;0.74529732161512041;0.35994090519075894;0.79366368597072134;0.01458158891694099;0.00201449926674808;0.00900288545007320;0.23487272749061994;0.34567887914018602;0.25528401813722534;0.39564128509899299;0.42650952792013791;0.33527188290648935;0.02404643854326448;0.00000000000000000;0.00080505067325700;0.41698558327143231;0.41273017150510188;0.39049943974424728;0.12237270143596049"
31.66865486570933896,0.00000000000000000,17.50000000000000000,1.18625250075433297,-1.89837137607196738,-0.04403564401996141,-2.10319418325674068,-1.00000000000000000,false,"0.52718510338966718;0.25106556042752237;0.59157964649421080;0.52503334329562668;0.58058863895140811;0.56527202363956830;0.64846102809502693;0.62770022577447648;0.64698863719929545;0.74529732161512019;0.45527459287244898;0.79356268640111471;0.01458158891694099;0.00201449926674808;0.00806420209746659;0.23716930168584840;0.34567887914018602;0.19017794252213671;0.39564128509899299;0.40557806829474119;0.33527160437737058;0.02398143620180514;0.00000000000000000;0.00187093690947285;0.41698558327143231;0.41325298891438861;0.39069706339221261;0.03707598949325002"
31.66865586994028448,0.00000000000000000,17.50000000000000000,1.18493384155001036,-1.90771251041840539,-0.04403544262939851,-2.10319417900601913,-1.00000000000000000,false,"0.56222856155721324;0.24889649253237822;0.60464789745338199;0.61575432381402662;0.58058863895140811;0.56692314098573848;0.55228963727993308;0.62132087344924103;0.62920299040862782;0.74719023925843953;0.49812353224918071;0.79198543192316606;0.01424504400935533;0.03531183265422755;0.10977477703498700;0.44083575208119685;0.21523778401722682;0.24833985232255726;0.39564128509899299;0.39161397741203269;0.24487526960678929;0.00000000000000000;0.00000555948680816;0.00078497624305619;0.41698558327143231;0.41203743148355765;0.45685399480466526;0.12010003556868165"
31.66987708292771586,0.00000000000000000,25.00000000000000000,1.18370963341587765,-1.90771251043490864,-0.04339624408412979,-2.10318344522405054,-1.00000000000000000,false,"0.56462291810927789;0.63523478149871082;0.59115180380460708;0.61836678620595387;0.55173580095166597;0.73283905880870703;0.55835385068846932;0.62150310626785843;0.62881866764855809;0.72002772802589365;0.49611282556510172;0.80548728351291832;0.01440627449692682;0.00119818232487584;0.10978545890523925;0.36209964985490450;0.34797064130110095;0.32882855761428820;0.39440770588118501;0.39101806122386507;0.33942526489634228;0.00267185811474589;0.00000000000000000;0.00135480690311309;0.41622353900577364;0.41204668960195590;0.40510949825099996;0.01971217355491799"
31.66987866012595987,0.00000000000000000,25.00000000000000000,1.18370943715768462,-1.90771251043490864,-0.04339589229955276,-2.10318343915084593,-1.00000000000000000,false,"0.56457126462020135;0.63523478149871082;0.60450950637700052;0.61836678620595387;0.55173580095166597;0.73105551340991271;0.55835385068846932;0.62150310626785843;0.62919326583319313;0.74702006535078502;0.49636559302815336;0.80548728351291832;0.01440627449692682;0.03511821437132871;0.10978545890523925;0.43776673886135631;0.34797064130110089;0.24865951877108433;0.39440770588118501;0.39159677601016429;0.24695356221281800;0.00267185811474589;0.00000000000000000;0.00134278776238294;0.41622353900577369;0.41204619702048223;0.40510949825099996;0.11857465118608582"
32.39136261050023791,0.00000000000000000,32.50000000000000000,1.14554538307562126,-1.91689191554625671,-0.04313352150453298,-2.19276481017908420,-1.00000000000000000,false,"0.57334692709996560;0.66031279623448946;0.61278774980585549;0.62993667072617010;0.73466820053601545;0.57640159341123587;0.61748836796646955;0.65494926790153474;0.59945870819664582;0.74192278368769715;0.55930028919703789;0.67841721655271847;0.00048262488652629;0.00178636219975086;0.10627552964006468;0.44101961132454703;0.33748781276768847;0.36217563190345203;0.38594298798065507;0.42941428485114497;0.48869941658142557;0.00045910812219589;0.00096192308632588;0.00273558039190262;0.40550650033668939;0.41324686662901489;0.48640173737127118;0.02480880346110977"
32.39136305886414391,0.00000000000000000,30.00000000000000000,1.14554499096013029,-1.91689191428489814,-0.04313302837624589,-2.19276479064995033,-1.00000000000000000,false,"0.57236640782401194;0.72045725923462356;0.58865729919214660;0.62781057088109371;0.60675432059455137;0.57858382134184527;0.73139977977114179;0.62245685736210810;0.62893957108995524;0.74254529119323731;0.55123859984960455;0.67767262310630794;0.00011680215214069;0.03482194490383010;0.00236752628946084;0.44353101065595868;0.33862987159293179;0.24742876947163750;0.18499218606264550;0.39109701430860133;0.24064819295517348;0.00049068869156178;0.00000579923231911;0.00265260979005242;0.40491589797292893;0.41324916578737081;0.45770012820349232;0.03531791987072953"
32.39136309941807212,0.00000000000000000,30.00000000000000000,1.14554497847591930,-1.91689191441820350,-0.04313296274965106,-2.19276480770268867,-1.00000000000000000,false,"0.57233519323884918;0.72045725923462356;0.58865729919214660;0.61061744541275020;0.60675432059455137;0.57857959834176320;0.57896864012435101;0.62245685736210810;0.62893957108995524;0.74254529119323731;0.55123859984960455;0.67767262310630794;0.00044856160282737;0.03730820483576245;0.00235503580541060;0.44353101065595868;0.33862987159293179;0.24742876947163750;0.18499218606264548;0.39109701430860133;0.24064819295517348;0.00049068869156178;0.00000655044258786;0.00265260979005242;0.40491589797292893;0.41324916578737081;0.45769707209412758;0.03607978830235761"
32.39136310189375934,0.00000000000000000,27.50000000000000000,1.16824245539647964,-1.90751366130883548,-0.04313303625799403,-2.19276478882726344,-1.00000000000000000,false,"0.57182962019770112;0.62764817573010889;0.58746403741418662;0.70253353044034283;0.60887549285699483;0.70801954175580351;0.58941920466558639;0.62438159193650999;0.62934168365020515;0.74562629639465328;0.60301249929553424;0.62980086661650148;0.00151527449636956;0.00349534762391094;0.10797792669334672;0.37384654426816999;0.20118768318050356;0.24826784192323573;0.38646016331023220;0.44685209714191498;0.21168114227070914;0.00002745942622991;0.00032436615803942;0.00076983875709477;0.40261309479826468;0.41601271676420359;0.46594851319708414;0.03774152266300431"
32.39257647834018883,0.00000000000000000,27.50000000000000000,1.15269362748305570,-1.92595300795327606,-0.04375353603219923,-2.19276481675605783,-1.00000000000000000,false,"0.57334692709996571;0.28893186464175352;0.74836769573109985;0.62993667072617010;0.73466820053601545;0.57616935303125438;0.61748836796646955;0.55769913433164109;0.59957137441502129;0.74192278368769715;0.60013471461030365;0.67933298464652814;0.00049271104563393;0.00146284019619153;0.10833984097346805;0.44101961132454703;0.33748781276768847;0.36217563190345203;0.39392523107549593;0.42941428485114497;0.34435588400775252;0.00045910812219589;0.00096192308632588;0.00781322679861160;0.40570841649052514;0.41324686662901489;0.48640173737127118;0.02483018639820439"
32.39257660082936496,0.00000000000000000,27.50000000000000000,1.14621388994410256,-1.92595300790642687,-0.04375344618673971,-2.19276480579262101,-1.00000000000000000,false,"0.57233519323884918;0.06367627995619374;0.59933354714174336;0.60904914702791468;0.61061143060089185;0.56243489909517086;0.58557519753723009;0.62245685736210787;0.58428477756388775;0.74254529119323731;0.54863607621516564;0.68656246918623154;0.01419723960936384;0.03699364313954741;0.00235503580541060;0.44353101065595868;0.33897045255222380;0.38181929123831970;0.26143111415439935;0.39109701430860133;0.49180598476410786;0.00000144286314106;0.00098155414879515;0.00264840806626702;0.40491589797292893;0.41324916578737075;0.45816910461678051;0.03607978830235761"
32.39257686726903529,0.00000000000000000,25.00000000000000000,1.14621361679184974,-1.92595300800179725,-0.04375312005917831,-2.19276481242493748,-1.00000000000000000,false,"0.57209976058126355;0.06456428485959510;0.74350100251423168;0.60904914702791468;0.74240615885933514;0.73000193426430959;0.57729852285892846;0.62255953509633355;0.62838767904181991;0.74193579845301216;0.60047518541890310;0.68665722160319120;0.01447946159927596;0.03696906079397444;0.10638443257705424;0.48011903740323558;0.33879264906884260;0.35915063043189849;0.17962521983206281;0.38185167688592991;0.23990626073521337;0.00007560676933286;0.00097762827190853;0.00080995354570217;0.40491589797292893;0.41334005134702767;0.42752653258991391;0.03743629393977405"
32.39265578915599519,0.00000000000000000,32.50000000000000000,1.14030179000940035,-1.91689192186359936,-0.04378233991351621,-2.19276479846247607,-1.00000000000000000,false,"0.56466312053591938;0.65647384782626772;0.72349626181331028;0.61464759330024177;0.60687306826040988;0.56541138346887465;0.71020525344007202;0.65658948593973332;0.62893957108995524;0.74372393590384112;0.56817747066842528;0.62778325989195816;0.01435969921935503;0.00243033033395628;0.11080113301223656;0.44094597747612951;0.34202104385132992;0.37837162954616177;0.39478529358190984;0.38918984589957156;0.48669327500846027;0.00008630623485741;0.00000036907644062;0.00128636730051453;0.40434604570760468;0.41261168388117431;0.45794505683135900;0.01112627036698804"
32.39265581150941387,0.00000000000000000,32.50000000000000000,1.13403954816775143,-1.91689191649373480,-0.04378231087247064,-2.19276479435863791,-1.00000000000000000,false,"0.57232047683599607;0.70432441105903087;0.58461078643404929;0.60928349104166457;0.61038448607987661;0.56243489909517108;0.57765383070246645;0.62311990224764258;0.58428477756388797;0.66345289024660736;0.55720714815494288;0.68008570865030982;0.01364395551013698;0.00410170103082502;0.10525083134557550;0.44350449298984368;0.33896301200933820;0.30248559736022118;0.25290234643787002;0.35003351664654336;0.44995856149172131;0.00002078504565272;0.00001701273773398;0.00264840806626702;0.40429685638325685;0.41158678375287849;0.56472833638262576;0.03437700753128059"
32.39265608121339568,0.00000000000000000,30.00000000000000000,1.14030159256423391,-1.91689190832708434,-0.04378201474304078,-2.19276479548785019,-1.00000000000000000,false,"0.64880860672763729;0.71928542452322120;0.72109523248242358;0.61061744541275020;0.60675432059455137;0.57865078737210895;0.57896864012435101;0.65598861017066057;0.63555720429508877;0.74254529119323731;0.55124404487541967;0.67694609308328346;0.01394055164154128;0.03730820483576245;0.08790766603801457;0.44095157881448843;0.34200037213405549;0.24910173662347812;0.39458368155672885;0.39109701430860133;0.24497909554741140;0.00010028037211002;0.00000655044258786;0.00256562053065173;0.40491589797292893;0.41266363948742518;0.45794302930816561;0.03322787521247798"
32.39265611284250923,0.00000000000000000,30.00000000000000000,1.13403920982492923,-1.91689191098856826,-0.04378198125240340,-2.19276479078247899,-1.00000000000000000,false,"0.55573760508249881;0.63093777491110781;0.58756477373247262;0.59445321723333522;0.60692647917134646;0.71203507527921861;0.59387245426650515;0.65409803546177070;0.62902001475119662;0.74562773893602230;0.55332371479934572;0.62567174039451601;0.01523757841276710;0.00241166476177305;0.10973952998969518;0.43388843201849725;0.34228323687053863;0.24833989148619184;0.39564128509899299;0.44588091979786104;0.21088418729396308;0.00002780473315352;0.00000397778687836;0.00076983875709477;0.40273203052671769;0.41204181761660408;0.45830816477516101;0.02466957793911438"
32.39712953285302888,0.00000000000000000,27.50000000000000000,1.11579763925161513,-1.93380769620594473,-0.04479797420573561,-2.21080104118195298,-1.00000000000000000,false,"0.68733579727995697;0.70432441105903099;0.58461078643404929;0.60928349104166468;0.61038448607987661;0.56243489909517108;0.57834848594165167;0.62311990224764258;0.58428477756388797;0.66345289024660725;0.55720714815494288;0.68008570865030982;0.01364395551013698;0.03564415111817879;0.10525083134557550;0.44350449298984362;0.33896301200933820;0.26206447994937476;0.25344233669678068;0.43540073651376027;0.44995856149172131;0.00002078504565272;0.00001684672421046;0.00264840806626702;0.37137062054512970;0.42065385694500307;0.56310238421396075;0.03386774438848380"
32.39712979855792696,0.00000000000000000,25.00000000000000000,1.11579753324258601,-1.93380770223705101,-0.04479766326791967,-2.21080102968333136,-1.00000000000000000,false,"0.55290467034812651;0.62874347395191377;0.58817718390531049;0.59995509340314612;0.60692647917134646;0.71203507527921861;0.59404703533051995;0.63587399729340888;0.62902001475119662;0.74562773893602230;0.55332371479934572;0.62567174039451601;0.00048696773748698;0.00382460887173346;0.10973952998969519;0.35812921731213027;0.34228323687053863;0.24833989148619182;0.39395826518004784;0.44575032373679396;0.21088418729396308;0.00002780473315352;0.00000004367524645;0.00076983875709477;0.39262773722344063;0.41204181761660408;0.48649350231481725;0.02466957793911438"
32.39834664433506362,0.00000000000000000,27.50000000000000000,1.09975212310696446,-1.94616579334775119,-0.04541808543711401,-2.19325952633311916,-1.00000000000000000,false,"0.69098577874838052;0.66450799281354611;0.54466966255612959;0.53370637907796259;0.60969314386956297;0.56302160449376415;0.58621001796255856;0.62719607123715981;0.63925469337399332;0.74986526381844887;0.60267325672721528;0.61025118497378283;0.01451418309742157;0.00528459100467257;0.07522179943125870;0.39850227262704385;0.32340810939917303;0.38562890823332097;0.39349718976617593;0.43642002597094259;0.37331599020085637;0.00499488017223007;0.00000061693573226;0.04777702740798618;0.35933308297814515;0.42084479188090712;0.45184632577394290;0.01667546446491431"
32.39834665016526571,0.00000000000000000,27.50000000000000000,1.09975211581238841,-1.94616579315941918,-0.04541810048975092,-2.19325954810071710,-1.00000000000000000,false,"0.69098575650910055;0.66425948298629156;0.72627530356834602;0.60606990277890349;0.60969314386956297;0.56197055271318008;0.58387195156954919;0.64534094504794393;0.63898545352123071;0.74499852265345101;0.55114013550777463;0.61235736767557036;0.00606383445175246;0.03664546660998513;0.10513728738290098;0.37785844102498162;0.34099677764539010;0.32881677203970439;0.38845716608746111;0.43642256848785899;0.37257311634213558;0.00013553615569305;0.00001146412607447;0.04777702740798617;0.35798675756673731;0.42084479188090718;0.48678581694275536;0.01714612381910426"
32.39967638699199171,0.00000000000000000,27.50000000000000000,1.07612017129813009,-1.95002406788687566,-0.04611088662683605,-2.21084583132977741,-1.00000000000000000,false,"0.68767729866262095;0.66330154850562228;0.73396228412216646;0.51859832975090470;0.60711437910539923;0.57724517206162185;0.64346814969441113;0.64631874092014585;0.63898545352123071;0.73881711179066356;0.54976078836529796;0.61212314356445230;0.00585677595392260;0.03669344978717487;0.10973588305673936;0.39850227262704385;0.42057822487416530;0.26007351367763287;0.38798656671899845;0.43723735507532735;0.37041389869757235;0.00487621816455208;0.00001093677922199;0.04777702740798617;0.35719685733383633;0.42026781433992472;0.45808777891643204;0.02447425469618773"
32.40193987116942509,0.00000000000000000,25.00000000000000000,1.09688665781908057,-1.95966517705076226,-0.04734862291262232,-2.19325954358899189,-1.00000000000000000,false,"0.06870511799355405;0.66450799281354600;0.59287672847577544;0.51859832975090470;0.61138283566225438;0.57724726873342092;0.58456141198578149;0.64631874092014585;0.63898545352123071;0.71888158121891688;0.54870701913078057;0.61212314356445230;0.00595499635008355;0.00452459527115799;0.00319250824271730;0.40079947885534056;0.42057822487416530;0.26007351367763287;0.18843744657756023;0.43651371146133822;0.33800712884359840;0.00499488017223007;0.00001146412607447;0.04663851991332185;0.35865878042782329;0.42119345171731715;0.45825328014417005;0.01714979019449479"
32.40194001591184048,0.00000000000000000,25.00000000000000000,1.09649834601857887,-1.95966518612850260,-0.04734851813447216,-2.19325953908882409,-1.00000000000000000,false,"0.07860628102056769;0.61265079004353629;0.59287672847577544;0.51859654084456275;0.61185701622256972;0.57724726873342092;0.72430008609931451;0.64631874092014585;0.63898545352123071;0.71888158121891688;0.54870701913078057;0.61212314356445230;0.00056728002173931;0.00446892762918963;0.00312734941163977;0.40079947885534062;0.20324214229408022;0.37522421972253772;0.18812300781329086;0.43651371146133822;0.33800712884359840;0.00496106255195307;0.00001146412607447;0.04798986116641654;0.35865878042782329;0.42142681128721254;0.45825387794203171;0.03751603835235066"
32.49217934837344757,0.00000000000000000,22.50000000000000000,1.17333375863611167,-1.89837249713339284,-0.05742618139424671,-2.19276481520851485,-1.00000000000000000,false,"0.39376535814775698;0.65414537682173313;0.74797655617842262;0.60980918359232850;0.55591776513215707;0.57372274893065811;0.58384733031004332;0.64908561361964834;0.62920023450745910;0.66364540136796268;0.55119158554398262;0.67757960270925044;0.00058020629676028;0.03600592227472291;0.08876912041848889;0.37678268621272315;0.33985483558515955;0.32819860253617844;0.35186518471396477;0.39107618816299899;0.35550633580635571;0.00003704275498161;0.00000002247580091;0.00262626648035675;0.41607516536957362;0.41407740440590379;0.46218539847525364;0.12044438051660136"
32.49217945585200340,0.00000000000000000,22.50000000000000000,1.17333365316999294,-1.89837265134599908,-0.05742602668396746,-2.19276481520851485,-1.00000000000000000,false,"0.39357865509947187;0.65414537682173313;0.74784491776090500;0.60752438882973958;0.55591776513215718;0.57372274893065800;0.58228392996174949;0.64908561361964834;0.62997755339151229;0.66364540136796268;0.59916357187203007;0.67757960270925044;0.00058527181785506;0.00531910010072239;0.08884722260714795;0.36204363279623303;0.33979304163469376;0.32819860253617844;0.35186518471396477;0.39107618816299905;0.22211800710215041;0.00494416106257326;0.00000002247580091;0.00262626648035676;0.41607516536957356;0.41404286054552436;0.46218539847525364;0.12044438051660136"
32.49217953463833197,0.00000000000000000,22.50000000000000000,1.17333354741628892,-1.89837257840780316,-0.05742600808425191,-2.19276479634924515,-1.00000000000000000,false,"0.39568732811293655;0.66403972867978212;0.74797655617842262;0.60980918359232850;0.55591776513215707;0.57348300835498178;0.58132527198776429;0.64908561361964834;0.62919167890529182;0.65003430390558192;0.55050905526197358;0.67757960270925044;0.00098720903531615;0.01239314396979587;0.08876912041848889;0.37678268621272315;0.33985483558515950;0.32819860253617844;0.18581500208403795;0.39726536329059103;0.35550633580635571;0.00003704275498161;0.00000002337801765;0.00262626648035676;0.41607516536957362;0.41407740440590379;0.46153138919528069;0.11966398128857056"
32.49670782573515737,0.00000000000000000,22.50000000000000000,1.14451144480881228,-1.90948299894634710,-0.05844404592587216,-2.21126710264149162,-1.00000000000000000,false,"0.39376535814775704;0.65414537682173313;0.74797655617842262;0.60980918359232850;0.55328225567422540;0.56184648437805507;0.58384733031004332;0.64942270418811110;0.62902610377858204;0.74510329788284768;0.55119158554398262;0.67757960270925044;0.01457797819633024;0.03600592227472291;0.10554793932912036;0.37678268621272315;0.33982812599527223;0.32644406770131906;0.39383697151068775;0.39109701430860133;0.49020653904636335;0.00003704275498161;0.00000017033736334;0.00262626648035675;0.40491599019174052;0.41324916578737075;0.46218539847525364;0.00928815378939443"
32.49670796650402593,0.00000000000000000,22.50000000000000000,1.11258294820178238,-1.93811980121985927,-0.05844385938205399,-2.21126709658007403,-1.00000000000000000,false,"0.49447714392368747;0.70611099894036355;0.64876881199103731;0.69369345179639375;0.60930586565914135;0.70849156153779136;0.58883315523337276;0.54384302494312697;0.63242317536755066;0.73996134031813876;0.59833943671441181;0.62510238045596922;0.00053979608113997;0.00140615773203122;0.10977109267015916;0.37008636767033565;0.34182397630864803;0.25168725215786619;0.38972606631242890;0.43450488721620373;0.20946653995396153;0.00004518038531258;0.00089733175984330;0.00076983875709477;0.39679003146165570;0.41207776079642355;0.45800375520302977;0.02820400290494508"
32.49670805168061349,0.00000000000000000,22.50000000000000000,1.11258275783123750,-1.93811991464565159,-0.05844382154353189,-2.21126709518026399,-1.00000000000000000,false,"0.38648938818068690;0.69388941839427476;0.72422362623304326;0.69624568879726345;0.72297560258836180;0.57571314276023977;0.58883315523337276;0.54384302494312697;0.63222448915139351;0.74008603453447397;0.59867581821290083;0.62510238045596922;0.00084373299113135;0.00178444516904618;0.10480556473701155;0.18809534313138898;0.33978510822002828;0.31127311531059143;0.39491004049849665;0.41749079277782808;0.21260388262739516;0.00010518934561046;0.00000487608065223;0.00249007913462610;0.39679003146165559;0.41207776079642344;0.45835944287287034;0.02820400290494507"
32.49670813857159146,0.00000000000000000,22.50000000000000000,1.11227722462782808,-1.93903810239013241,-0.05844371604381138,-2.21126709150113454,-1.00000000000000000,false,"0.49447714392368747;0.64096699337718699;0.59686086861697230;0.70274288685361275;0.60967343159162901;0.70849156153779136;0.58877673369005168;0.64396858447004957;0.63285332881232836;0.72015050396272728;0.60053012826672258;0.54677401941255144;0.00127765560041641;0.00147552829914675;0.07345781504100792;0.37008636767033554;0.34224649222931103;0.24858032868901325;0.39564128509899299;0.44624717347970799;0.21088418729396308;0.00014612143390790;0.00000541015906450;0.00076983875709477;0.39660286105724218;0.41261374502540721;0.48593919542207853;0.01720338330638185"
32.49670814687902265,0.00000000000000000,20.00000000000000000,1.14451112152539380,-1.90948300318563335,-0.05844372858981028,-2.21126709165411972,-1.00000000000000000,false,"0.49447714392368736;0.63077736256775241;0.58746403741418673;0.70083644242006893;0.60692647917134646;0.70829527981106000;0.59490085166249940;0.62263323135867310;0.62902001475119651;0.74554930700218569;0.55332371479934572;0.62567174039451590;0.01523757841276710;0.00241166476177305;0.10973952998969518;0.43388843201849725;0.34228323687053863;0.24826784192323564;0.39564128509899299;0.44592265078773247;0.21088418729396308;0.00002780473315352;0.00000400386934878;0.00076983875709477;0.40261309479826468;0.41335410562799751;0.45830816477516101;0.02466957793911438"
32.49670815768474341,0.00000000000000000,22.50000000000000000,1.10756428474468538,-1.94348734351004238,-0.05844370557713408,-2.21126709158362367,-1.00000000000000000,false,"0.49447714392368747;0.63976054906926327;0.58705685137763064;0.70274288685361275;0.60709466682746527;0.70849156153779136;0.58883315523337276;0.64396858447004957;0.63285332881232825;0.74008603453447397;0.60158389750123997;0.62510238045596922;0.00117943520425547;0.00147552829914675;0.10977109267015915;0.37008636767033559;0.34224649222931103;0.24858032868901322;0.39564128509899299;0.44697081709369713;0.21088418729396305;0.00002745942622991;0.00000488281221202;0.00076983875709477;0.39660286105724224;0.41203676748442475;0.45768360213717063;0.02452784780807479"
34.86275522827310169,0.00000000000000000,17.50000000000000000,1.05733041075825196,-1.95439502827368727,-0.04853438155861189,-2.10249600880387622,-1.00000000000000000,true,"0.38506073848241873;0.31679232128630663;0.72374148868513477;0.60746622277960927;0.52702787412860896;0.58435217566578679;0.56266940049845715;0.55893999403799954;0.62998449596509887;0.78546291942194624;0.60034538306055740;0.67933298464652814;0.00084405620453558;0.00523773907593414;0.10833984097346805;0.36114270188857805;0.33979176770444330;0.25362373136138211;0.20130395017049896;0.20995555689822620;0.21760454361300674;0.00495865614997073;0.00000448259272057;0.00686523590504381;0.35781145990259988;0.41252982853787346;0.52285692215720814;0.02436768844906061"
