timestamp,close
1577923200,5.9638032913208008
1578009600,5.8683476448059082
1578268800,5.8929567337036133
1578355200,5.9643001556396484
1578441600,5.9754877090454102
1578528000,6.0411138534545898
1578614400,6.0734286308288574
1578873600,6.2638454437255859
1578960000,6.1470108032226562
1579046400,6.1045022010803223
1579132800,6.1880273818969727
1579219200,6.1967291831970215
1579564800,6.1634178161621094
1579651200,6.2173614501953125
1579737600,6.2857208251953125
1579824000,6.2265572547912598
1580083200,5.9710125923156738
1580169600,6.1641631126403809
1580256000,6.1037564277648926
1580342400,6.1104693412780762
1580428800,5.8772964477539062
1580688000,5.9742450714111328
1580774400,6.1432819366455078
1580860800,6.2335190773010254
1580947200,6.3202757835388184
1581033600,6.2541513442993164
1581292800,6.5370407104492188
1581379200,6.6593437194824219
1581465600,6.7749366760253906
1581552000,6.7311854362487793
1581638400,7.2037463188171387
1581984000,7.372286319732666
1582070400,7.8229703903198242
1582156800,7.673820972442627
1582243200,7.3101406097412109
1582502400,6.7933311462402344
1582588800,6.5141701698303223
1582675200,6.6533780097961426
1582761600,6.2830138206481934
1582848000,6.717552661895752
1583107200,6.8757462501525879
1583193600,6.6135807037353516
1583280000,7.0767226219177246
1583366400,6.797645092010498
1583452800,6.6173114776611328
1583712000,6.1049203872680664
1583798400,6.4939393997192383
1583884800,6.1305408477783203
1583971200,5.3803596496582031
1584057600,5.9905033111572266
1584316800,4.8851299285888672
1584403200,5.4042372703552246
1584489600,5.0448169708251953
1584576000,5.2972831726074219
1584662400,5.1176958084106445
1584921600,5.2903175354003906
1585008000,6.1979460716247559
1585094400,6.1093969345092773
1585180800,6.3984274864196777
1585267200,6.2862482070922852
1585526400,6.6061191558837891
1585612800,6.5566210746765137
1585699200,6.0459699630737305
1585785600,6.3544001579284668
1585872000,6.066864013671875
1586131200,6.6760125160217285
1586217600,6.4429492950439453
1586304000,6.639946460723877
1586390400,6.5404524803161621
1586736000,6.7120800018310547
1586822400,7.0627937316894531
1586908800,6.9854373931884766
1586995200,7.3301825523376465
1587081600,7.2709851264953613
1587340800,7.1399030685424805
1587427200,6.7036232948303223
1587513600,7.117516040802002
1587600000,7.0642867088317871
1587686400,7.2030797004699707
1587945600,7.3893814086914062
1588032000,7.2471060752868652
1588118400,7.4237079620361328
1588204800,7.2699899673461914
1588291200,7.0336933135986328
1588550400,7.2453646659851074
1588636800,7.3063044548034668
1588723200,7.4070420265197754
1588809600,7.5831451416015625
1588896000,7.7729287147521973
1589155200,8.0246458053588867
1589241600,7.7629785537719727
1589328000,7.740593433380127
1589414400,7.9898271560668945
1589500800,8.4477415084838867
1589760000,8.7059288024902344
1589846400,8.7608976364135742
1589932800,8.924565315246582
1590019200,8.7308015823364258
1590105600,8.98052978515625
1590451200,8.6735916137695312
1590537600,8.4820690155029297
1590624000,8.4440145492553711
1590710400,8.8305444717407227
1590969600,8.7616443634033203
1591056000,8.7805519104003906
1591142400,8.7250814437866211
1591228800,8.7260770797729492
1591315200,8.8788700103759766
1591574400,8.7643985748291016
1591660800,9.0042877197265625
1591747200,9.3235607147216797
1591833600,8.7556915283203125
1591920000,8.8913135528564453
1592179200,9.1314487457275391
1592265600,9.0266857147216797
1592352000,9.1934108734130859
1592438400,9.1754951477050781
1592524800,9.2185449600219727
1592784000,9.4828195571899414
1592870400,9.4064254760742188
1592956800,9.1929159164428711
1593043200,9.4462404251098633
1593129600,9.1127872467041016
1593388800,9.1575765609741211
1593475200,9.4539546966552734
1593561600,9.486058235168457
1593648000,9.5679292678833008
1593993600,9.7938814163208008
1594080000,9.826228141784668
1594166400,10.168893814086914
1594252800,10.460541725158691
1594339200,10.430930137634277
1594598400,10.005898475646973
1594684800,10.329153060913086
1594771200,10.18009090423584
1594857600,10.088017463684082
1594944000,10.154459953308105
1595203200,10.462285041809082
1595289600,10.280872344970703
1595376000,10.39061450958252
1595462400,10.083041191101074
1595548800,10.147493362426758
1595808000,10.373446464538574
1595894400,10.168396949768066
1595980800,10.417241096496582
1596067200,10.565059661865234
1596153600,10.565808296203613
1596412800,10.959480285644531
1596499200,11.175979614257812
1596585600,11.234704971313477
1596672000,11.283230781555176
1596758400,11.147859573364258
1597017600,11.113517761230469
1597104000,10.799970626831055
1597190400,11.38749885559082
1597276800,11.390235900878906
1597363200,11.510680198669434
1597622400,12.280113220214844
1597708800,12.204214096069336
1597795200,12.082529067993164
1597881600,12.085016250610352
1597968000,12.625014305114746
1598227200,12.661595344543457
1598313600,12.691208839416504
1598400000,12.714101791381836
1598486400,12.570019721984863
1598572800,13.087123870849609
1598832000,13.312829971313477
1598918400,13.761386871337891
1599004800,14.28462028503418
1599091200,12.959360122680664
1599177600,12.568056106567383
1599523200,11.861617088317871
1599609600,12.660155296325684
1599696000,12.258646965026855
1599782400,12.112031936645508
1600041600,12.816726684570312
1600128000,12.934964179992676
1600214400,12.460521697998047
1600300800,12.40974235534668
1600387200,12.136674880981445
1600646400,12.463259696960449
1600732800,12.583240509033203
1600819200,12.071457862854004
1600905600,12.294739723205566
1600992000,12.818222045898438
1601251200,12.978774070739746
1601337600,13.168702125549316
1601424000,13.472139358520508
1601510400,13.555777549743652
1601596800,13.005908966064453
1601856000,13.583656311035156
1601942400,13.677250862121582
1602028800,13.903770446777344
1602115200,13.779058456420898
1602201600,13.703389167785645
1602460800,14.164638519287109
1602547200,14.186792373657227
1602633600,14.034455299377441
1602720000,13.909743309020996
1602806400,13.751928329467773
1603065600,13.439530372619629
1603152000,13.586642265319824
1603238400,13.466415405273438
1603324800,13.303370475769043
1603411200,13.531634330749512
1603670400,13.084567070007324
1603756800,13.33896541595459
1603843200,12.572536468505859
1603929600,12.967825889587402
1604016000,12.479936599731445
1604275200,12.526488304138184
1604361600,12.963343620300293
1604448000,13.734750747680664
1604534400,14.098923683166504
1604620800,14.499187469482422
1604880000,13.571956634521484
1604966400,12.71491813659668
1605052800,13.360126495361328
1605139200,13.398706436157227
1605225600,13.239645957946777
1605484800,13.456955909729004
1605571200,13.364355087280273
1605657600,13.370827674865723
1605744000,13.382280349731445
1605830400,13.031301498413086
1606089600,13.083324432373047
1606176000,12.901859283447266
1606262400,13.177663803100586
1606435200,13.204049110412598
1606694400,13.343695640563965
1606780800,13.332246780395508
1606867200,13.486079216003418
1606953600,13.342162132263184
1607040000,13.503757476806641
1607299200,13.552062034606934
1607385600,13.296344757080078
1607472000,12.878778457641602
1607558400,12.920114517211914
1607644800,12.96094799041748
1607904000,13.255263328552246
1607990400,13.306801795959473
1608076800,13.189278602600098
1608163200,13.287631988525391
1608249600,13.218660354614258
1608508800,13.278667449951172
1608595200,13.224882125854492
1608681600,12.956964492797852
1608768000,12.941527366638184
1609113600,12.84815502166748
1609200000,12.891228675842285
1609286400,13.092917442321777
1609372800,13.002532005310059
1609718400,13.060793876647949
1609804800,13.350873947143555
1609891200,12.563800811767578
1609977600,13.290369033813477
1610064000,13.223386764526367
1610323200,13.566753387451172
1610409600,13.430551528930664
1610496000,13.477365493774414
1610582400,13.147197723388672
1610668800,12.807817459106445
1611014400,12.972902297973633
1611100800,13.312032699584961
1611187200,13.811766624450684
1611273600,13.657391548156738
1611532800,13.59837532043457
1611619200,13.381252288818359
1611705600,12.865832328796387
1611792000,12.99854564666748
1611878400,12.937541007995605
1612137600,13.183799743652344
1612224000,13.502264976501465
1612310400,13.476119995117188
1612396800,13.609332084655762
1612483200,13.536373138427734
1612742400,14.380722999572754
1612828800,14.205926895141602
1612915200,14.704911231994629
1613001600,15.189456939697266
1613088000,14.901119232177734
1613433600,15.268636703491211
1613520000,14.846090316772461
1613606400,14.769401550292969
1613692800,14.866509437561035
1613952000,14.298054695129395
1614038400,14.085159301757812
1614124800,14.440723419189453
1614211200,13.254016876220703
1614297600,13.659379005432129
1614556800,13.786120414733887
1614643200,13.35236930847168
1614729600,12.753288269042969
1614816000,12.320534706115723
1614902400,12.411417007446289
1615161600,11.546657562255859
1615248000,12.47423267364502
1615334400,12.422426223754883
1615420800,12.945744514465332
1615507200,12.808748245239258
1615766400,13.142768859863281
1615852800,13.242402076721191
1615939200,13.292219161987305
1616025600,12.675741195678711
1616112000,12.798538208007812
1616371200,13.137785911560059
1616457600,13.022711753845215
1616544000,12.596530914306641
1616630400,12.489180564880371
1616716800,12.792061805725098
1616976000,12.900661468505859
1617062400,12.824441909790039
1617148800,13.299190521240234
1617235200,13.760988235473633
1617580800,13.936090469360352
1617667200,13.810552597045898
1617753600,14.091518402099609
1617840000,14.264377593994141
1617926400,14.347074508666992
1618185600,15.153101921081543
1618272000,15.621874809265137
1618358400,15.220852851867676
1618444800,16.077943801879883
1618531200,15.854019165039062
1618790400,15.305288314819336
1618876800,15.115490913391113
1618963200,15.304042816162109
1619049600,14.795672416687012
1619136000,15.209148406982422
1619395200,15.421114921569824
1619481600,15.325220108032227
1619568000,15.220602035522461
1619654400,15.268425941467285
1619740800,14.95433235168457
1620000000,14.782219886779785
1620086400,14.298504829406738
1620172800,14.405361175537109
1620259200,14.469623565673828
1620345600,14.757810592651367
1620604800,14.213318824768066
1620691200,14.253669738769531
1620777600,13.707935333251953
1620864000,13.615026473999023
1620950400,14.190652847290039
1621209600,14.113437652587891
1621296000,13.964238166809082
1621382400,14.014057159423828
1621468800,14.558794975280762
1621555200,14.936649322509766
1621814400,15.554622650146484
1621900800,15.590239524841309
1621987200,15.642298698425293
1622073600,15.431077003479004
1622160000,16.184797286987305
1622505600,16.204723358154297
1622592000,16.716587066650391
1622678400,16.907382965087891
1622764800,17.513645172119141
1623024000,17.554241180419922
1623110400,17.39283561706543
1623196800,17.298419952392578
1623283200,17.364938735961914
1623369600,17.763803482055664
1623628800,17.956640243530273
1623715200,17.727182388305664
1623801600,17.748859405517578
1623888000,18.592933654785156
1623974400,18.574501037597656
1624233600,18.363733291625977
1624320000,18.821645736694336
1624406400,18.99156379699707
1624492800,19.139299392700195
1624579200,18.965398788452148
1624838400,19.916109085083008
1624924800,19.95771598815918
1625011200,19.933551788330078
1625097600,20.142332077026367
1625184000,20.416385650634766
1625529600,20.627151489257812
1625616000,20.301528930664062
1625702400,19.834146499633789
1625788800,19.981138229370117
1626048000,20.441793441772461
1626134400,20.180198669433594
1626220800,19.773101806640625
1626307200,18.900873184204102
1626393600,18.09840202331543
1626652800,18.715015411376953
1626739200,18.54783821105957
1626825600,19.343093872070312
1626912000,19.526458740234375
1626998400,19.490583419799805
1627257600,19.227499008178711
1627344000,19.141794204711914
1627430400,19.435770034790039
1627516800,19.594228744506836
1627603200,19.431787490844727
1627862400,19.681921005249023
1627948800,19.746702194213867
1628035200,20.20411491394043
1628121600,20.565864562988281
1628208000,20.295797348022461
1628467200,20.225042343139648
1628553600,19.867282867431641
1628640000,19.631097793579102
1628726400,19.836389541625977
1628812800,20.118412017822266
1629072000,19.881237030029297
1629158400,19.390932083129883
1629244800,18.974369049072266
1629331200,19.729755401611328
1629417600,20.74424934387207
1629676800,21.88231086730957
1629763200,21.717878341674805
1629849600,22.136430740356445
1629936000,21.991933822631836
1630022400,22.55797004699707
1630281600,22.609796524047852
1630368000,22.311771392822266
1630454400,22.367591857910156
1630540800,22.322738647460938
1630627200,22.768274307250977
1630972800,22.587865829467773
1631059200,22.26593017578125
1631145600,22.104455947875977
1631232000,22.404470443725586
1631491200,22.079536437988281
1631577600,22.169242858886719
1631664000,22.267915725708008
1631750400,22.169242858886719
1631836800,21.828357696533203
1632096000,21.043935775756836
1632182400,21.176498413085938
1632268800,21.869222640991211
1632355200,22.408452987670898
1632441600,22.008766174316406
1632700800,21.589143753051758
1632787200,20.63128662109375
1632873600,20.449880599975586
1632960000,20.648231506347656
1633046400,20.67414665222168
1633305600,19.667453765869141
1633392000,20.384099960327148
1633478400,20.632287979125977
1633564800,21.006059646606445
1633651200,20.762857437133789
1633910400,20.627300262451172
1633996800,20.60338020324707
1634083200,20.870500564575195
1634169600,21.674863815307617
1634256000,21.790483474731445
1634515200,22.149311065673828
1634601600,22.217082977294922
1634688000,22.030693054199219
1634774400,22.617771148681641
1634860800,22.651657104492188
1635120000,23.090217590332031
1635206400,24.636142730712891
1635292800,24.371013641357422
1635379200,24.859413146972656
1635465600,25.483360290527344
1635724800,25.742515563964844
1635811200,26.314640045166016
1635897600,26.510988235473633
1635984000,29.703517913818359
1636070400,29.654674530029297
1636329600,30.703237533569336
1636416000,30.556711196899414
1636502400,29.362630844116211
1636588800,30.290592193603516
1636675200,30.290592193603516
1636934400,29.926780700683594
1637020800,30.10420036315918
1637107200,29.165281295776367
1637193600,31.571380615234375
1637280000,32.877094268798828
1637539200,31.851463317871094
1637625600,31.64215087890625
1637712000,32.567119598388672
1637884800,31.399948120117188
1638144000,33.266815185546875
1638230400,32.569114685058594
1638316800,31.336002349853516
1638403200,32.024826049804688
1638489600,30.596345901489258
1638748800,29.942409515380859
1638835200,32.324886322021484
1638921600,31.725776672363281
1639008000,30.393980026245117
1639094400,30.102903366088867
1639353600,28.072317123413086
1639440000,28.247760772705078
1639526400,30.363080978393555
1639612800,28.297601699829102
1639699200,27.713451385498047
1639958400,27.631708145141602
1640044800,28.983438491821289
1640131200,29.307409286499023
1640217600,29.546655654907227
1640563200,30.847549438476562
1640649600,30.226511001586914
1640736000,29.906522750854492
1640822400,29.492830276489258
1640908800,29.318378448486328
1641168000,30.026140213012695
1641254400,29.197757720947266
1641340800,27.517068862915039
1641427200,28.089258193969727
1641513600,27.16119384765625
1641772800,27.313713073730469
1641859200,27.729394912719727
1641945600,27.910823822021484
1642032000,26.491310119628906
1642118400,26.857152938842773
1642464000,25.821426391601562
1642550400,24.988061904907227
1642636800,24.073940277099609
1642723200,23.300392150878906
1642982400,23.298397064208984
1643068800,22.253694534301758
1643155200,22.700284957885742
1643241600,21.874895095825195
1643328000,22.768070220947266
1643587200,24.408885955810547
1643673600,24.560409545898438
1643760000,25.162506103515625
1643846400,23.872579574584961
1643932800,24.242410659790039
1644192000,24.650129318237305
1644278400,25.0289306640625
1644364800,26.62089729309082
1644451200,25.742671966552734
1644537600,23.873577117919922
1644796800,24.190576553344727
1644883200,26.41156005859375
1644969600,26.427509307861328
1645056000,24.429824829101562
1645142400,23.567546844482422
1645488000,23.316341400146484
1645574400,22.316493988037109
1645660800,23.673215866088867
1645747200,24.080923080444336
1646006400,24.308202743530273
1646092800,23.403066635131836
1646179200,24.147834777832031
1646265600,23.643344879150391
1646352000,22.867666244506836
1646611200,21.288381576538086
1646697600,21.44990348815918
1646784000,22.945432662963867
1646870400,22.590490341186523
1646956800,22.034154891967773
1647216000,21.266447067260742
1647302400,22.904550552368164
1647388800,24.423019409179688
1647475200,24.692214965820312
1647561600,26.374185562133789
1647820800,26.654350280761719
1647907200,26.444972991943359
1647993600,25.557626724243164
1648080000,28.066129684448242
1648166400,27.6094970703125
1648425600,28.134927749633789
1648512000,28.570629119873047
1648598400,27.607501983642578
1648684800,27.204706192016602
1648771200,26.632411956787109
1649030400,27.278484344482422
1649116800,25.853742599487305
1649203200,24.334281921386719
1649289600,24.135875701904297
1649376000,23.050119400024414
1649635200,21.85169792175293
1649721600,21.439929962158203
1649808000,22.136852264404297
1649894400,21.194662094116211
1650240000,21.718099594116211
1650326400,22.131866455078125
1650412800,21.418001174926758
1650499200,20.122865676879883
1650585600,19.456857681274414
1650844800,19.842706680297852
1650931200,18.732025146484375
1651017600,18.360139846801758
1651104000,19.723064422607422
1651190400,18.491744995117188
1651449600,19.474802017211914
1651536000,19.543600082397461
1651622400,20.273418426513672
1651708800,18.78785514831543
1651795200,18.619359970092773
1652054400,16.899505615234375
1652140800,17.542579650878906
1652227200,16.580450057983398
1652313600,16.126810073852539
1652400000,17.65324592590332
1652659200,17.212560653686523
1652745600,18.122844696044922
1652832000,16.887533187866211
1652918400,17.07298469543457
1653004800,16.644262313842773
1653264000,16.847658157348633
1653350400,16.105873107910156
1653436800,16.924423217773438
1653523200,17.797815322875977
1653609600,18.75495719909668
1653955200,18.616367340087891
1654041600,18.265417098999023
1654128000,19.533626556396484
1654214400,18.664220809936523
1654473600,18.730030059814453
1654560000,18.869613647460938
1654646400,18.596366882324219
1654732800,17.99803352355957
1654819200,16.927009582519531
1655078400,15.603680610656738
1655164800,15.792157173156738
1655251200,16.481243133544922
1655337600,15.557806968688965
1655424000,15.836034774780273
1655769600,16.520139694213867
1655856000,16.314706802368164
1655942400,16.180080413818359
1656028800,17.078586578369141
1656288000,16.822296142578125
1656374400,15.937750816345215
1656460800,15.498970985412598
1656547200,15.117032051086426
1656633600,14.482791900634766
1656979200,14.92257022857666
1657065600,15.08811092376709
1657152000,15.814096450805664
1657238400,15.794153213500977
1657497600,15.110052108764648
1657584000,15.040244102478027
1657670400,15.122017860412598
1657756800,15.329442977905273
1657843200,15.718360900878906
1658102400,16.056425094604492
1658188800,16.94495964050293
1658275200,17.757701873779297
1658361600,18.000022888183594
1658448000,17.271053314208984
1658707200,16.976863861083984
1658793600,16.48723030090332
1658880000,17.740749359130859
1658966400,17.934209823608398
1659052800,18.112714767456055
1659312000,18.389944076538086
1659398400,18.474708557128906
1659484800,18.840692520141602
1659571200,19.161800384521484
1659657600,18.936428070068359
1659916800,17.743736267089844
1660003200,17.038698196411133
1660089600,18.046899795532227
1660176000,17.892324447631836
1660262400,18.657207489013672
1660521600,18.979310989379883
1660608000,18.826728820800781
1660694400,18.284236907958984
1660780800,18.721023559570312
1660867200,17.799585342407227
1661126400,16.986843109130859
1661212800,17.13343620300293
1661299200,17.174322128295898
1661385600,17.863405227661133
1661472000,16.214981079101562
1661731200,15.757255554199219
1661817600,15.425176620483398
1661904000,15.052211761474609
1661990400,13.898415565490723
1662076800,13.609216690063477
1662422400,13.42772102355957
1662508800,13.680094718933105
1662595200,13.955412864685059
1662681600,14.351430892944336
1662940800,14.469137191772461
1663027200,13.098535537719727
1663113600,13.095544815063477
1663200000,12.897035598754883
1663286400,13.165369987487793
1663545600,13.348917007446289
1663632000,13.143424987792969
1663718400,13.228217124938965
1663804800,12.52994441986084
1663891200,12.485057830810547
1664150400,12.197769165039062
1664236800,12.38231372833252
1664323200,12.704511642456055
1664409600,12.189788818359375
1664496000,12.108988761901855
1664755200,12.481066703796387
1664841600,13.134448051452637
1664928000,13.17634391784668
1665014400,13.097537040710449
1665100800,12.046148300170898
1665360000,11.641149520874023
1665446400,11.557357788085938
1665532800,11.471569061279297
1665619200,11.930431365966797
1665705600,11.199243545532227
1665964800,11.858609199523926
1666051200,11.937414169311523
1666137600,12.021204948425293
1666224000,12.163854598999023
1666310400,12.4351806640625
1666569600,12.567853927612305
1666656000,13.228217124938965
1666742400,12.864117622375488
1666828800,13.143424987792969
1666915200,13.799796104431152
1667174400,13.463631629943848
1667260800,13.509517669677734
1667347200,13.186319351196289
1667433600,13.387819290161133
1667520000,14.121005058288574
1667779200,14.265645027160645
1667865600,14.565900802612305
1667952000,13.741941452026367
1668038400,15.711063385009766
1668124800,16.28663444519043
1668384000,16.254711151123047
1668470400,16.624799728393555
1668556800,15.870664596557617
1668643200,15.638241767883301
1668729600,15.370903968811035
1668988800,15.279134750366211
1669075200,15.99835205078125
1669161600,16.478158950805664
1669334400,16.229778289794922
1669593600,15.787871360778809
1669680000,15.600337982177734
1669766400,16.885477066040039
1669852800,17.097011566162109
1669939200,16.838581085205078
1670198400,16.573173522949219
1670284800,15.951557159423828
1670371200,16.084260940551758
1670457600,17.130935668945312
1670544000,16.96330451965332
1670803200,17.496124267578125
1670889600,18.031932830810547
1670976000,17.634817123413086
1671062400,16.914417266845703
1671148800,16.534261703491211
1671408000,16.217962265014648
1671494400,16.049337387084961
1671580800,16.464418411254883
1671667200,15.304994583129883
1671753600,15.172287940979004
1672099200,14.089694976806641
1672185600,14.004881858825684
1672272000,14.570625305175781
1672358400,14.581601142883301
1672704000,14.283263206481934
1672790400,14.716299057006836
1672876800,14.233373641967773
1672963200,14.826056480407715
1673222400,15.593352317810059
1673308800,15.873729705810547
1673395200,15.965522766113281
1673481600,16.474395751953125
1673568000,16.861534118652344
1673913600,17.662754058837891
1674000000,17.338476181030273
1674086400,16.727828979492188
1674172800,17.79945182800293
1674432000,19.15045166015625
1674518400,19.222288131713867
1674604800,19.280157089233398
1674691200,19.758096694946289
1674777600,20.319847106933594
1675036800,19.119516372680664
1675123200,19.493684768676758
1675209600,20.896572113037109
1675296000,21.660871505737305
1675382400,21.053218841552734
1675641600,21.042245864868164
1675728000,22.123838424682617
1675814400,22.155769348144531
1675900800,22.287477493286133
1675987200,21.217853546142578
1676246400,21.739696502685547
1676332800,22.920076370239258
1676419200,22.713531494140625
1676505600,21.953224182128906
1676592000,21.340581893920898
1676937600,20.609207153320312
1677024000,20.707986831665039
1677110400,23.611537933349609
1677196800,23.234375
1677456000,23.448896408081055
1677542400,23.164529800415039
1677628800,22.647676467895508
1677715200,23.262308120727539
1677801600,23.837034225463867
1678060800,23.50178337097168
1678147200,23.240314483642578
1678233600,24.131486892700195
1678320000,23.388010025024414
1678406400,22.917978286743164
1678665600,22.918977737426758
1678752000,24.013727188110352
1678838400,24.178394317626953
1678924800,25.488702774047852
1679011200,25.672323226928711
1679270400,25.846967697143555
1679356800,26.145357131958008
1679443200,26.413803100585938
1679529600,27.135324478149414
1679616000,26.724164962768555
1679875200,26.476673126220703
1679961600,26.355924606323242
1680048000,26.928749084472656
1680134400,27.326930999755859
1680220800,27.720123291015625
1680480000,27.907737731933594
1680566400,27.396787643432617
1680652800,26.825958251953125
1680739200,26.981639862060547
1681084800,27.522529602050781
1681171200,27.113372802734375
1681257600,26.440750122070312
1681344000,26.408811569213867
1681430400,26.703212738037109
1681689600,26.946710586547852
1681776000,27.610347747802734
1681862400,27.873807907104492
1681948800,27.048503875732422
1682035200,27.063470840454102
1682294400,26.986627578735352
1682380800,26.18726921081543
1682467200,26.900806427001953
1682553600,27.170251846313477
1682640000,27.692184448242188
1682899200,28.850805282592773
1682985600,28.152236938476562
1683072000,27.745071411132812
1683158400,27.505565643310547
1683244800,28.62127685546875
1683504000,29.091310501098633
1683590400,28.51249885559082
1683676800,28.825855255126953
1683763200,28.519481658935547
1683849600,28.28196907043457
1684108800,28.893718719482422
1684195200,29.153181076049805
1684281600,30.1162109375
1684368000,31.613140106201172
1684454400,31.199983596801758
1684713600,31.112167358398438
1684800000,30.625164031982422
1684886400,30.475469589233398
1684972800,37.902236938476562
1685059200,38.866252899169922
1685404800,40.02886962890625
1685491200,37.75653076171875
1685577600,39.688568115234375
1685664000,39.246479034423828
1685923200,39.090793609619141
1686009600,38.574848175048828
1686096000,37.402133941650391
1686182400,38.43511962890625
1686268800,38.694622039794922
1686528000,39.405231475830078
1686614400,40.942237854003906
1686700800,42.913406372070312
1686787200,42.570072174072266
1686873600,42.608993530273438
1687219200,43.722820281982422
1687305600,42.961307525634766
1687392000,42.941349029541016
1687478400,42.126934051513672
1687737600,40.552993774414062
1687824000,41.794586181640625
1687910400,41.037055969238281
1687996800,40.742622375488281
1688083200,42.219753265380859
1688342400,42.330535888671875
1688515200,42.234722137451172
1688601600,42.021137237548828
1688688000,42.420368194580078
1688947200,42.097988128662109
1689033600,42.322547912597656
1689120000,43.816635131835938
1689206400,45.887611389160156
1689292800,45.380596160888672
1689552000,46.370655059814453
1689638400,47.401660919189453
1689724800,46.985466003417969
1689811200,45.431495666503906
1689897600,44.222846984863281
1690156800,44.525257110595703
1690243200,45.590183258056641
1690329600,45.363624572753906
1690416000,45.810752868652344
1690502400,46.659103393554688
1690761600,46.638141632080078
1690848000,46.416568756103516
1690934400,44.182926177978516
1691020800,44.428440093994141
1691107200,44.593120574951172
1691366400,45.328697204589844
1691452800,44.577163696289062
1691539200,42.471260070800781
1691625600,42.305580139160156
1691712000,40.775562286376953
1691971200,43.667934417724609
1692057600,43.854564666748047
1692144000,43.401454925537109
1692230400,43.259727478027344
1692316800,43.214813232421875
1692576000,46.875686645507812
1692662400,45.579204559326172
1692748800,47.024391174316406
1692835200,47.071296691894531
1692921600,45.928535461425781
1693180800,46.743934631347656
1693267200,48.689144134521484
1693353600,49.168216705322266
1693440000,49.259037017822266
1693526400,48.414676666259766
1693872000,48.453605651855469
1693958400,46.973361968994141
1694044800,46.154899597167969
1694131200,45.487136840820312
1694390400,45.093875885009766
1694476800,44.786449432373047
1694563200,45.400306701660156
1694649600,45.496128082275391
1694736000,43.818248748779297
1694995200,43.884128570556641
1695081600,43.438961029052734
1695168000,42.160343170166016
1695254400,40.940616607666016
1695340800,41.532524108886719
1695600000,42.143379211425781
1695686400,41.832950592041016
1695772800,42.388912200927734
1695859200,43.008766174316406
1695945600,43.418006896972656
1696204800,44.698612213134766
1696291200,43.435962677001953
1696377600,43.958992004394531
1696464000,44.604782104492188
1696550400,45.676788330078125
1696809600,45.188701629638672
1696896000,45.712722778320312
1696982400,46.718845367431641
1697068800,46.857582092285156
1697155200,45.376346588134766
1697414400,46.009166717529297
1697500800,43.856182098388672
1697587200,42.117424011230469
1697673600,42.022609710693359
1697760000,41.3099365234375
1698019200,42.894973754882812
1698105600,43.581695556640625
1698192000,41.701202392578125
1698278400,40.25091552734375
1698364800,40.424587249755859
1698624000,41.084354400634766
1698710400,40.704059600830078
1698796800,42.246185302734375
1698883200,43.42498779296875
1698969600,44.921192169189453
1699228800,45.665805816650391
1699315200,45.869434356689453
1699401600,46.487274169921875
1699488000,46.862575531005859
1699574400,48.244991302490234
1699833600,48.529468536376953
1699920000,49.563533782958984
1700006400,48.796970367431641
1700092800,49.387863159179688
1700179200,49.206203460693359
1700438400,50.315139770507812
1700524800,49.850994110107422
1700611200,48.625289916992188
1700784000,47.687034606933594
1701043200,48.152168273925781
1701129600,47.731952667236328
1701216000,48.050357818603516
1701302400,46.682910919189453
1701388800,46.677921295166016
1701648000,45.425251007080078
1701734400,46.483375549316406
1701820800,45.422256469726562
1701907200,46.513324737548828
1701993600,47.421714782714844
1702252800,46.544265747070312
1702339200,47.572441101074219
1702425600,48.002674102783203
1702512000,48.264209747314453
1702598400,48.803253173828125
1702857600,49.988143920898438
1702944000,49.515983581542969
1703030400,48.025638580322266
1703116800,48.903079986572266
1703203200,48.743358612060547
1703548800,49.191555023193359
1703635200,49.329315185546875
1703721600,49.434127807617188
1703808000,49.434127807617188
1704153600,48.082530975341797
1704240000,47.484600067138672
1704326400,47.912830352783203
1704412800,49.0098876953125
1704672000,52.160289764404297
1704758400,53.045703887939453
1704844800,54.253559112548828
1704931200,54.724727630615234
1705017600,54.612926483154297
1705363200,56.281963348388672
1705449600,55.953540802001953
1705536000,57.005672454833984
1705622400,59.385444641113281
1705881600,59.548149108886719
1705968000,59.766769409179688
1706054400,61.253120422363281
1706140800,61.507663726806641
1706227200,60.922706604003906
1706486400,62.354171752929688
1706572800,62.662612915039062
1706659200,61.417835235595703
1706745600,62.915168762207031
1706832000,66.042610168457031
1707091200,69.208984375
1707177600,68.101951599121094
1707264000,69.974617004394531
1707350400,69.517433166503906
1707436800,72.005043029785156
1707696000,72.11981201171875
1707782400,72.000038146972656
1707868800,73.768882751464844
1707955200,72.529083251953125
1708041600,72.484153747558594
1708387200,69.328773498535156
1708473600,67.352294921875
1708560000,78.398651123046875
1708646400,78.677162170410156
1708905600,78.951675415039062
1708992000,78.561347961425781
1709078400,77.52520751953125
1709164800,78.971641540527344
1709251200,82.133003234863281
1709510400,85.085769653320312
1709596800,85.815498352050781
1709683200,88.546768188476562
1709769600,92.5089111328125
1709856000,87.376792907714844
1710115200,85.625831604003906
1710201600,91.75421142578125
1710288000,90.730995178222656
1710374400,87.792076110839844
1710460800,87.685264587402344
1710720000,88.302192687988281
1710806400,89.243576049804688
1710892800,90.215888977050781
1710979200,91.277030944824219
1711065600,94.126113891601562
1711324800,94.837882995605469
1711411200,92.401100158691406
1711497600,90.094100952148438
1711584000,90.199913024902344
1711929600,90.206901550292969
1712016000,89.297470092773438
1712102400,88.810317993164062
1712188800,85.756584167480469
1712275200,87.855964660644531
1712534400,86.98248291015625
1712620800,85.206527709960938
1712707200,86.888633728027344
1712793600,90.459465026855469
1712880000,88.033660888671875
1713139200,85.852424621582031
1713225600,87.263999938964844
1713312000,83.88983154296875
1713398400,84.524726867675781
1713484800,76.068367004394531
1713744000,79.380638122558594
1713830400,82.280616760253906
1713916800,79.53936767578125
1714003200,82.489265441894531
1714089600,87.583442687988281
1714348800,87.605415344238281
1714435200,86.25274658203125
1714521600,82.897537231445312
1714608000,85.668746948242188
1714694400,88.635612487792969
1714953600,91.9808349609375
1715040000,90.397560119628906
1715126400,90.255805969238281
1715212800,88.59368896484375
1715299200,89.722740173339844
1715558400,90.242843627929688
1715644800,91.19818115234375
1715731200,94.466537475585938
1715817600,94.196006774902344
1715904000,92.319244384765625
1716163200,94.61627197265625
1716249600,95.221221923828125
1716336000,94.785964965820312
1716422400,103.61969757080078
1716508800,106.28507232666016
1716854400,113.70423126220703
1716940800,114.62664794921875
1717027200,110.30911254882812
1717113600,109.44361114501953
1717372800,114.80133819580078
1717459200,116.23584747314453
1717545600,122.22848510742188
1717632000,120.78897857666016
1717718400,120.67917633056641
1717977600,121.57962036132812
1718064000,120.71103668212891
1718150400,124.99398040771484
1718236800,129.39674377441406
1718323200,131.66299438476562
1718582400,130.76448059082031
1718668800,135.35691833496094
1718841600,130.56480407714844
1718928000,126.36173248291016
1719187200,117.9156494140625
1719273600,125.88250732421875
1719360000,126.19200897216797
1719446400,123.78598022460938
1719532800,123.33672332763672
1719792000,124.09545135498047
1719878400,122.4681396484375
1719964800,128.06893920898438
1720137600,125.62294769287109
1720396800,127.98903656005859
1720483200,131.16383361816406
1720569600,134.68801879882812
1720656000,127.19036865234375
1720742400,129.02734375
1721001600,128.22865295410156
1721088000,126.15206909179688
1721174400,117.79583740234375
1721260800,120.89073944091797
1721347200,117.73594665527344
1721606400,123.33672332763672
1721692800,122.38827514648438
1721779200,114.06201171875
1721865600,112.09524536132812
1721952000,112.87395477294922
1722211200,111.4063720703125
1722297600,103.55931091308594
1722384000,116.82743835449219
1722470400,109.03028869628906
1722556800,107.09347534179688
1722816000,100.28469848632812
1722902400,104.07845306396484
1722988800,98.747245788574219
1723075200,104.79726409912109
1723161600,104.57763671875
1723420800,108.84059906005859
1723507200,115.94890594482422
1723593600,117.88569641113281
1723680000,122.65784454345703
1723766400,124.375
1724025600,129.78607177734375
1724112000,127.04061126708984
1724198400,128.28855895996094
1724284800,123.53638458251953
1724371200,129.15711975097656
1724630400,126.25190734863281
1724716800,128.08889770507812
1724803200,125.4033203125
1724889600,117.39649963378906
1724976000,119.173583984375
1725321600,107.82229614257812
1725408000,106.03523254394531
1725494400,107.03358459472656
1725580800,102.66081237792969
1725840000,106.2947998046875
1725926400,107.92211151123047
1726012800,116.71762847900391
1726099200,118.95413208007812
1726185600,118.91419219970703
1726444800,116.59781646728516
1726531200,115.40967559814453
1726617600,113.19313812255859
1726704000,117.68611907958984
1726790400,115.81903076171875
1727049600,116.07861328125
1727136000,120.68144226074219
1727222400,123.31731414794922
1727308800,123.84648132324219
1727395200,121.21060180664062
1727654400,121.25054931640625
1727740800,116.81745910644531
1727827200,118.66458129882812
1727913600,122.65834808349609
1728000000,124.72511291503906
1728259200,127.52073669433594
1728345600,132.68267822265625
1728432000,132.44303894042969
1728518400,134.59965515136719
1728604800,134.58970642089844
1728864000,137.85459899902344
1728950400,131.39471435546875
1729036800,135.50827026367188
1729123200,136.71638488769531
1729209600,137.78471374511719
1729468800,143.48580932617188
1729555200,143.36598205566406
1729641600,139.34230041503906
1729728000,140.19096374511719
1729814400,141.31918334960938
1730073600,140.30075073242188
1730160000,141.02964782714844
1730246400,139.12260437011719
1730332800,132.55287170410156
1730419200,135.18875122070312
1730678400,135.83773803710938
1730764800,139.69172668457031
1730851200,145.38282775878906
1730937600,148.64775085449219
1731024000,147.39967346191406
1731283200,145.03338623046875
1731369600,148.05865478515625
1731456000,146.04179382324219
1731542400,146.53102111816406
1731628800,141.75849914550781
1731888000,139.93135070800781
1731974400,146.78062438964844
1732060800,145.66239929199219
1732147200,146.44119262695312
1732233600,141.72853088378906
1732492800,135.80780029296875
1732579200,136.70640563964844
1732665600,135.12886047363281
1732838400,138.03431701660156
1733097600,138.41372680664062
1733184000,140.04118347167969
1733270400,144.91354370117188
1733356800,144.84367370605469
1733443200,142.22758483886719
1733702400,138.60298156738281
1733788800,134.86857604980469
1733875200,139.10224914550781
1733961600,137.13519287109375
1734048000,134.04978942871094
1734307200,131.80313110351562
1734393600,130.19554138183594
1734480000,128.71774291992188
1734566400,130.485107421875
1734652800,134.49911499023438
1734912000,139.46168518066406
1734998400,140.01087951660156
1735171200,139.7213134765625
1735257600,136.8056640625
1735516800,137.28495788574219
1735603200,134.08973693847656
1735776000,138.10371398925781
1735862400,144.25454711914062
1736121600,149.2071533203125
1736208000,139.93099975585938
1736294400,139.90107727050781
1736467200,135.70732116699219
1736726400,133.03131103515625
1736812800,131.56350708007812
1736899200,136.03683471679688
1736985600,133.37081909179688
1737072000,137.504638671875
1737417600,140.61997985839844
1737504000,146.85069274902344
1737590400,147.00047302246094
1737676800,142.40730285644531
1737936000,118.24340057373047
1738022400,128.79763793945312
1738108800,123.51553344726562
1738195200,124.464111328125
1738281600,119.89093780517578
1738540800,116.48603057861328
1738627200,118.47305297851562
1738713600,124.64384460449219
1738800000,128.48808288574219
1738886400,129.6463623046875
1739145600,133.37081909179688
1739232000,132.60197448730469
1739318400,130.94442749023438
1739404800,135.08824157714844
1739491200,138.6429443359375
1739836800,139.19210815429688
1739923200,139.02236938476562
1740009600,139.90107727050781
1740096000,134.22952270507812
1740355200,130.08572387695312
1740441600,126.44114685058594
1740528000,131.08421325683594
1740614400,119.97081756591797
1740700800,124.73371124267578
1740960000,113.88990020751953
1741046400,115.81702423095703
1741132800,117.12507629394531
1741219200,110.40511322021484
1741305600,112.52194976806641
1741564800,106.82045745849609
1741651200,108.59780883789062
1741737600,115.57803344726562
1741824000,115.41825103759766
1741910400,121.49972534179688
1742169600,119.36272430419922
1742256000,115.26846313476562
1742342400,117.35552978515625
1742428800,118.36412048339844
1742515200,117.5352783203125
1742774400,121.24009704589844
1742860800,120.52109527587891
1742947200,113.60079956054688
1743033600,111.27405548095703
1743120000,109.51651763916016
1743379200,108.22832489013672
1743465600,109.99585723876953
1743552000,110.26546478271484
1743638400,101.65754699707031
1743724800,94.178024291992188
1743984000,97.50335693359375
1744070400,96.165237426757812
1744156800,114.17000579833984
1744243200,107.41945648193359
1744329600,110.77476501464844
1744588800,110.55506896972656
1744675200,112.04297637939453
1744761600,104.34377288818359
1744848000,101.34796905517578
1745193600,96.774383544921875
1745280000,98.751602172851562
1745366400,102.56625366210938
1745452800,106.28105163574219
1745539200,110.85464477539062
1745798400,108.57784271240234
1745884800,108.867431640625
1745971200,108.76756286621094
1746057600,111.45381164550781
1746144000,114.33976745605469
1746403200,113.66072082519531
1746489600,113.38111114501953
1746576000,116.89617919921875
1746662400,117.20574951171875
1746748800,116.48676300048828
1747008000,122.82787322998047
1747094400,129.7481689453125
1747180800,135.15060424804688
1747267200,134.64129638671875
1747353600,135.21051025390625
1747612800,135.38029479980469
1747699200,134.19194030761719
1747785600,131.61557006835938
1747872000,132.64410400390625
1747958400,131.10624694824219
1748304000,135.31036376953125
1748390400,134.62132263183594
1748476800,138.99520874023438
1748563200,134.94090270996094
1748822400,137.187744140625
1748908800,141.02236938476562
1748995200,141.72138977050781
1749081600,139.79409790039062
1749168000,141.52168273925781
1749427200,142.43040466308594
1749513600,143.758544921875
1749600000,142.64002990722656
1749686400,144.80714416503906
1749772800,141.78117370605469
1750032000,144.49754333496094
1750118400,143.92829895019531
1750204800,145.2864990234375
1750377600,143.65866088867188
1750636800,143.97824096679688
1750723200,147.70326232910156
1750809600,154.104736328125
1750896000,154.81381225585938
1750982400,157.54017639160156
1751241600,157.77984619140625
1751328000,153.09608459472656
1751414400,157.04084777832031
1751500800,159.1280517578125
1751846400,158.02951049804688
1751932800,159.78717041015625
1752019200,162.66334533691406
1752105600,163.88172912597656
1752192000,164.70063781738281
1752451200,163.85177612304688
1752537600,170.47294616699219
1752624000,171.14205932617188
1752710400,172.76988220214844
1752796800,172.18067932128906
1753056000,171.15205383300781
1753142400,166.80781555175781
1753228800,170.5528564453125
1753315200,173.50892639160156
1753401600,173.26922607421875
1753660800,176.51490783691406
1753747200,175.27653503417969
1753833600,179.03155517578125
1753920000,177.63340759277344
1754006400,173.48893737792969
1754265600,179.76057434082031
1754352000,178.02288818359375
1754438400,179.18135070800781
1754524800,180.52957153320312
1754611200,182.45698547363281
1754870400,181.81784057617188
1754956800,182.9163818359375
1755043200,181.34846496582031
1755129600,181.77789306640625
1755216000,180.20997619628906
1755475200,181.76789855957031
1755561600,175.40638732910156
1755648000,175.16670227050781
1755734400,174.74723815917969
1755820800,177.75325012207031
1756080000,179.57083129882812
1756166400,181.52822875976562
1756252800,181.35845947265625
1756339200,179.93034362792969
1756425600,173.94830322265625
1756771200,170.5528564453125
1756857600,170.39305114746094
1756944000,171.43168640136719
1757030400,166.7978515625
1757289600,168.08613586425781
1757376000,170.53286743164062
1757462400,177.09413146972656
1757548800,176.94430541992188
1757635200,177.593505859375
1757894400,177.52357482910156
1757980800,174.65724182128906
1758067200,170.07307434082031
1758153600,176.01551818847656
1758240000,176.4449462890625
1758499200,183.37612915039062
1758585600,178.20271301269531
1758672000,176.74456787109375
1758758400,177.46365356445312
1758844800,177.96302795410156
1759104000,181.61836242675781
1759190400,186.34233093261719
1759276800,187.00151062011719
1759363200,188.64939880371094
1759449600,187.38099670410156
1759708800,185.30366516113281
1759795200,184.80429077148438
1759881600,188.86911010742188
1759968000,192.32470703125
1760054400,182.92669677734375
1760313600,188.08013916015625
1760400000,179.80067443847656
1760486400,179.60093688964844
1760572800,181.57839965820312
1760659200,182.98661804199219
1760918400,182.4073486328125
1761004800,180.92924499511719
1761091200,180.05035400390625
1761177600,181.92796325683594
1761264000,186.02273559570312
1761523200,191.24609375
1761609600,200.77392578125
1761696000,206.77627563476562
1761782400,202.63156127929688
1761868800,202.23207092285156
1762128000,206.61648559570312
1762214400,198.43690490722656
1762300800,194.96134948730469
1762387200,187.84043884277344
1762473600,187.91030883789062
1762732800,198.79646301269531
1762819200,192.91395568847656
1762905600,193.55313110351562
1762992000,186.62197875976562
1763078400,189.92774963378906
1763337600,186.36231994628906
1763424000,181.12898254394531
1763510400,186.28240966796875
1763596800,180.40989685058594
1763683200,178.65214538574219
1763942400,182.31747436523438
1764028800,177.593505859375
1764115200,180.03036499023438
1764288000,176.7745361328125
1764547200,179.69081115722656
1764633600,181.22886657714844
1764720000,179.36125183105469
1764806400,183.15660095214844
1764892800,182.18778991699219
1765152000,185.323974609375
1765238400,184.74467468261719
1765324800,183.55612182617188
1765411200,180.70957946777344
1765497600,174.80679321289062
1765756800,176.07522583007812
1765843200,177.50349426269531
1765929600,170.73175048828125
1766016000,173.9278564453125
1766102400,180.76953125
1766361600,183.46623229980469
1766448000,188.97952270507812
1766534400,188.38023376464844
1766707200,190.29789733886719
1766966400,187.99070739746094
1767052800,187.31153869628906
1767139200,186.27279663085938
