set,scenario,cost,distance_km,lateness_s,capacity_excess_kg,shift_excess_s
training,nominal,1106.88302682201015159,560.02074442333059778,0.00000000000000000,0.00000000000000000,0.00000000000000000
training,traffic_x1_3,1106.88302682201015159,560.02074442333059778,0.00000000000000000,0.00000000000000000,0.00000000000000000
training,cancel_3_tasks,1105.29864797916661701,558.15588967932001196,0.00000000000000000,0.00000000000000000,0.00000000000000000
training,insert_2_urgent,1108.75147323793476062,562.37893359681868333,0.00000000000000000,0.00000000000000000,0.00000000000000000
training,vehicle_7_unavailable,1106.88302682201015159,560.02074442333059778,0.00000000000000000,0.00000000000000000,0.00000000000000000
holdout,geography_uniform,2612.72119239153062153,2260.19254432525985976,37669.04697835558181396,0.00000000000000000,0.00000000000000000
holdout,windows_tightened_50pct,1106.88302682201015159,560.02074442333059778,6192.16147541462851223,0.00000000000000000,0.00000000000000000
holdout,fleet_mix_changed,1125.48302682201006064,560.02074442333059778,0.00000000000000000,0.00000000000000000,0.00000000000000000
holdout,distance_rounding_integer,1105.07000000000016371,558.00000000000000000,0.00000000000000000,0.00000000000000000,0.00000000000000000
