niche_id,grid_x,grid_y,quality_train,descriptor_altitude_km_train,descriptor_plane_spread_train,visit_count,decision_altitude_km,decision_inclination_deg,decision_raan_1_deg,decision_raan_2_deg,decision_raan_3_deg,decision_raan_4_deg,decision_mean_anomaly_1_deg,decision_mean_anomaly_2_deg,decision_mean_anomaly_3_deg,decision_mean_anomaly_4_deg
100,0,5,3.700971281028383,450,0.29485148936171623,7,450,90.14486039349944,89.24454399869929,149.27116576291326,182.7649608305683,214.156639902877,230.3808535604671,142.9585132187109,325.42932801365356,75.71961978280693
120,0,6,3.9913779475997657,460.02893239477686,0.3098386236519971,16,460.02893239477686,90.93283401186686,109.32008006200921,187.2916499043955,235.49064603506915,144.08362815586378,275.305716491371,180.09702395281138,160.58038118511146,94.02391076947536
140,0,7,4.022362193374271,450,0.36109917254093704,7,450,91.29852977957522,134.0784936261048,186.84370301563374,215.15913228028035,80.86186951210139,213.7585465002341,230.38314168399563,213.0592206952573,0
101,1,5,4.116409871742537,480.5026134018217,0.27883165439098656,9,480.5026134018217,99.37853043974906,284.9261803568642,214.73423120406295,251.31820849097522,164.43996474400512,197.53397420814937,191.5590161226077,242.70597035022752,266.1878372056545
160,0,8,4.176386523320874,455.4338323923956,0.42549872023025126,15,455.4338323923956,81.55628918334477,115.7980868029445,224.66279291788723,79.31554588933079,178.95970503711573,155.34114798555999,102.76061036814636,320.7175155221036,0
143,3,7,4.299641016928495,521.7232934288212,0.3894393326402841,18,521.7232934288212,89.88044150183059,211.6341606779395,260.6974824494285,150.99129500831185,123.18034525311376,330.18868344582853,360,0,202.54562072356057
80,0,4,4.3070022972637645,450,0.2372757347637645,15,450,88.53089791549482,231.30519086338197,246.06216835560522,303.8392894021461,188.77273342450874,152.33831863403037,162.39208183398307,336.7318905204001,283.11971950174456
161,1,8,4.309955969136012,482.2660640721123,0.4290922034148892,9,482.2660640721123,96.8810715122694,60.54111217080189,158.11553334581419,109.73873247474388,213.95626602454183,237.60495709749924,207.2968997598444,329.92931991579763,134.9467060471295
81,1,4,4.374752899804292,483.84611864541995,0.22099223418342584,12,483.84611864541995,87.97780748994161,278.289212955889,222.22377604110923,225.28585989119932,166.19312930445443,206.67025713139716,165.64906476055273,316.7437737362159,274.5541252857775
180,0,9,4.449675904506356,468.9061530749065,0.4912784362572906,14,468.9061530749065,82.518554336643,117.87698662904933,228.8019151355251,67.22890095239583,179.83765169823064,153.89971376272572,110.78000975051604,325.76024522071214,21.087581669481555
144,4,7,4.475188103330019,540.1110783260989,0.37609554923569755,13,540.1110783260989,90.71852596207133,210.16343863703486,264.90747266274906,157.09855066516027,126.98991240972808,360,340.20883237809795,26.254144852840955,187.0815984493831
241,1,12,4.620784141493951,486.57703284366096,0.6486987088906753,12,486.57703284366096,86.1485505194032,199.5290005708785,241.88661098630382,323.8781100949802,117.30097188929045,135.69102034546685,108.84043990184814,240.93247425050146,222.62539741584277
104,4,5,4.624641655611002,560.6545254536888,0.2691380677407811,10,560.6545254536888,91.5783436844547,200.4884736713831,245.7291859426639,164.61583044404261,127.20347548926316,360,321.17816391189547,0,198.6764028890109
280,0,14,4.650508275314472,462.9778245370257,0.7302352382775483,20,462.9778245370257,92.06588570610856,51.09991071058276,188.0417137847338,130.69853745551003,270.61490806442885,224.11355647914272,169.17329060313813,341.62533018309927,72.55648541770893
283,3,14,4.674962723559121,518.7023019658853,0.729736578900267,10,518.7023019658853,76.5054503750738,235.96990908581145,323.43861556482256,190.4237798894528,98.5226239393977,184.10365919752078,303.476752319836,208.36921387607632,105.58131433919819
260,0,13,4.686198938002301,450,0.6966807088356342,23,450,92.10840256773331,39.889785865165685,154.32216166510605,134.35302264598238,265.1259366757079,225.73832430564286,205.9933515476809,360,110.43760985274486
220,0,11,4.701758040399323,469.03234057021746,0.5527106763638152,13,469.03234057021746,91.8937613949766,89.56795661955918,145.6828100480955,197.0933340349951,270.31644321972476,219.42884388493536,172.99920780010194,326.5644177779231,115.41304032870357
182,2,9,4.7264049023767365,496.6078441353473,0.4760165651899303,6,496.6078441353473,85.33931913957932,131.42569297678588,225.82041310146417,74.94509042729479,204.13979968413526,185.37993653010125,69.82630521328728,352.71883650529657,43.521619543404384
261,1,13,4.7493222075428605,475.34366818785907,0.6861850048309363,7,475.34366818785907,87.39493117534803,26.75931180989335,124.90576767991142,176.73327375364593,240.5535708712436,226.54842791499536,142.18059080079604,323.528263275612,75.68344355382396
202,2,10,4.79910874353035,498.85458202036324,0.5103025066600511,12,498.85458202036324,81.31689729813607,122.84588713587272,219.01231650723895,53.42206626615807,184.43439721804066,156.58258145276207,101.32661995602905,330.24644393651886,9.329073538853216
125,5,6,4.85385478655776,577.4046352102189,0.30467822612223805,12,577.4046352102189,91.69974405413436,195.5123843940436,246.41316402200917,147.31513631966456,124.7674495526202,360,319.7470821796759,0,184.17614179429256
82,2,4,4.874582132175486,506.04695744812534,0.22531047436089924,9,506.04695744812534,88.9825174731825,196.10047993029062,252.49528768488847,139.99312434215074,185.23934449790744,360,360,23.622987242320853,213.72072376510118
262,2,13,4.877644397876869,517.4215300142328,0.6837025352345425,11,517.4215300142328,85.8460429596415,197.62843038428917,240.62860467066162,329.46862793878,114.74377528648529,155.5222729918303,142.56115688494853,201.52245211530413,280.24267819915485
121,1,6,4.884165490093837,488.0614957747837,0.3370791781793332,9,488.0614957747837,93.29149722422835,141.0349688016325,246.50148671453493,274.18372946476876,208.2854263032799,94.87263060425369,61.741421605330125,236.40625754134413,196.16583391076745
145,5,7,4.944662064830064,581.1690629532196,0.3690391436312014,15,581.1690629532196,92.53924523432205,197.36694379007963,262.5298039395281,161.43563962151836,119.30685032325987,360,324.30106804284304,26.912508358463416,193.0160207812495
124,4,6,4.9507948536499224,560.6920750545518,0.32922566560440425,8,560.6920750545518,91.95860305800582,192.40790659735305,243.81970539324018,277.18851578634354,149.59075197213912,118.44695201922775,63.48549836109298,2.9617715242994107,147.72057528210595
183,3,9,4.979419820763177,531.0141650880641,0.46302816988253503,13,531.0141650880641,86.50252007343373,85.05883418888145,133.60813000027318,333.2739956854499,34.44712648672128,303.10726255951505,334.37008557088325,196.4032322977735,91.38525181603323
84,4,4,4.986111112381478,547.8309933293316,0.22798347075482805,12,547.8309933293316,92.30933056909902,117.47351158584644,224.89053880799509,139.8823464978457,169.08417066369338,335.0541775927692,250.08345847312304,91.5364696709253,238.8203298061593
122,2,6,5.008492272469069,505.1044270064601,0.33641935657113475,6,505.1044270064601,100,209.11693478349298,237.18975564276502,104.79961772459825,168.1903640346399,324.36928650791236,245.6978129534926,124.52584433961324,262.7734589874747
102,2,5,5.0209676991529,499.76610529687036,0.2793613336841958,12,499.76610529687036,91.63272320675074,206.90991154545662,243.58291023992518,156.56331899548948,128.57199713320117,360,360,24.320448556271586,200.3330674901294
320,0,16,5.042933495570008,464.46587287929253,0.8012044542770831,12,464.46587287929253,91.2064482969091,27.196976424216626,133.221158857986,204.66174051243976,266.7282743188834,241.93895413703424,145.33060781684458,323.719492635652,75.11071113888809
282,2,14,5.05185918812006,515.6972808897879,0.7076467958888483,10,515.6972808897879,85.78984159774798,197.32066566427696,239.12044495038688,335.01062304492564,113.70114735453896,167.97082671850393,178.7845446698381,275.6135635650697,277.9152512893571
123,3,6,5.062887466107148,538.4714937146514,0.31235221646063405,8,538.4714937146514,87.90276031857212,208.0236695777386,242.59609161390733,150.75500891582942,122.33931414741446,322.81589948679107,272.11558883754515,103.37169894058704,276.5452209189447
126,6,6,5.084267905455392,601.9269151037278,0.3495690669181145,8,601.9269151037278,92.30071706697856,196.9602130175307,247.4976004225057,154.0605741920407,111.01395638377534,360,335.2440890039524,0,203.5968444118062
103,3,5,5.102223916324416,535.8032130358912,0.2619001192988373,12,535.8032130358912,92.88761657547369,116.62908889249803,234.9844306637258,148.84049308299757,175.3041895506958,301.54600049026305,265.499195303591,156.85651963852803,233.14611007503058
286,6,14,5.102729912645748,593.5014702732036,0.7470120849137123,16,593.5014702732036,79.89839174434226,99.43149622422321,49.422642272413874,320.4315960016929,187.62753491238124,285.61272538617965,238.92355054636107,311.1081538696196,235.99643363481948
263,3,13,5.157881128085366,525.1109107654125,0.679232957931241,12,525.1109107654125,75.76689060371753,115.1856649904871,33.45429754522029,162.24162225042625,245.42154628147284,325.04143209945596,95.95964642369736,0,360
181,1,9,5.163874893855339,479.4760318091988,0.478554679930018,10,479.4760318091988,84.04081690932618,100.78881582772028,72.76865767089951,0,308.7561556498621,0,258.66430238055324,204.8282125697659,170.85354924431653
127,7,6,5.1798805142556485,615.0348928588841,0.3489326273334745,8,615.0348928588841,88.72178776123454,221.94275021811686,271.6498402130783,181.03153377790989,134.50100753231104,359.98519079281726,357.84654243862855,18.484866975193775,230.47410577113743
146,6,7,5.238264281515127,589.831963827703,0.3967154765714297,14,589.831963827703,89.03335992650649,164.74393324536874,267.53623856282445,214.53313507985604,122.509308140654,360,284.51344882304187,1.9025025653893834,198.27784358636325
164,4,8,5.249018905182201,555.7547493107688,0.4404297454078453,10,555.7547493107688,93.01456334350021,192.75307337823207,244.93099273544388,290.72635537542476,136.35465368471762,184.73561627121433,30.11626536873549,0,141.13163433681302
221,1,11,5.260968770301733,480.3608833339491,0.5595734786289083,8,480.3608833339491,83.10774275163494,201.2112711611099,129.1625886453343,251.67938118604886,311.8959986813453,360,8.159972433876996,360,68.0459666194019
141,1,7,5.262444287810978,492.51612730435437,0.3744574939341009,10,492.51612730435437,82.61944919319076,99.36362820493042,76.44335088641516,27.21954139933336,321.53954271283254,17.49678035349167,201.9485837136019,209.34110959970437,170.86639401634113
303,3,15,5.2831434897372755,523.7471862441946,0.7512705856286629,13,523.7471862441946,92.05099216929781,35.6119523988534,159.82666045957052,102.46910669839274,266.01109520985483,209.70784083797784,193.25532172487073,360,105.67646205344809
302,2,15,5.296934409051441,510.2772012262384,0.7701389592890571,11,510.2772012262384,85.94475689366753,180.00004418303303,237.7218768277724,360,112.46023184493536,149.95460240739766,197.37274561695293,196.13432040530623,269.20239196894977
163,3,8,5.318402794600469,535.3213583336561,0.4005407737639073,7,535.3213583336561,88.14967390541865,103.80839995797251,224.3910844422373,240.6429745084628,160.09238215614408,276.0195744103548,192.3380320418928,148.40233380532854,56.793027099100975
281,1,14,5.341299670019194,483.49323937881337,0.7370313387310601,14,483.49323937881337,85.60110429783332,206.2571764681002,241.53999723253267,348.1559571292254,116.50435807433604,138.5300333115009,118.12113440100157,181.90113259843827,219.76319101471557
128,8,6,5.3435887042703625,632.144344261523,0.3464291158217996,9,632.144344261523,88.26205393803168,224.4602730141032,274.5420796067545,180.23052235328217,139.4068310168387,360,360,16.158489823663167,219.1232730965615
142,2,7,5.358611664545393,500.9438890389483,0.3666857949892429,6,500.9438890389483,82.84242106652783,94.27677827337905,76.32514427665546,18.147911463728473,322.41346712663847,30.596137098341444,161.56729713298844,206.6965755045047,171.69782121624598
149,9,7,5.358838604349709,655.4160222367811,0.3594960903152319,17,655.4160222367811,94.15949284187336,239.50524261125273,107.59219246398058,140.1053752117219,198.15629983327253,163.7196085976597,86.26927709943841,234.9543634662872,321.8377888031014
242,2,12,5.39496584709013,516.172784992731,0.6198265388294864,11,516.172784992731,76.78842855614315,237.82744947495667,63.60051283486954,288.2604938952827,360,306.6485469630362,14.499806487264436,352.8325562734961,115.39421702648993
130,10,6,5.41669673330304,688.831958778575,0.3115802705172901,9,688.831958778575,84.24602339584375,343.935821245058,212.72676377431668,304.19429936781665,276.01411575001777,161.7025222524518,140.80013425464162,279.3646447880294,239.2517792023205
148,8,7,5.420675433492967,632.4731640192724,0.3656052516335767,3,632.4731640192724,91.56846495280269,214.9731894527106,265.4698552735471,158.22485125608557,132.00645998707833,356.98777762933355,330.81494013051935,0,226.66117160735894
300,0,15,5.431462375226492,450,0.7607592502264925,10,450,84.84549076964777,163.94745636340906,245.87026191525044,336.58341059593397,119.4013318829006,127.25917415836102,104.29373650396158,245.82000556219802,184.99528631834045
107,7,5,5.477651365385993,609.910374084628,0.27750595787304677,12,609.910374084628,89.08505646265257,96.97319176487474,221.1636005785578,170.17705088414164,145.5807718106221,329.9008947761884,278.5579209884146,0,217.122189612023
166,6,8,5.527394317143645,589.3868635908588,0.4208303687350571,11,589.3868635908588,98.21508711201272,205.92868903043376,168.231535653458,259.7398646727138,104.29422567070814,128.15220745589738,35.151747588805904,345.6894488006843,66.1837915887016
83,3,4,5.543756906741872,520.9035222367272,0.2427946010412666,12,520.9035222367272,82.13016332854927,86.3996771236516,202.42621748140218,124.97168268270495,131.7208396375507,115.80914059122586,157.07552745835082,359.9615640511703,52.46399187437349
108,8,5,5.54528901346941,642.0497652600619,0.28930959003545687,14,642.0497652600619,92.40043931429653,153.09732632375352,246.54239900297006,194.93380642188086,125.82570567609021,360,348.27033270158455,38.86052133879664,221.81968894973306
304,4,15,5.567576771181255,558.2063274030432,0.7660473513174897,11,558.2063274030432,78.73450067868211,232.948382796601,108.5516087531807,360,305.31188415436566,344.6003021696115,90.2101123840001,359.50598794629406,147.76117814853313
165,5,8,5.586073297100535,581.0117461807371,0.40746625195983144,10,581.0117461807371,91.45282766078434,183.75819817993786,249.33198388795796,282.7540499031909,143.1010817419049,175.1822182674935,0.4950269007701067,0,130.07104494768978
167,7,8,5.604475612363607,615.7658343186139,0.4117261233441347,12,615.7658343186139,99.55001949038052,206.93149272492687,152.4421914204449,251.10804816227832,104.53704659739854,98.80014911882053,43.7904175968594,359.03924818131776,74.40846912031178
244,4,12,5.60997555954802,548.0481737533748,0.6239599678476045,19,548.0481737533748,75.4024689181271,199.3464733595838,123.99524529666743,311.47908042101824,270.32731046903007,360,118.25553081535351,346.075936310205,149.98202435323415
62,2,3,5.623566492925404,515.6355155184726,0.19579206690734463,8,515.6355155184726,91.43976268429562,187.7495039857143,246.22506057670515,141.40111722215852,190.38616073924882,360,297.66155697190817,21.421014942336605,170.8220364793232
106,6,5,5.624984440651774,593.683762074323,0.28495671574187753,9,593.683762074323,85.33601666256678,98.13523454953966,74.8979018694813,342.76172194107943,23.01247792313538,251.2278005436155,360,254.00821574972585,66.76838238954485
184,4,9,5.6371143367187475,545.5886782003007,0.4677509922157407,17,545.5886782003007,98.95694046173422,200.90977288894956,254.04415250778058,312.8481349606575,152.50252381387193,304.4629142575772,79.26422836182454,177.7241159178165,234.4165572587663
204,4,10,5.64007657947231,548.117036477965,0.5159374646926598,15,548.117036477965,89.53860042320416,226.60137776984732,289.43176426251813,113.26979731547327,184.97213468914012,270.50257254269917,247.31709927372793,138.84639916439497,257.3025004493524
323,3,16,5.642045697865427,536.3800630705681,0.8483622546597461,12,536.3800630705681,74.29446936424816,202.109668319374,94.12283832156241,267.5645764150946,347.0068710580095,357.7416690820261,163.23824644335681,296.5904102318969,100.57973522908345
168,8,8,5.646334555309135,631.268020220132,0.4228470614411479,7,631.268020220132,100,192.7951562650014,157.61956841490908,256.2564668221728,99.47420892730975,62.04767653574904,31.299189346350282,360,63.68246226016239
66,6,3,5.708990865445101,603.5269819067503,0.19657260887759864,10,603.5269819067503,89.39751849018036,122.70002407591357,223.7131943855112,156.17863424467114,147.84097488700306,308.3314764761107,256.6755508427311,40.984444479489426,236.12425788767868
322,2,16,5.7129184073238255,503.29530808042773,0.8027517848528817,9,503.29530808042773,75.04128107042705,115.2191807063808,8.263346460951492,182.13285368124247,249.53029981739792,285.38284060099255,109.00486861510615,6.155167206231482,341.7169650454761
222,2,11,5.714466710246967,503.39724890742775,0.5857025545060226,11,503.39724890742775,83.95808746672728,239.7919828226833,271.42846947237837,166.82667825951685,94.42480029841148,212.53028804412187,360,204.50343626485613,110.95799948653135
301,1,15,5.720114370200977,483.59464689331423,0.755326755434502,9,483.59464689331423,74.06230495280323,106.42032860090808,0,192.0820077950557,224.21326427268795,287.5651120974511,102.42045350074308,18.28060433107231,343.8525460116328
200,0,10,5.721039708782275,450,0.5237089796156085,11,450,91.46784125184793,140.6105775750852,185.57395905192573,237.9453966105491,61.310604487550926,217.26664396994045,251.98587059601653,284.6068424068305,0
243,3,12,5.737128767435216,537.497102410855,0.6231603474933327,9,537.497102410855,86.69729589578183,60.86645787567707,139.90751282424873,304.2644260431355,6.102966769190816,272.0108142924529,360,249.09068812709913,61.217602163635824
88,8,4,5.7498674007366475,631.7725597276778,0.24080065762653535,5,631.7725597276778,80.60008070059848,263.9531806513276,207.07419117029582,266.3778271794474,324.59129021130605,166.86372313149866,53.908007965703796,297.4625980347809,216.2778212269564
266,6,13,5.750718428261076,605.5826092374384,0.6858428567200258,9,605.5826092374384,87.8186590023854,92.84045336298463,198.74882740603636,337.77717351931926,65.33360295126954,200.45525198190248,289.09367094353365,356.5886065844242,0
147,7,7,5.753337744221031,611.2211641438115,0.3896938111162488,7,611.2211641438115,95.17480429790253,203.0157684567973,165.5858697838731,252.14660434307217,104.03907864692061,121.11718750658403,17.741392749084557,332.78855570057345,63.21036022123841
265,5,13,5.761841280261604,564.7141369642618,0.6917181397856523,9,564.7141369642618,70.85471325040498,114.41248998762045,63.81689373699301,351.27132346841347,205.35718721878922,273.85755891342103,319.68273597702364,330.57166789737755,167.42163911896273
129,9,6,5.80441535510797,665.2572987121192,0.343118409653445,18,665.2572987121192,79.92844600621656,275.0260815895322,203.80373416307023,248.07132576618562,343.2126883178296,273.5712729144376,133.8616065953663,247.4677018755781,288.1979277855556
285,5,14,5.810227871397214,577.3958627869213,0.7164124726946683,10,577.3958627869213,89.5664632571839,35.598952520977875,133.96338946527518,264.1408683067963,15.06463418221249,303.75891877346726,290.7272897832356,275.4321870027837,82.25006709630871
340,0,17,5.812613848346912,450,0.8889810358469111,16,450,85.14849072468182,147.02958350716546,240.53601802620224,343.2038589220614,82.18009543851872,104.37221420900423,96.83335579478131,246.61090309262912,181.057029366959
89,9,4,5.813814391461724,662.2180806002284,0.23570910629277364,11,662.2180806002284,82.17909883610898,296.73955844892157,234.63360145018837,346.1126540153707,268.1480847065957,203.4954758502018,147.48282906688607,264.44709393787156,306.81554176563486
245,5,12,5.815926300039984,581.4866103852386,0.6270367586875985,6,581.4866103852386,77.01017643394736,238.93399743450695,70.30588566630021,295.1634018995333,360,335.41101035760215,0,304.6740344203627,128.4247627016779
61,1,3,5.823377589228133,490.7230127238053,0.19694173282341298,8,490.7230127238053,100,141.69570935365462,245.06025046752904,207.10644210079468,210.1685518525783,144.714770943094,53.54444462382051,224.54492786046032,196.74969404264684
110,10,5,5.835153019312074,679.8786083126253,0.29658829035248824,7,679.8786083126253,84.4833714797165,270.8048920749547,221.58137538688817,352.363238117104,281.55836711660993,146.0503877662982,139.86109714955168,213.6090305646285,230.47846851765468
60,0,3,5.858940789111785,457.72232404213656,0.18497275702375282,14,457.72232404213656,88.06151501901569,218.5299200914257,234.14022792401693,288.4610952369441,189.35558322478798,152.7000774445269,164.72436817281715,318.6261418606973,267.2996328375397
223,3,11,5.860383714240877,538.5932660234217,0.5515343873399927,19,538.5932660234217,76.2895558818839,233.56650060251036,292.3788226156857,195.7235226758647,106.54255455257271,172.10129611522666,283.50376123338407,159.11082526852994,106.01578194528827
150,10,7,5.863475782201455,687.9570967836881,0.38058450186457415,7,687.9570967836881,91.8131420679407,94.288739372545,57.919423683965206,146.3965835565147,360,214.0157654483044,0,0,341.8399548476418
105,5,5,5.866718154498519,582.1427827387419,0.2669049104444349,14,582.1427827387419,97.98915992148696,114.98990114141746,217.4988824032124,227.88612486800773,185.75720860097226,115.34747138582301,0,249.8538110574019,212.7820791290346
305,5,15,5.8775528376007244,578.1917100822814,0.7520159451112443,9,578.1917100822814,87.17041207807189,75.73988419579108,129.27614906814773,272.43926265529234,0,271.8566899963481,267.7573919875401,264.45307529929704,80.04825829469208
307,7,15,5.952002066195281,607.5990432078593,0.7743189257833554,15,607.5990432078593,69.67129064922558,169.19299826963027,331.8656456619674,231.6219782543851,100.22729296115213,262.7307066108916,189.0634280019092,209.70888715279617,120.49112096610722
191,11,9,5.953642704492339,712.8948286010392,0.45281941848194696,10,712.8948286010392,83.79979717947867,42.04388934947463,360,106.09870951085168,151.4417606053765,225.20483261527323,116.13026606056115,293.520073579162,40.54089003543504
162,2,8,5.958717724568032,507.7206464200958,0.4154305312004083,4,507.7206464200958,76.08505376409674,360,329.8274684210988,295.4743694216455,207.49986739161986,146.12174506762057,308.0597066472119,78.27496679919889,154.71628464016905
201,1,10,5.96522390475373,482.78805087214886,0.507786104365574,6,482.78805087214886,76.13612462688408,358.61693817543085,334.7661160290247,249.3202703546147,207.81001029153384,161.83764143718997,329.26661031678526,84.82577496503235,156.3690070893634
65,5,3,5.965408566208171,567.0504852344038,0.18318496386413352,6,567.0504852344038,84.67202545149208,63.83372321968297,74.5590429899803,341.74683502618103,41.114371784049,249.03939977505863,346.6864733852637,251.84659220037307,71.33614829154372
240,0,12,5.977535388845975,470.1929175779898,0.6395385047327435,17,470.1929175779898,85.65218303485052,20.33332980807274,128.62401298008038,153.51510012369278,231.46642974406763,222.51014721634417,139.08670100518205,327.3389267978217,83.31694058854949
90,10,4,6.008105040524183,678.1270681212156,0.24161300514535955,4,678.1270681212156,87.1441742211499,167.13367154762366,98.01604813227881,50.93387310744141,115.31379196291276,113.95543305726186,18.186121311516843,282.02690078201726,220.278222423502
63,3,3,6.009178069813462,518.1906210136965,0.15546196384316335,6,518.1906210136965,84.86805054238171,46.96768390555751,17.110373040653467,22.33376734374674,317.3641893301533,30.490471668902657,234.21624248709205,207.538693055188,156.11564297829713
224,4,11,6.039356199460596,545.9943325471064,0.5656758948228651,14,545.9943325471064,85.00767682741855,63.553073867931275,197.64192210290824,253.54301385068976,161.06485432472823,270.9699835853881,117.49074162316306,154.62946210145753,79.5983228747792
206,6,10,6.049931250594132,590.4418273375944,0.5250051647181885,15,590.4418273375944,86.11591380369185,59.45165496762344,130.96961433274478,320.67672378806276,0,225.6410998648949,321.97387220976907,259.561171992382,98.47469506430193
203,3,10,6.053443144897411,538.3221191765126,0.5158599739656187,7,538.3221191765126,82.64526515810219,61.15478035845199,79.27864654891647,0,273.80242303312264,0,178.79802408288887,236.27242538653707,235.57544596994381
64,4,3,6.067693719438188,540.0287319238295,0.1823152543665595,12,540.0287319238295,89.68578414386644,173.2155349106804,235.53424410991965,137.1159789381476,166.5428461069445,347.13364853782724,237.5964382356201,87.12743550589306,193.39887074820413
324,4,16,6.085999174662495,542.8907371244597,0.8492793034178976,9,542.8907371244597,68.04511422164185,54.75856523601036,269.55824633866393,329.41184486112235,160.06168792618104,117.77020449966467,349.52500761786,209.96009381106393,221.40658894556967
42,2,2,6.087736834265936,508.5662252822649,0.13957458144328683,8,508.5662252822649,88.14412977916683,251.9149068191062,216.7340553929851,212.73421027912752,164.7028622581504,206.16471092204222,177.70689370235,313.07191609444885,284.60436786411475
190,10,9,6.118489117172347,677.5796778339239,0.4623537971664403,16,677.5796778339239,82.66641774264907,148.00171544099015,207.40274177526877,258.58697687859654,307.965664154127,208.58898112290257,153.2082112493994,215.7842040126913,301.3964186677792
205,5,10,6.119225103693136,579.3321732015065,0.5260986841780712,18,579.3321732015065,100,201.55534127026695,254.29069918926788,327.5621894172375,153.64561021149447,323.8002202613405,70.65785823565483,165.3882354270349,241.6972365851024
109,9,5,6.123119876074721,666.0952904552701,0.25051332568868856,11,666.0952904552701,82.880083997481,185.8812458134082,86.66166509805838,77.50897119512551,119.90216791072002,120.33192970925113,0.3268785764699015,241.5530318140158,179.26614999073837
188,8,9,6.132539847566668,635.641344936267,0.4891472315373304,12,635.641344936267,78.0709206113112,196.01660628490032,338.75637527212814,265.3768156374347,184.76366247278625,155.0348343262112,330.94438686429424,4.12560267286052,140.35973042574366
248,8,12,6.140195165585179,634.195806920338,0.6279897005484661,13,634.195806920338,76.53515896044733,319.5559689789163,255.18748429533088,22.571336458677095,190.82495061876762,360,119.36937977019574,266.73590886910586,133.46862098346568
86,6,4,6.142167504899321,586.133212107374,0.23845257132558084,5,586.133212107374,98.35806250142873,149.36135967988977,219.8297619039078,264.5435011123297,202.04178374583782,95.03221301911913,78.99256166707954,241.60069711599442,242.44418561756262
264,4,13,6.149910661242289,543.8103684536648,0.6937731225389745,5,543.8103684536648,76.66158478972494,223.46913087436144,80.3274366788711,278.9501145591403,334.70113845813233,360,130.43847085341656,334.10348654577194,98.25192351310666
87,7,4,6.177953566356562,627.8969396203482,0.2209893784864132,12,627.8969396203482,86.636558225108,125.79288614200004,231.96490878711288,170.6864124970996,147.4797427517854,299.44176598660187,290.3270756472562,41.31229238377518,165.3566796890347
85,5,4,6.180820457371814,582.8213814172118,0.22148685153302938,7,582.8213814172118,85.25888557965166,70.09923438113577,86.57778655803016,341.8920239842147,53.40358065687503,263.13804649177894,360,261.4329214294365,93.86741327733566
41,1,2,6.20497810288122,486.57508303645807,0.149513730849972,7,486.57508303645807,88.2555344558121,245.5128997556145,219.34120984489604,244.61379948276618,166.17599781927555,209.28631544935615,171.34404639891184,327.69233857936285,264.810453354107
365,5,18,6.208291798674509,572.6127558443792,0.9089220527307175,12,572.6127558443792,80.86131938701192,190.8811218836598,82.35049908224114,272.4628661450046,353.35594135823,356.07122657244383,99.64359251232297,305.4037727406665,84.79964725164376
169,9,8,6.217309644412531,669.2439435922599,0.40247437515659845,11,669.2439435922599,93.42410370872565,249.56906330536626,111.16873579913889,121.76881400522227,180.1767674327586,173.28914568560597,36.88798616764472,235.76010880184066,278.4689049103969
343,3,17,6.245408950950524,528.1241256386552,0.8639072778973053,8,528.1241256386552,71.76328356061163,204.47625449606667,95.59486453922842,261.04361315687737,353.65894321661455,360,175.26414208171997,243.0599913353603,77.73940315834346
208,8,10,6.260208459350634,639.1335304819042,0.5264252378649261,20,639.1335304819042,77.36183213268873,196.89528728080865,325.90860465819316,360,252.639283970233,156.98842965665963,113.9602950428269,350.69084251482695,274.7633480432228
151,11,7,6.261920030907792,699.642326008232,0.35065302082547223,15,699.642326008232,93.24461247578446,81.61605642651114,0,318.26337905353563,67.21849479060852,305.1972533730227,69.91944551479673,330.5467866678988,16.021500887662974
185,5,9,6.2620057782726,573.7168164825404,0.49287146761386313,9,573.7168164825404,84.56475545391196,61.671257427808726,138.24867259441444,321.7684534030827,40.859648480944756,295.54209914184725,295.1617167209435,237.29792064516602,84.92972460598611
326,6,16,6.284769089024305,603.2352670422356,0.8080804811019493,19,603.2352670422356,88.24465169461078,75.49286358679059,136.61311190958975,261.89561345821926,0.02335159927217098,261.213157017828,272.97140320274553,267.7917234104459,89.23966956663334
268,8,13,6.295269992206113,630.7857902466861,0.6703547980725849,14,630.7857902466861,77.90242071256944,118.12665332441642,62.04020596653368,351.2509668683509,197.14818061006065,272.40490578940756,346.8926600148209,360,166.25326665791485
288,8,14,6.2991227582951685,641.1164603403957,0.7001326340578773,8,641.1164603403957,81.21410856159599,360,253.05792618880673,228.86469522697232,135.06396566849799,188.87516917810777,276.113341019481,182.8085769480112,71.4062440621555
189,9,9,6.344658066538922,667.6570539256489,0.4822802356157655,10,667.6570539256489,82.8780116756039,187.3988057862041,17.879267169807974,80.25905098865775,118.70864623295581,119.74733593960761,0,235.4145073459163,238.36046373002108
172,12,8,6.351500794845089,727.6123430497732,0.4071481976806902,17,727.6123430497732,83.2330328169769,131.14801019914717,189.0141348212715,234.61744686885646,90.8277394859474,360,360,195.49237726633177,259.32949735356516
131,11,6,6.370209939727368,702.855164805781,0.3130775625028913,11,702.855164805781,82.35223177990291,168.1790245259666,258.53367034414373,125.43598525005319,188.93073451258522,234.18125443408388,120.46750878052725,317.12642001988735,99.60498325854313
321,1,16,6.372096217451716,478.45542401728534,0.8458753106121968,4,478.45542401728534,82.99479487776415,202.61319762719083,112.16916267874315,263.1321959040182,360,309.5803633260002,0,349.21621124960166,97.48485013698598
112,12,5,6.375786599091966,729.201470952609,0.25440991039920813,16,729.201470952609,87.55325675791869,174.77503328416665,55.77990973195467,111.6588543695146,131.177379515233,158.38138641509568,58.01514193082941,240.46387613813255,196.07243739423097
325,5,16,6.392278839360903,567.8559069278449,0.8428213325824542,13,567.8559069278449,68.46457902831042,47.266270216173076,244.1601255155608,321.30245944572476,170.61546251825482,99.74132102457659,338.1598205418687,44.15326423946428,247.75737116991436
306,6,15,6.39268563057789,594.4246808706822,0.7965508010377335,14,594.4246808706822,88.67039617611607,73.5720369447489,132.0708453704214,254.15687758906162,0,250.14719678857819,248.4301058469069,269.7325992900819,128.12302976348212
134,14,6,6.399776267471602,781.541044867107,0.34973040213386564,10,781.541044867107,90.5631460144634,98.4049820628114,172.57222041487475,231.39498859689104,124.43265773029145,317.83541463034203,337.8499165980271,215.22018486850916,240.5980165901322
287,7,14,6.409785977510233,608.2805310478377,0.7321238961985232,11,608.2805310478377,93.03091713425906,101.61530672835794,241.71181498629065,0,289.7194868193047,72.58616979263425,100.51816293805567,59.961640616629744,278.81018813923333
170,10,8,6.419806680184665,677.3184032921592,0.44089348059640654,16,677.3184032921592,74.47719580983062,360,209.77244120200626,253.92503152015152,314.9952181996467,153.31208434860844,103.93595903954137,184.84403917770288,277.12742148607646
111,11,5,6.421214633399278,701.3916383068786,0.2608789794971589,7,701.3916383068786,85.40034346076962,112.78264392774831,178.52810046653332,234.11282657908635,161.45702267430045,275.01514180166606,101.76016986340066,153.93925690212865,112.4222262735766
115,15,5,6.437006250891104,792.3563688428164,0.29755714579627246,12,792.3563688428164,88.93055998023954,177.86930803857868,150.8438335372805,224.9269861855436,96.27016797995059,312.78167501298793,360,209.56942837037354,135.98969475600188
329,9,16,6.4392502356798875,662.5468958999397,0.8188594016804899,13,662.5468958999397,79.91365833399598,119.85478650417714,359.39522594578176,261.7383471686897,195.32594661730857,168.33622687114894,360,59.621083011605904,140.1821355932876
289,9,14,6.4517520900185765,662.8961498260982,0.7439494459242615,16,662.8961498260982,74.00952811483127,127.36040531764198,24.637933169585644,350.6018435549695,254.4521326262043,294.24648682892837,304.113675854245,312.7799088062811,141.10402509326275
152,12,7,6.452229708214787,734.2580742195718,0.36368542435240214,13,734.2580742195718,82.5278943471329,127.02855475018274,186.77183547877343,223.05531019864785,90.89848469383395,360,350.96952345641887,209.45930030763586,212.01261385071564
290,10,14,6.472329886427384,688.1458652243427,0.7005717550172902,11,688.1458652243427,81.49314612688798,107.78421145477485,360,137.0061099653274,224.4773206668603,230.98655055918823,157.80810972867977,327.4271535392197,38.046792655465914
114,14,5,6.492812030905121,777.7311902360045,0.2926485660450756,12,777.7311902360045,86.81835280551,176.64478890331995,154.25152261259197,231.16046855542518,102.5820889353485,312.23565758775857,360,213.34243298001317,140.39159233571092
228,8,11,6.496792187406014,649.4024719835909,0.5635096550701052,10,649.4024719835909,91.47557515074291,208.3523101367476,279.68909570209166,93.5434161587091,164.16950090683855,360,245.54486127314527,14.692506578622032,248.75643673106737
267,7,13,6.505902885931861,618.2110865264015,0.6671513956678469,12,618.2110865264015,87.11663447433683,92.20410179175742,188.25014683672688,333.9231360277901,59.25106105054846,234.0763225754333,282.94334977076386,242.88656348533414,9.952794111946478
187,7,9,6.505907975762948,626.1097072927282,0.49318329866899857,9,626.1097072927282,95.5886647341858,62.549857674209704,267.3686527270611,5.237060816593982,292.5332275236306,203.5662895716704,134.0494578469471,99.49921670832774,348.96210696808356
247,7,12,6.509166375633964,623.2618027802089,0.6488790769985415,16,623.2618027802089,86.43537345700395,96.4608285334845,187.8689361367325,340.9494404322827,53.601983494736,228.96495963477264,267.9385411964963,247.65382153924583,40.32703504557766
341,1,17,6.524187241693283,482.73421759708145,0.8519231907224681,6,482.73421759708145,79.70439003569304,198.45939571051298,93.96294347631067,306.69090692590805,360,360,74.7662463193968,344.32857580650494,123.5619107847868
132,12,6,6.56575489776093,720.3266810611428,0.32407662881616817,6,720.3266810611428,87.12261614473017,151.20181665188176,262.48965591062966,137.60342025785994,197.26657907951102,195.2538278751691,36.204373796630165,301.31630248421465,110.11030642244478
171,11,8,6.581321400530049,698.0479663976676,0.4143834032200403,15,698.0479663976676,75.5792829608342,358.8843047659569,211.14987708732292,262.12070538069287,315.40572185813375,162.17398293565793,81.9282204578937,193.71671978313546,278.3591873130998
328,8,16,6.581623505314392,647.6534166662775,0.8392039219849503,13,647.6534166662775,83.56980047893501,34.64110429156578,276.8088028464293,101.80037746271678,178.12347002527272,238.67109225836634,92.24812893838393,316.621316309451,179.19367531982945
186,6,9,6.594524258430587,595.1212373327979,0.48139782260260744,9,595.1212373327979,85.60717351767038,81.22300546581104,162.9526347096101,360,30.016557041102075,305.7554230629345,314.59748560331053,294.0334867073451,37.76276863124214
133,13,6,6.602870927617062,761.8878579163031,0.34740380678736404,12,761.8878579163031,88.27621861660896,60.16972560013673,0.7910805043729932,324.9958386398342,93.22772693862763,299.48070561533945,123.93801329317157,290.2928499248781,104.49689041164716
227,7,11,6.60774397520373,619.0758570464482,0.5521416547392486,13,619.0758570464482,97.87034768616256,88.32030407510086,267.73363522155546,3.120766079241073,311.5697061071912,203.92823263363235,94.04397740080513,89.47851257065784,352.8833326831205
292,12,14,6.647591947869346,740.3728699547526,0.7001132483218199,14,740.3728699547526,84.70248971961479,164.38991546632596,246.98776218709918,34.090007346092236,108.10171033605941,178.54811614572776,193.71192874432617,111.4179161364705,146.08435277032706
308,8,15,6.649087926755851,642.1375088593218,0.783702421495967,19,642.1375088593218,92.75600326709524,116.48562026086864,230.5244623241306,0,281.16643621159574,97.35701784267428,86.9174121705558,43.76234597603212,360
231,11,11,6.668518317707855,712.6135361161702,0.5755860815461538,13,712.6135361161702,81.60864624047936,127.08343699879579,353.6269826700195,55.74217073448129,169.3892730193456,230.40195886857452,118.50528532888649,291.4340980375203,55.8017936605252
327,7,16,6.670446702791029,613.1017045606144,0.8016041363515518,20,613.1017045606144,69.58816961928166,204.01802954417724,72.76504261190657,270.54231423934675,345.177477266378,342.6902109505404,188.01903780018293,326.32346856350216,71.13824775439015
348,8,17,6.677596017818541,631.0684021429736,0.8660656422221379,14,631.0684021429736,75.85300444914103,324.56518381073624,239.76274316219494,36.5112569628882,125.47150439836525,333.3433851354216,122.69912994006175,266.76897516937123,156.0621335684549
226,6,11,6.689994998854132,600.0336808166007,0.5866633990214591,17,600.0336808166007,76.31743226752387,113.7971112444151,43.67731404389923,333.03194307265005,152.06327861000736,249.71597122954273,227.96157302410688,327.03370769088144,269.225991136363
210,10,10,6.705123900061825,683.4286937502977,0.5070999833921807,21,683.4286937502977,81.0329502616531,137.62201595290142,360,70.6659725830238,161.2246554158348,208.3357651191116,118.89341085133842,318.54195633402713,99.24920595479901
91,11,4,6.70566072541732,714.5504045544983,0.2308598048723376,9,714.5504045544983,87.80482571437287,202.98505887770216,199.57086692257045,263.131788651968,148.47417620601757,237.29217119575773,13.051084542882752,38.704320445589936,123.8037829617052
294,14,14,6.740603782014502,774.2358522687589,0.7166046343269132,20,774.2358522687589,89.21600798802616,254.93841286726862,305.58309498773707,25.60675440161678,166.0040630397249,150.69318637233525,315.8999524192718,82.85122206269008,180.38159430548146
40,0,2,6.743513260677657,469.1581279845784,0.1496533349985395,13,469.1581279845784,94.84700276606124,153.6304410573525,243.45227649150118,185.7517343066047,191.23724704514106,130.83366776897395,73.27812100373727,212.67886613696652,240.25382598124665
309,9,15,6.762639946891433,672.15799912892,0.7689896431022327,20,672.15799912892,91.32227928592711,341.3334374076308,209.88360858945887,253.36559584067038,104.15493411315565,103.17739256587986,112.03266164511038,344.5239461459447,0.7132851200437358
366,6,18,6.770194819525434,586.8732789036554,0.933818801322214,9,586.8732789036554,96.77798209130812,360,98.56926197092773,288.784094951553,192.63278412533396,158.34796827947824,351.3642629397391,108.09110078605076,42.62978287250231
229,9,11,6.783062364274408,654.184408763071,0.5730542141436985,9,654.184408763071,77.97933145970745,188.5322852049607,327.296960148713,360,250.12102212295363,156.37200655817995,115.06059376139494,306.8479697777389,283.0626416595157
69,9,3,6.817838872136449,662.0523316222861,0.19679472258025388,16,662.0523316222861,80.76698795878832,314.41895845153977,210.05929250463214,249.75976649088784,254.46031990702875,186.91310110150343,130.7631684786142,285.27480624251524,273.61595440977464
284,4,14,6.822857262904439,557.2473918926989,0.7421802189774493,11,557.2473918926989,76.40010048309864,240.4119556484563,108.81530533081451,350.07627646997406,244.36729398980393,360,113.92123265597343,355.7938258461831,151.2472735552038
44,4,2,6.845146711657295,546.6061295053559,0.12967135410373698,12,546.6061295053559,89.48547604654685,172.7512628661737,229.10472716457912,159.81746096136632,153.12664785852914,283.75820608657483,217.43532809161144,170.29208502494006,219.94370072617988
207,7,10,6.85317427488541,622.8108378065945,0.5308601676527989,10,622.8108378065945,75.73207222377208,178.39052652375162,360,275.7550478116876,240.12544760580136,152.91412891545173,105.77056751586639,309.9673935968046,342.92151127776987
43,3,2,6.856424816963766,531.5079328765196,0.14167100903190255,12,531.5079328765196,92.3090298249748,156.66352252477768,229.11325246753046,164.37832140586258,151.02503980781233,308.697513145628,214.15118332434605,134.18720390652976,175.3801537345709
230,10,11,6.85758047855226,694.5673152939478,0.5511000339461154,11,694.5673152939478,81.79186610193553,131.63960522717,360,56.95952678543489,168.0342399599693,211.01185257389398,117.88744868636914,317.83731810323553,71.38364056381496
246,6,12,6.859843333272078,599.0739467570987,0.6427366782010908,7,599.0739467570987,75.57934710770053,227.9072144460877,164.68291025802395,291.99151877148125,360,346.8605819384945,91.17500522723356,340.90250649551547,97.75115124318913
291,11,14,6.870638862410576,709.7572384038112,0.7213737700391308,12,709.7572384038112,81.50089572371893,262.5783656521102,36.720914700353084,115.31425287247869,158.33123826212727,143.49494177844866,241.98271958612884,147.32246360062538,80.00667619793276
192,12,9,6.871285134640354,730.7257347112009,0.45087674586167936,14,730.7257347112009,74.32051926371221,213.2417155911962,247.7351465657882,319.0443451824655,0,315.384443367876,307.1512279400517,214.00773778866585,189.62376344378487
92,12,4,6.872343657352437,726.8087217563949,0.23674341895515438,10,726.8087217563949,94.64066555873534,189.9632314250018,216.90515318762837,273.3219100645561,162.14585261098802,228.35476723991,0,40.6249192153593,130.99691411990378
380,0,19,6.907481479977216,450,0.9509710633105494,5,450,80.14849972957664,172.0335614109508,92.10862354610083,360,263.89048247020185,244.26629474062884,49.55339671944472,289.647006475584,152.35866683181925
269,9,13,6.918224434169682,655.0990713152955,0.6940566376833937,10,655.0990713152955,74.24490901509766,108.1206449373221,27.028414273072727,360,241.70608784849077,294.07872754848063,309.9493482197669,349.6503410655125,146.5360493901395
173,13,8,6.929904240071504,752.7997567116254,0.4466983396219172,11,752.7997567116254,90.80081652095356,114.13985106831343,209.11102607344347,266.6777737492959,150.58919367558752,316.94496089064216,276.8019470240105,215.9291406242877,270.7117913027861
383,3,19,6.929967706186695,524.8010785065584,0.953180879454445,4,524.8010785065584,92.25845179870532,21.099604789734766,110.12550062480034,211.92657874061217,288.8711246154285,251.31589336645897,139.52327669870053,292.70332976057466,74.9302149410864
193,13,9,6.934030562684316,758.8569871242466,0.47833829560851626,7,758.8569871242466,90.64022410458152,106.97302859398425,211.8355729233119,266.49042874155816,151.84502725065317,312.31254666955726,259.9203941975331,218.1851901869378,265.38708916564303
209,9,10,6.954208063927825,666.7180926869142,0.5001130745586823,10,666.7180926869142,95.09426138022438,67.7318132853957,268.9988551904732,0,291.5599631132418,167.13858272764725,144.26961128065756,63.235308303565304,279.64570479911936
346,6,17,6.970121321725256,598.9810491242554,0.8553108304827025,12,598.9810491242554,81.42539190020992,159.27360383275004,84.37504804169333,286.8175623899659,358.28582600899125,357.0969931211992,97.78182461141209,277.78713320220817,79.6831493749101
136,16,6,6.980311324152429,822.7519298920595,0.3280524418985008,13,822.7519298920595,88.60895563179109,84.47524698278119,0,311.69014809987266,38.70558991195885,233.74482248067616,53.8408576975311,164.4552346640741,0
312,12,15,6.9944452103484505,735.60926211013,0.7511781100804844,10,735.60926211013,82.19911031990644,17.58274755476381,326.17189988668594,215.14426770659963,89.17283202073224,217.1254845732375,11.827155542708898,287.44403288953464,123.81269105843187
272,12,13,7.002738651633431,727.9311041141265,0.6582583396588331,14,727.9311041141265,97.34617980521257,113.52940754312621,172.30694311315992,234.88072807921554,32.875282328164744,303.1681849066689,297.67276300055346,215.07573531832392,253.5053907724317
235,15,11,7.039932117925253,792.4467648434008,0.5905295736579115,17,792.4467648434008,84.9625116974622,199.95655342142067,260.9631414227173,74.31572120798788,142.47333178913152,193.5643483350895,249.4536483882275,95.67145605650433,134.97398007618017
225,5,11,7.0407534839917325,578.1773320294722,0.5997353720303444,10,578.1773320294722,86.496819370207,74.62287340809696,145.21403894947005,304.4499538239301,47.44336212116602,274.77840063732003,289.5828620329027,264.47953676543403,57.63745674740728
293,13,14,7.0582154700602855,749.3478720839593,0.7281482075540264,17,749.3478720839593,88.2525245570948,58.0113167035379,90.28891854448153,193.4263498055914,323.86204774098513,270.83325929816027,116.30129209955166,79.97634915239266,293.71757906686696
367,7,18,7.067628016658831,614.3770857356327,0.9487920551358373,9,614.3770857356327,69.14063737271164,78.70587597990179,264.9137647339479,360,169.690514436657,113.1165491957308,358.3699716945709,49.94884460050187,235.93208343329968
270,10,13,7.068195336153896,685.984415936009,0.6699397184604734,19,685.984415936009,81.58967863931872,92.01396081070627,360,122.07579536953163,215.60109002277412,199.09491597025522,13.346677334761576,360,150.59327960544516
311,11,15,7.072766801710836,710.4647240529333,0.7613487278481696,16,710.4647240529333,76.75933911248578,171.00356890588074,256.5271351437907,291.1452068556166,59.490981333404456,347.79142150828363,264.5187549539737,222.6595377755935,164.98319866148955
313,13,15,7.074466645129547,750.5686193137648,0.7510721186585662,9,750.5686193137648,82.70600555378435,19.1903536612168,334.5313037279097,228.52232223486953,101.40254019173298,217.0833994439328,29.074774905786285,288.00830060881424,144.24667600660217
273,13,13,7.075829663255344,760.9218485857389,0.6776788857312888,16,760.9218485857389,83.20070594391441,181.564196741157,254.72760301665525,308.48077452199556,30.32108122476357,260.1285671720147,311.3357967778213,284.6626347711724,147.38464005146687
369,9,18,7.077807552385418,656.0779180900712,0.9042028506513718,9,656.0779180900712,83.84646013849591,24.629260991763193,278.2524290572621,100.48319233031673,182.82535224568784,217.51409676613474,119.28374251626073,359.9788682356411,191.46597576066762
155,15,7,7.0864733716374015,800.0984442335132,0.3690826793022697,12,800.0984442335132,90.41837220022116,142.06367033447142,198.01525300493498,240.64268779741118,105.18903642023331,344.85195391778956,340.4254011105618,200.89213676429796,228.66284181340006
213,13,10,7.104480128060662,742.6173650357633,0.5294132485363621,23,742.6173650357633,82.38615704328184,126.11372216846864,183.1290747690938,237.30904305069785,64.4807139943803,360,360,253.21273546539987,199.99204476295122
257,17,12,7.125595751564085,837.941118986094,0.6366142492031461,14,837.941118986094,85.37612690904768,202.10951510089967,277.2460386508686,78.84059786361641,146.94127280525072,299.9463614118158,154.995225958644,332.1129136920936,162.97407621020244
234,14,11,7.126402813941103,786.1793329694132,0.5682553175803043,15,786.1793329694132,79.10083825520805,126.8889832743437,253.36256422392802,75.78944130695629,192.1014833401233,146.5294771363798,176.2503600548109,340.5189495020133,150.82879579266842
47,7,2,7.127114069358728,611.5932208693373,0.1440594648320218,12,611.5932208693373,95.55821178284046,156.8370290335687,241.70350205995527,218.68405589441178,194.09195858315778,149.31214233627512,49.62429697052686,239.97571985725403,190.2883631659501
362,2,18,7.13322439192906,499.0776628860717,0.9023435964016757,4,499.0776628860717,72.29371066182624,182.05557821422974,96.67494641040375,299.7320774831999,360,354.6725133953446,198.40438519653614,276.08539550584356,90.98299033359847
212,12,10,7.133818167287551,735.5928475918598,0.5045172955356194,19,735.5928475918598,84.52292273925671,106.73699914544846,360,48.662997561782674,166.54501305370533,196.24311763423597,114.56138617133576,316.1582735514695,61.658156902547006
360,0,18,7.140071304143693,455.3651372236101,0.9468365985742591,5,455.3651372236101,81.95671566822129,190.298002522601,94.35688922012774,281.4034738829493,360,326.6855970598641,0,279.10571338385705,102.9870074430063
67,7,3,7.140784651094122,612.6431604095204,0.19768638033225128,14,612.6431604095204,80.00238609015628,208.32618379558326,200.25489160969735,277.08684132251256,176.15009866896986,158.01996842666497,301.34533864365216,14.62885551607072,125.18742598451728
344,4,17,7.142819423734204,550.0661272164283,0.8579133599032545,5,550.0661272164283,69.77844109156824,51.18687216323896,264.2391633685335,341.02743153032884,160.1619420341736,113.35518881071523,360,95.90303763660089,239.69110435467476
310,10,15,7.146682372079986,692.4267828094368,0.7926619398189511,12,692.4267828094368,81.86749389976598,223.463210615296,0,86.35776622160134,167.2870010138599,147.57623918761828,225.21165722679024,199.80938774721992,34.15841699184586
249,9,12,7.150461826476848,653.001891523686,0.6348960362399879,13,653.001891523686,77.83189391367173,154.81805897258226,105.41350788091617,312.3278469526524,200.9996978406195,273.0030826878137,217.76586352291415,318.8715497055409,264.8774645223878
296,16,14,7.15713580041698,812.732430795593,0.7262958674610503,16,812.732430795593,82.39132029370423,165.8134410634233,298.5627475320669,80.50371240349614,224.6925323667471,95.12430942980086,124.40294946818273,72.94964275583317,336.7854114208051
342,2,17,7.158337154380423,508.0412366667702,0.8587190585460539,7,508.0412366667702,93.36456896019975,68.0676087162267,137.9083067150962,216.4542943201122,312.3419286407726,218.08786580090634,212.04254512925374,313.12021776099226,74.37103677399526
295,15,14,7.158852084610312,790.7281458340274,0.7030029179367048,11,790.7281458340274,85.99266443201198,170.32559894362186,248.61328830305803,28.55539931870933,126.70350664843728,193.70408990005006,206.1333159988504,94.03401093307949,152.35039654487434
113,13,5,7.167998034802351,749.6303647838296,0.28556157446405517,12,749.6303647838296,90.98489572241789,126.36234914813764,177.9280491254399,224.06125071693822,109.33158068536129,351.2904148993308,360,215.82386238272014,242.80451130440795
93,13,4,7.170331917468922,759.8377242336005,0.2476708209662497,12,759.8377242336005,88.99411124001176,112.29317705599983,186.67453889817287,224.84889616127802,150.09966048605858,312.39525148914197,337.8552098488997,218.62894583819994,296.16841205991466
250,10,12,7.171212018090146,690.2486346001103,0.6244548387557091,19,690.2486346001103,83.8633944857138,87.25991158346113,360,109.04765720960468,206.8501294393838,222.4678151847814,0,333.90056537889853,67.53269062844255
215,15,10,7.175372860785265,801.3175125213944,0.5361560689046545,10,801.3175125213944,79.38191648525746,120.79372406742598,256.1561969928142,89.21451593219628,190.97360423834803,133.54330294596386,176.1136122059639,341.82168076604,155.44048260641082
116,16,5,7.19342272074814,828.0263308268839,0.2718833708126349,10,828.0263308268839,87.88954205031526,112.79909836568137,22.09330636314065,360,71.76084596330868,280.43439073911765,107.07125711095736,187.5441199624924,161.49101524986798
330,10,16,7.210179934943182,693.840194715644,0.829916008620075,13,693.840194715644,82.63006968853188,247.7377601660224,19.103780368170167,88.57814640557231,171.3463784035832,124.6634529428765,193.78964625064788,193.73243325888419,23.757536941136262
95,15,4,7.213308509999936,795.7632957255154,0.2427849277447821,9,795.7632957255154,89.66994830395946,110.41203723338266,35.53688352528189,360,74.13364827874398,276.4376792372548,50.741429585013314,153.80159959422375,157.751864306057
177,17,8,7.2182429847877,837.0631503390373,0.4485880438973272,10,837.0631503390373,91.91995746545356,138.54507828569183,24.114814848186764,350.53393160707157,92.21267395407548,320.00978624633717,91.83058979099792,217.5678668037476,171.38577877351202
361,1,18,7.220078651748999,489.2091030873573,0.9053964750420929,4,489.2091030873573,81.53450111043965,360,310.6912571420577,203.6042893344734,119.14243525634245,195.59331453575498,244.10086846038837,180.2307826820867,40.30934084754569
174,14,8,7.2402366029454885,767.3924643369438,0.4255567512427174,13,767.3924643369438,97.82614681220636,70.84144518912868,0.6277630197458961,340.70060140755027,121.04944057829822,316.19977882910047,44.784685684399136,231.88741565460907,1.1164860073584322
135,15,6,7.244193180335975,787.9197529068276,0.30640190126769784,10,787.9197529068276,91.25992117769205,294.7945196157348,203.0562178409204,258.12662954959217,174.97567273168846,52.505208149050816,97.38105664570823,298.7848692254666,58.29178153411049
153,13,7,7.24901768567786,751.6115189448029,0.3504806212298305,15,751.6115189448029,90.88223183643483,132.71205999554775,177.176611752874,241.37763222997768,107.1488147752615,345.64213980845574,358.0026331200416,205.6109084523675,254.85489587772986
251,11,12,7.25542616421701,699.1981935931069,0.6078452699526069,6,699.1981935931069,84.16010501717803,86.22379410349738,360,107.12536177109808,203.0744737188699,128.16910610023817,0.8365081461270667,335.71674926822317,55.26021169930074
72,12,3,7.2576754917989525,728.0505913169457,0.18205239112949556,9,728.0505913169457,90.38362716350528,145.5679523972036,142.65105645533993,206.8592993860063,107.39101203707973,356.161394346465,340.4452028376628,224.88673459691816,224.5398860908437
175,15,8,7.268129712286504,808.3720985044648,0.41715612307518946,14,808.3720985044648,87.09763313165395,142.66313267736047,202.08822639612848,239.7686687814169,94.45581870511784,360,348.19530171208146,199.72333003662055,228.11745929285527
71,11,3,7.279614820096134,719.2147137372416,0.1942385160570511,14,719.2147137372416,91.11801639523965,146.95761487327033,145.29398965865687,211.11390123337557,108.06875801080749,360,339.06922658323316,224.8689842652928,199.74388338079905
347,7,17,7.28474419568243,615.8667703583698,0.8517926379320662,11,615.8667703583698,76.03917884899434,196.2926005632652,130.57359715901015,285.5660735056066,360,340.45507829061813,93.83162003922129,330.6168415019357,96.10786045062811
139,19,6,7.305369750780538,877.9040758675361,0.3234644087718431,8,877.9040758675361,92.08641376204635,146.87317220744944,185.37394580757626,228.02530625243577,96.39117390149593,339.39540990809587,349.2130829207983,199.24995083694736,227.40331029681832
232,12,11,7.318557232186686,739.0653891669359,0.5603252155173276,18,739.0653891669359,100,77.87980038358204,0,313.5631242384888,121.9046660906854,331.23850167366544,116.37992264128948,318.639040365207,0.03467137977155486
21,1,1,7.327366909784267,474.2996791699103,0.09478678475183056,8,474.2996791699103,85.72502444136123,57.25923695169766,29.351315298438937,353.96443540033863,0,301.769960837602,283.79835011032117,360,40.564335013247835
332,12,16,7.333072806830815,721.7626022582838,0.831267096747977,15,721.7626022582838,93.03375242634152,360,209.99850856253957,254.22267441314295,107.72285727920995,84.11065389882303,65.3625912778991,360,34.50839405242967
350,10,17,7.3762412601738365,694.4108533842112,0.8531613721650573,17,694.4108533842112,82.35083609251265,244.98115901327677,11.792705703523744,86.47081167424666,170.78004046131855,153.2033351582858,204.7686163499847,197.17914559746166,0
254,14,12,7.386835909660919,769.4508985996885,0.6201264028307016,16,769.4508985996885,84.0201725724951,110.64682887391521,179.85130933531778,251.48862560549162,64.03010741693392,360,276.97792237056734,250.90954284221158,200.0267859619586
364,4,18,7.392290449575827,545.7368922195761,0.9476168398800657,9,545.7368922195761,77.60020258545553,187.8195889671464,93.02452019561133,263.06391267922896,360,348.5248058413384,1.750975494249874,348.7074559668835,97.1229410633024
48,8,2,7.4086567453394885,631.0272756277678,0.1285923223951435,15,631.0272756277678,85.75863808061166,109.0703468667434,193.0867555730079,149.78910945430505,148.8544109844192,152.5257199408076,69.46149200419784,200.32257109012235,184.64527608690543
195,15,9,7.424305497985708,797.1368095446755,0.4864660483722859,6,797.1368095446755,88.22139819392955,0,243.69008037329797,192.83448882280842,290.8306635281892,141.67610694661613,244.5837745512162,229.305645631837,195.27998103855245
275,15,13,7.425348533874355,803.6373854001649,0.6963314507060392,17,803.6373854001649,79.70891652089823,223.69364991142888,264.2440374292566,0,140.9710848650296,178.9390556012124,263.56659393215324,108.33999208364574,151.42265416090234
363,3,18,7.426252703333842,527.6540036764411,0.9370824582360975,7,527.6540036764411,82.58133155709575,191.12816582985255,81.94538446514609,269.4318300389154,360,314.2595572564834,0,341.06580033206166,97.21791914796263
68,8,3,7.426298814556679,631.251112294535,0.1850767541113284,9,631.251112294535,97.30026941380268,199.48297267047292,159.39496018415363,170.0930122247502,100.1844054039535,53.79464810762885,21.325348726561792,340.7247678320704,37.7540275444431
194,14,9,7.4516751633047,777.3599625554941,0.49161720441642587,9,777.3599625554941,87.83380127229925,95.87691008220816,0,288.11412862389056,48.34197403018853,347.0095480654736,114.08917443045307,186.8647931857687,139.05457138244066
45,5,2,7.470185127785796,566.0378675825581,0.14014499362688126,5,566.0378675825581,91.61373344425026,184.4532810796934,206.05560903185744,165.2863632681779,121.75831658449619,360,320.85244369713945,4.276137110635512,228.49273357693727
154,14,7,7.491927484965165,786.541508918073,0.3989082291177689,11,786.541508918073,88.46584848954978,66.12552943839829,0,325.0031388586851,102.29584704269439,299.2718584129254,56.06842404309435,242.62876723802347,88.5947440120463
70,10,3,7.50981429964029,683.1950179883642,0.18339797392331458,12,683.1950179883642,82.67998716143137,247.38834333289992,201.62293925201783,267.59072670677676,300.35464890243645,215.55124944372517,133.4992208189397,257.3236504958472,294.215097721526
252,12,12,7.527499914702275,731.1951350555545,0.6488818974800645,11,731.1951350555545,80.37882232983412,42.17881170929518,288.5470715637052,246.62244896392696,189.9259226714972,213.22973423411278,77.00431408389088,324.9756254185661,153.60695671726367
20,0,1,7.537116819279848,450,0.09440848594651496,14,450,92.72818760172237,172.2316846446707,196.79702050799938,241.85343462533595,193.74722631665438,114.68720682441625,84.82290265325688,230.05458699307212,173.0744948662038
176,16,8,7.5460226930133905,822.2416419815478,0.44867137736457885,16,822.2416419815478,84.5851363927861,106.02836821374765,217.88780779111667,259.9707093596268,160.76596889460473,311.8042886610541,300.73477915152984,128.56205605200296,275.40459908384037
331,11,16,7.547287059952653,711.2225073420343,0.8480177156989765,12,711.2225073420343,93.38281372176976,360,200.68857605045983,252.10990196849573,105.15587057920648,87.31453827213892,60.44004890223013,351.31489304911963,44.277143067237475
94,14,4,7.563007806591692,785.264943900296,0.2262437842553986,15,785.264943900296,87.3423978137859,193.53147854250852,186.58018982435127,261.70307644847554,150.2628079002622,231.27174254186048,0,62.80873103141689,126.2613374888755
197,17,9,7.567633224351834,845.0278611866605,0.47269315415189617,13,845.0278611866605,93.20948522445076,120.90725866921242,0,328.4653625126259,70.01750310492604,312.5215993722445,128.35858501240446,178.0654020474241,151.95558416432735
384,4,19,7.575088389448787,550.0929631509408,0.9547577162727133,4,550.0929631509408,69.31236059289125,65.47315857650865,234.99508523996883,344.5125365926763,164.9214824215191,134.2134083204695,360,55.95839198920758,274.55009643038375
274,14,13,7.57536135171478,769.4098957552011,0.687903019162769,14,769.4098957552011,86.91774009871894,0,151.8577558103639,210.43867803340117,272.54432557696805,292.96599494611365,0,0,251.40387845438065
276,16,13,7.588338979457795,820.3603409828158,0.6973006737963039,18,820.3603409828158,80.61181806431348,217.80063385473855,263.40965813665787,0,142.1066868058146,181.44595628302517,252.97925810609533,110.2475121210747,144.26997890603047
333,13,16,7.59175804764882,743.427833812975,0.8025317928524034,13,743.427833812975,88.19210723010295,48.083840209547866,107.12297006902149,189.04657871198347,311.0737780036734,263.4461081491571,135.49150298816193,44.27495842010964,309.48709547219846
211,11,10,7.609391507223563,708.9507857435766,0.5054305247877969,12,708.9507857435766,89.4628491991166,181.8490242845945,201.50771892472622,281.9904219583064,102.42799398516587,271.21659476586217,0,62.28877241055391,133.8278653703536
157,17,7,7.622252818871613,850.0977219086898,0.37720007895138197,9,850.0977219086898,83.14572633460092,49.09808876765311,190.40075019235852,123.3497755848872,79.25867826040071,39.25439702715359,0,360,351.87026183047846
253,13,12,7.636624660102339,753.7398814376531,0.6462961582258082,6,753.7398814376531,100,95.80561307217171,147.29402087527333,204.0981629465642,0,0,101.50151375996931,298.01546874401475,185.3409297084494
218,18,10,7.6383155560609675,857.3668970356177,0.5270163773714576,10,857.3668970356177,84.93825855760788,200.09846723056722,263.93293897268995,90.27340782104147,146.0446735494678,187.1412469554865,251.3287400043271,94.68172012957079,145.5314769543299
117,17,5,7.653942721997865,850.2810637073505,0.25022062659102684,7,850.2810637073505,94.62944260433078,118.94228173884309,73.76866050132831,360,63.187524012297246,360,123.47699445584024,185.2525160628743,156.68397950887478
352,12,17,7.715277528032096,733.1502783356726,0.8534362030087028,12,733.1502783356726,80.20303583736846,159.0174003768257,305.45016627193223,46.988095058343895,208.56845963771121,120.69445841450812,148.97422789996702,86.46055627212188,331.53534744784656
353,13,17,7.769220376060221,751.1552797350039,0.8559748703768483,9,751.1552797350039,84.55918558554261,37.81045268432595,285.4174864598425,130.99502264872044,195.96514080250486,215.4292675220361,22.445054570973305,294.74713855316486,139.23267311312065
351,11,17,7.7749103595838855,713.293836807133,0.8875449081792217,15,713.293836807133,69.14073099642675,354.8551784415359,153.44653408975572,256.3467314633986,59.19262665661112,0,360,298.4842236890223,91.92594229822308
336,16,16,7.790505032646934,815.703661807023,0.8005257062433706,20,815.703661807023,86.9089894422531,43.646134311526254,281.2300579285068,121.58025085560924,182.3198463524833,142.52018790161375,0,337.1683286641221,141.34505031566832
137,17,6,7.7907163326798,849.0304588890352,0.3491747646227804,10,849.0304588890352,89.01584561149616,52.112417296768776,0,333.8983576283597,105.34072657056883,359.7395040802002,49.171370991533955,228.6035491860027,115.87296116963971
279,19,13,7.796223102167976,891.885877221323,0.6773643299547458,12,891.885877221323,82.45518628877008,91.7045719120146,215.70516282018508,132.25953825501563,1.572287221357792,10.956144733499947,0,360,360
158,18,7,7.811207101486936,856.9879659444779,0.3938665045421563,5,856.9879659444779,82.9767174787313,59.77601830156761,193.70081521198603,142.483053840341,75.44658688114335,111.13360223203912,37.026948357120894,317.1658230501607,340.1410573082346
316,16,15,7.838401952625933,818.8531332018681,0.7617195789405851,12,818.8531332018681,84.17332481386846,87.38595774522268,320.2813720407906,45.35185155037867,197.67318341880798,231.31840405035308,39.97321687602121,322.8271267639505,127.07843119641646
46,6,2,7.83854155858653,603.9374214339757,0.13022203174677272,10,603.9374214339757,90.51490675395067,190.06336141670698,233.61210410364495,154.26522880834844,169.1329746304192,346.9577067011601,233.86012960379645,152.03168536474013,231.06880536546942
50,10,2,7.849295679645096,688.7591380741254,0.1430194030705092,8,688.7591380741254,88.67915427935034,209.4687340501873,194.55769740479687,263.3453566369196,180.10715400205163,275.19900442612095,2.2230974753902135,60.72402215096903,191.40437151524168
214,14,10,7.852156513597273,771.5100572416662,0.5313267745139443,12,771.5100572416662,92.67572214783378,129.65363141579027,5.5878184653207335,310.31435716932236,48.17566299834564,318.1110140100341,138.55642540645763,174.3165036311038,147.26066071520523
314,14,15,7.8597904786818305,767.4073929460967,0.7850655075541961,18,767.4073929460967,86.58494566279984,66.26890776649606,80.84350009292405,193.51670254409,304.5540789349369,240.5133678752584,0,0,267.84762491445866
96,16,4,7.920045517321874,817.0966981379788,0.22075822344208573,5,817.0966981379788,88.49258726572019,194.24393844106604,184.90231922709418,256.73903473793706,146.18342646449952,217.4812923778495,65.60040504675462,40.64993381909362,132.18865091957144
298,18,14,7.934014481644048,876.316328260685,0.7363459907038642,10,876.316328260685,85.2234253017169,196.13675090547025,279.62511565121514,53.372282104125,148.9140848121615,173.80035638291554,268.22709648229886,115.15738123256531,203.810275331044
271,11,13,7.935239772148998,708.5669821881619,0.6725517211007125,8,708.5669821881619,96.62692409409395,98.95992804905197,172.67301028156106,201.69058048834862,0,8.024739128564415,132.8836261243018,319.33890460993666,145.618964373445
119,19,5,7.956478279053707,887.8604783881723,0.2940844326719829,13,887.8604783881723,87.17358395279419,179.8277422701911,205.4948459062526,121.93369526912196,90.47967560308113,185.62804412447912,271.9625099419407,139.3672159313144,152.49947865705832
233,13,11,7.957607480210053,758.4383984338525,0.5684708917048619,11,758.4383984338525,96.93177692004171,97.64070744988769,175.55136233010862,192.64818403301263,23.64098334313694,19.22086849493515,143.43253226853872,313.57963181813244,167.77827851191134
178,18,8,7.967604404916937,859.3547850312267,0.4356450962713365,10,859.3547850312267,77.64274207373994,152.68667338846208,28.56498778998203,173.0730435527004,86.0361974660621,205.8909430064473,119.732528129286,215.5282566067977,246.44519562970763
297,17,14,7.9713178113003496,847.5474394026922,0.7341246672734274,6,847.5474394026922,84.3393662823204,204.27208070242102,246.61956524467593,0,127.57893661587093,169.23171991047641,236.04586421032047,0,124.16569966170053
388,8,19,7.988824288604739,634.0503029852434,0.9781389670856386,6,634.0503029852434,73.53828562318049,306.97576058110855,218.98296608221867,34.32653874618683,125.1699253338707,356.5781557269918,128.208866143433,273.9024971438925,138.5299508139313
335,15,16,7.994234212993364,795.3444118996739,0.8119489481632907,21,795.3444118996739,81.91886108500194,165.80239514002437,302.10521576590776,50.964942377262275,207.38687485692785,104.10336602088745,222.74919859016603,86.21980996935753,341.1367614419562
196,16,9,7.997966613421115,825.2520564757273,0.45019865283050775,10,825.2520564757273,88.11719844691264,73.40643798258348,2.9266853892870017,347.22402452247644,132.4951647715687,246.29492365258048,0,133.420154093019,181.73701460124641
349,9,17,8.014182227041374,653.2673520174804,0.8715477693665687,12,653.2673520174804,83.40893060810339,111.950871369401,360,261.9973247932376,178.3915025441788,174.81683393825332,348.04335584440736,85.72727970300397,163.86780854276478
76,16,3,8.014626173392998,826.0802917116908,0.19640138127608908,3,826.0802917116908,85.48965893671411,195.5899164901953,210.32475424584538,259.43115884414317,155.57490294433723,217.6802827487823,125.6984142396662,55.54485432771208,127.29235026084456
277,17,13,8.018966054583336,854.9219292643701,0.6744993661063019,12,854.9219292643701,83.97295208751738,230.4920337905978,258.136368281089,0,142.25573649831395,186.76828438256243,277.79949639053933,107.71206850072572,151.41888198348565
317,17,15,8.024661357884339,854.2398835820183,0.7598015845641559,11,854.2398835820183,84.1556720404834,207.97637155751968,263.8015442434143,18.650530892711807,140.5329451513493,182.9775444154817,267.2292401513079,107.73890276470149,153.40694298951084
299,19,14,8.02895770418881,897.4020037633771,0.7421772498883737,26,897.4020037633771,88.08911236449778,169.67138842207862,260.157606065969,28.262629678554042,132.37058544429934,191.31821216829633,191.0084387170158,93.67336520254644,153.70093301974958
156,16,7,8.050715683175731,817.6133361335211,0.3988661760071872,11,817.6133361335211,83.55313914703873,264.6053309134568,294.06945300497233,2.2678717404303304,209.61661083617602,177.12123065128517,262.92793212291735,102.23003425361266,156.18627698402108
23,3,1,8.080123858853351,524.8079334588598,0.05841171176475246,9,524.8079334588598,85.80727747721119,54.558815784719144,16.7142204364033,360,25.223150520303484,312.95504873304645,309.21812915853445,324.6286878611046,52.15951777957295
371,11,18,8.106636892463127,706.5858444150069,0.9161039691463915,7,706.5858444150069,73.85101958990677,167.81139725548175,239.59534154542362,328.6047250478293,64.54341782052352,281.2210280235101,316.0065262152406,217.11456064614728,164.53874797575992
97,17,4,8.115398380026436,836.873839763458,0.20831362822519028,7,836.873839763458,81.69884081713292,191.48271930999687,211.71084266324348,260.54391941297825,154.40937906478948,191.93114723361901,116.87283336649408,35.44420920452254,111.51719071605481
159,19,7,8.133866444963216,900,0.39226488246321556,16,900,89.28725830425711,46.52220891292572,0,319.91732855276865,105.04089511184792,360,0,248.91359337134998,120.60810523857808
256,16,12,8.135495033525455,810.851980979108,0.6496965779010415,13,810.851980979108,81.06244319581224,79.57009472469443,347.1434670641307,101.62130911789325,199.83555508665845,240.255866725646,57.94638229795676,313.5342146336937,106.20686971120779
73,13,3,8.137597725890226,761.0071135093413,0.19009169496348,13,761.0071135093413,81.63275315628847,280.54282145231963,300.7092353418422,315.34423654257995,18.58792727102724,230.8331141352949,187.90716509699018,108.46442994362991,129.9557242588586
334,14,16,8.155256410787047,769.234218473356,0.831534017720153,17,769.234218473356,81.40571044822396,163.68220044386254,303.9548012456332,49.36602743465643,223.0048598121375,102.28718876472246,119.99840149059546,97.32026983058546,325.56057382306756
255,15,12,8.163056375662356,789.3729434195809,0.6460196497998791,7,789.3729434195809,81.48961634512126,171.24497483252955,294.7134401649443,10.87626766967653,237.43099850961244,106.8938991664925,110.86886358254588,107.53997948140976,312.1892832240578
354,14,17,8.166091727908647,769.2688882050599,0.8773090958580481,11,769.2688882050599,80.65751149840317,157.76879432194934,309.19990460767036,49.18820125890946,224.65401528422032,101.94954088419234,143.6580434831894,88.57023687704555,333.7490621076007
75,15,3,8.16664054580178,788.1621802423853,0.19882082671126033,3,788.1621802423853,90.30543150274613,137.70198150787397,134.34456773596702,206.24542312938362,103.37043302409626,341.8162855143003,337.1983611010897,274.12762682941076,220.2097706617714
216,16,10,8.171763512077868,829.6958864133027,0.5433593354448427,9,829.6958864133027,91.22345965289266,121.60172090098034,9.952124901257699,307.20293719506367,70.26654847273385,360,6.086469182996993,139.32565136546538,120.28260855765183
179,19,8,8.187808832301323,900,0.4163895614679898,10,900,79.28487939852558,162.3275165488597,27.19490796660859,156.1817189889252,84.66511471976341,166.8635601315435,214.55217300800868,226.6401971189751,208.7620007027065
386,6,19,8.190982223104939,599.6803447422004,0.9504287756829345,4,599.6803447422004,69.40916452023221,106.10433927655521,277.98588546560137,360,169.23797265438768,66.89076937358263,358.58278633884436,47.80327659229805,235.981494334519
356,16,17,8.20311776983914,815.7291330627987,0.8559826892111537,12,815.7291330627987,84.76868212068867,111.7489040811076,264.96468730119943,0,200.6709649011232,212.12693193992243,92.27730499503019,292.2716704355293,126.42353840399373
318,18,15,8.203554014153491,869.2262910454766,0.7734004786987253,8,869.2262910454766,86.35265598199214,191.4168701509489,267.7184342753068,22.392611833972353,142.03577769441756,181.36526677865362,272.1127451400389,89.99186042154489,166.93302361477853
199,19,9,8.241288794256365,880.2195975493165,0.49006938126319943,17,880.2195975493165,90.21901613643821,77.65634024761917,15.074194501365632,337.6882841540675,138.3201258019911,316.7754970214199,0,247.33820816611617,78.44250359480797
319,19,15,8.248281152375247,891.1694742385176,0.7767556808234051,19,891.1694742385176,98.64500664633843,0,71.31149057238633,192.67625465306543,302.7500352787065,56.69626797110439,12.334094437217235,144.71973093226765,229.50579398221592
24,4,1,8.27184527285185,548.2672475105793,0.07484988107939039,6,548.2672475105793,88.07120822283848,170.48864385129758,224.61699105971283,173.78972713459856,173.8896840266626,275.44708233427116,243.92189313644613,138.20314188250126,197.30517592094466
385,5,19,8.272749037506768,567.3605216932541,0.9551985080742268,2,567.3605216932541,75.44269025871385,190.2356446145179,100.060179130751,279.61923265522125,360,360,103.78862785548924,301.9846544462983,97.4466703537726
198,18,9,8.276596883115916,866.4961218284809,0.4973127481644408,8,866.4961218284809,95.11997764083563,65.87969369101484,181.6156210977504,227.54961044787362,117.22680756150363,334.04713218045475,327.2206472333799,318.472147637079,250.75310180825323
138,18,6,8.283963837663178,860.8704630962778,0.3122383733670664,9,860.8704630962778,90.21289182692861,50.03529978642158,4.135462299610596,350.6664231149523,112.78965348302259,258.55117136819666,81.3113935324993,170.20923733038168,124.63310319628206
338,18,16,8.286980703038566,877.0416541220271,0.8170198909849614,7,877.0416541220271,86.38022221525524,183.96619068795727,262.4140499266403,24.051625711628535,118.70351796629156,177.95476329754362,238.76029471395304,0,147.95565410288447
236,16,11,8.315395035311322,816.4073504208156,0.5652538227698335,11,816.4073504208156,84.0279268363297,86.64041485023758,227.6059391996004,158.88167063905937,55.04161623656171,39.56075782972205,22.678570598356217,270.4940868970302,318.2726156728928
118,18,5,8.32897784600085,858.3556228786771,0.2903434922140792,1,858.3556228786771,96.16518626482764,99.79343742261035,177.8192431962644,210.69537244078288,115.56042513644631,340.12504839546114,328.42778997837337,263.3102773149995,255.57377319389477
52,12,2,8.36001884639475,727.3328407801738,0.14105241775967958,6,727.3328407801738,88.81034011856798,186.29161521163329,145.0030163229344,109.15786107559452,112.37519295923323,161.71048058834873,19.197915525882774,273.71454531288276,254.55081583538288
219,19,10,8.361158158300839,887.7770066926971,0.5200417372072008,23,887.7770066926971,83.05036950172216,206.31106323634663,264.29078851074513,312.4809223549976,20.89650897246676,210.92001155840035,164.6327043007076,114.40639692199325,150.31904295856353
387,7,19,8.371642594078374,612.9670770521476,0.9544718235568989,4,612.9670770521476,97.71909872258617,99.43665695328123,191.56840947526302,2.262459747785634,285.1270626989483,122.32114353648565,132.12438350680011,23.998052344652734,212.09102331154855
259,19,12,8.374272803393382,900,0.6489472825600473,14,900,88.25776258012733,206.10583186272842,263.03326695650117,69.77755666585524,135.69925958913817,199.94694953193908,276.4477201493834,86.56168297300464,187.26648975963155
315,15,15,8.416259280925265,791.3451676853423,0.7529378124051748,11,791.3451676853423,76.35242818864491,128.37926055159042,255.4481477291336,26.22499759668636,184.5326529242656,198.31500280581037,180.3351937909819,348.3748836816081,141.20546935564178
239,19,11,8.44985189202267,900,0.566909183689337,12,900,90.6858026459697,204.886406091366,260.132826796346,82.09528122738598,141.10683553597758,180.7385053547514,285.33691910954576,22.36789662376637,205.78610372605112
237,17,11,8.467708813087206,846.815805831911,0.5591861714347632,6,846.815805831911,91.67398791588795,206.4213173423179,260.7617729499656,84.31203222741914,142.99102609684832,182.39340622825867,288.09907188713237,19.547281420201976,225.34967848975603
98,18,4,8.472511090280653,868.4268918574007,0.2011327967066464,7,868.4268918574007,86.03479365950135,190.89766383915904,210.86828606013427,259.36177427533045,155.30658685395233,214.26875168235745,155.0890691161431,53.9629640332345,122.56060786464968
355,15,17,8.484532359263936,804.9505818637693,0.8641281031262429,11,804.9505818637693,86.48141699904377,120.30270249837798,320.6702422469254,44.65922435287796,203.10144348839665,199.18767348359523,73.57289486123807,360,63.97623868737352
217,17,10,8.490281394536273,845.8841433665729,0.5490831900372106,7,845.8841433665729,96.00306267448696,120.15404872570431,135.2160755358057,326.61021073077166,49.91047850659207,359.3516614157955,133.23237644730943,185.3853032114374,155.45919267996032
74,14,3,8.499819436262296,782.3313759774098,0.18627130148819793,10,782.3313759774098,94.4391297755476,167.92645651165196,123.93296548558406,206.3578786678053,117.86421690158683,347.86590593761304,322.3945022035511,257.02198970820547,175.1608774566243
357,17,17,8.504789378245835,846.967655161502,0.8556206391308168,8,846.967655161502,84.20589685843619,90.5645874689184,301.26138875430865,4.599008882025032,199.9386345591101,226.27562689469784,17.466506856264814,315.0128570355129,120.66488702348167
99,19,4,8.583202789064496,900,0.23678351823116128,9,900,90.52328743048537,55.658918664525835,25.109068150590144,358.07644122466166,108.4619695073458,260.6191853569837,0,189.01496741010604,128.80271363556895
49,9,2,8.589732302571335,663.713138661093,0.10911133262707051,10,663.713138661093,82.60365382449628,281.9144656585556,216.47955261234594,250.42883273240253,216.72123013609084,175.35997560025356,78.13606979674579,305.60095390505063,280.03439535045015
278,18,13,8.590259305674294,855.8456406871144,0.6850581071364834,7,855.8456406871144,82.40394948580881,86.65138753161732,336.18345796744865,56.53873191424408,197.86328596906145,288.9580288782325,44.597042957614924,332.0907293860926,134.79644561068255
51,11,2,8.655651266325588,718.4358190287637,0.1390665135379512,6,718.4358190287637,92.48586829680063,146.37180116233296,130.6742851768734,187.6395172196051,102.05147892165184,345.2484008697942,360,222.59558068713682,243.0375571683803
53,13,2,8.68899281985568,764.0296453102766,0.14485522091957848,10,764.0296453102766,90.17683613423107,193.61247279734633,143.80367394365044,151.0344913668324,104.48127726815704,101.46385551213359,57.00684369750162,267.8173114885934,226.3189150218699
30,10,1,8.709000955951618,695.8407676531817,0.09186932108646739,8,695.8407676531817,93.29165872461134,157.85807306734077,138.76031294266636,179.32960243489953,111.66285151711011,149.81530381192195,32.29641020296704,279.1920652271007,253.66531270813937
382,2,19,8.727563583039728,499.13837147227053,0.9599428891503566,2,499.13837147227053,84.16829128784008,188.40928106822895,239.3172824570591,360,69.12454719431418,178.5359723989904,159.07797027434586,272.04655021523325,331.7203814501039
390,10,19,8.739869054382083,692.7676689586942,0.9550960106284747,6,692.7676689586942,69.35115227412044,164.4771797433822,240.9562733077932,334.7410187251841,58.84964618553462,286.3509807522747,347.29859212120766,218.34305057511963,157.71991951052135
258,18,12,8.748305967663402,855.5846992068685,0.6039173089280498,15,855.5846992068685,89.589934488643,77.4113075101183,40.188138742481016,312.2437614738761,150.32732911023177,300.37385719199443,76.16703256084415,252.02994430309928,63.9157939068336
238,18,11,8.7522264111306,867.7281486904046,0.5653095075598882,4,867.7281486904046,89.00366141131904,79.55007076447379,0,189.72651033984218,114.40550263479003,256.87078083663755,145.56093541644705,174.66845080154894,116.41421154483841
0,0,0,8.753257262471383,450,0.04772340830471489,6,450,97.8434904714179,193.2918223176335,232.33853366166448,237.3515181917351,233.3087882527021,149.17836754561,33.206485149764106,241.45838502925037,198.54450991957546
78,18,3,8.754802982328062,863.7737820167406,0.19538547466065825,3,863.7737820167406,81.01816487099408,304.8938585267765,318.2508903580974,256.15438666280596,0,211.1476693921542,220.71939595480467,98.20222362966771,110.23636352370534
339,19,16,8.76453254949539,900,0.8129700494953902,15,900,85.2617020206323,204.87519027759296,291.69453720545556,54.746185164593854,141.4776086418657,186.22129736983186,277.01040929246625,74.40641981025574,191.86710277331906
337,17,16,8.771667297137189,853.8131145276723,0.803392922693799,4,853.8131145276723,68.11854470888957,149.25193141427212,231.37113434821666,360,80.7501944516208,354.55366568983004,325.1969534015711,94.00371824312056,104.034204689718
345,5,17,8.84134340460844,562.941578825413,0.852161991354309,4,562.941578825413,67.57853939004758,36.78617307628358,156.73170965018744,0,203.79252229543306,317.28402625844654,183.04595391251775,106.67143801433097,234.36654233992547
358,18,17,8.89115063873284,877.1323074538361,0.877770272527813,11,877.1323074538361,65.93802604544669,13.818863811885533,296.2561597295153,100.89828565586483,215.8071311223791,128.91339527350138,233.64240048266166,319.7753262835275,160.63542519471284
372,12,18,8.895433131672025,738.4655987709705,0.9341495397956544,10,738.4655987709705,70.11844271880511,146.88184206562897,259.97034042395467,332.19487722927494,67.04040418935305,273.2800204879814,357.9570996433497,224.34659809167854,165.7358706391017
381,1,19,8.897531246531354,480.191827829801,0.9650791140666773,2,480.191827829801,90.18814834342055,19.29766380858384,135.13820870013086,190.870961014869,308.59145756271766,223.1386377945698,135.50784777355614,317.3366467010857,64.85660437226355
79,19,3,8.917225310862,894.7645963923022,0.18982674277231082,12,894.7645963923022,89.87869697204424,0,7.819646965349299,296.1504813312749,36.39985377818506,276.2479829285722,0,216.2401097309169,130.59460162956344
22,2,1,8.967123536964529,501.1126092709787,0.08496879842140836,4,501.1126092709787,84.37340169061126,205.65820124378195,215.01932279921485,208.69098329811735,154.84258372335097,201.49058371587626,169.15490634071892,344.0111779718611,276.71949677744203
393,13,19,8.985058878132362,750.4037622618348,0.9690420888473465,5,750.4037622618348,86.65491660213148,0,72.66383347723783,172.89149906006236,255.64620086335663,188.1662239483776,0.020577432574298435,50.54406122216603,261.6853195245291
25,5,1,9.002662538873775,565.0927478941063,0.07693037243271217,5,565.0927478941063,88.46264496412515,200.08658744108016,162.91101691478434,149.12520374032027,140.46862157731852,330.31989656614934,262.5177165418773,141.0112111183788,236.3056528354919
359,19,17,9.007580295653604,900,0.8542599831536029,13,900,83.879713905437,215.3336380550605,307.60334129275844,60.745898032171766,150.00098434549454,186.27202801206886,230.4680701094873,82.32332875317694,157.2290451540328
370,10,18,9.080528461175888,687.9714190769735,0.9207361454061526,9,687.9714190769735,80.28345021126607,0,263.2763137042488,83.44325578340617,198.28817365187692,250.67001957618754,107.29023494037955,336.6421728102906,219.66872513049537
2,2,0,9.135394792877957,515.4604662889238,0.04153231748871944,5,515.4604662889238,85.01356654633307,45.03530455132897,31.79457705286822,19.00682939624375,360,56.77885571078512,151.92984218056495,205.8599182036525,157.30120371838828
27,7,1,9.149232883066581,611.1626899552538,0.05752785851404263,7,611.1626899552538,84.62883645003674,108.01010948693875,146.31471274475032,161.57310652361977,143.76604702826867,173.61707979573183,105.31364019133511,182.16823437014835,141.12105835309197
26,6,1,9.165900799054718,588.6960041607828,0.07334179911355743,3,588.6960041607828,87.75276566369257,290.6599623550565,233.32091374003488,248.56281560852068,273.73766972472464,167.98108641637967,88.52444086330132,292.07582351353733,267.6783862936347
374,14,18,9.232753845359298,772.6624334923061,0.9222753437695708,8,772.6624334923061,74.27689356728571,135.34047443092396,216.57177529316078,299.6843938291024,29.153216777686904,320.73391313320445,287.45113998791123,233.77376713702077,185.9011628982513
375,15,18,9.283058915666539,790.5111506784083,0.9167494922157896,11,790.5111506784083,69.61181158636215,125.24326589908878,223.76012922218848,308.00782097255995,63.564117684595054,341.82487289962216,360,73.46648449870764,110.11389710223351
1,1,0,9.291554582143593,487.196141269975,0.04713223194384264,6,487.196141269975,100,193.62037645634214,243.02484666783857,212.9269946946968,211.5480417934961,154.08392888872632,22.364156422454386,241.8764901799798,200.0782891586077
373,13,18,9.326555169903163,756.0979471238526,0.9063960111646368,5,756.0979471238526,86.66345220728739,0,107.49842327258821,199.3235233114254,303.7083680972962,278.19768458975705,0,0,258.26265063586254
4,4,0,9.343761711426772,550.4188759890975,0.0494687848691302,8,550.4188759890975,89.08397635442434,188.72945389228425,158.71251364180765,137.88470914143377,157.30243313968222,307.53119591034806,283.2941176966639,31.51239240051971,183.10228098687463
377,17,18,9.408645478298888,837.9633840842185,0.9469152832900372,9,837.9633840842185,70.50795110704958,137.70000133387038,229.59619696054412,307.7746852766456,55.18280660285488,343.0572814932069,343.4235471410989,94.65747577925649,111.23391049242403
378,18,18,9.460874953741733,858.053527067407,0.9031912455676618,3,858.053527067407,67.57666618414945,138.6842143806656,226.68638400142538,330.72993825654834,65.73922505906775,342.1989556948772,341.9558237920208,71.76769743588314,99.14507398352924
54,14,2,9.519011263163213,777.2165327475785,0.11344749818742805,7,777.2165327475785,92.38404789695278,147.59270299478322,133.14674792980043,189.90578556195916,114.32881042617002,341.68505371239473,318.79417830857744,256.36855647519974,227.72189326871958
31,11,1,9.592743347672377,718.9520627592203,0.08642584508017259,4,718.9520627592203,82.65209914662609,130.37375311547166,171.68682788739193,141.9944209588212,104.4048453513336,0,44.57887009944145,247.59721698123377,213.5290320237507
368,8,18,9.611365817328624,646.1404310212141,0.9134380696164821,5,646.1404310212141,75.24770100153985,358.67553670869296,287.34294992712864,116.53681827703797,194.00909968461832,133.97017971010476,228.66064184302002,333.7870782098674,311.24775288536244
28,8,1,9.648021116712938,633.0105262583756,0.05912679162918011,8,633.0105262583756,85.28767860301917,112.38546439950355,115.6382797393805,116.36236507445945,160.7154653131727,113.2386258562484,42.488616592978936,250.9290741961655,176.65332325516067
32,12,1,9.690338671681713,721.9126767314381,0.08553482103399901,10,721.9126767314381,82.608110670494,130.56732322392944,168.91605497745172,131.10782205662437,101.14561305387457,0,57.95638639761517,247.35394162072902,213.46161191806016
56,16,2,9.792090340420954,827.8412069668162,0.11849597908612486,2,827.8412069668162,81.18351456009746,281.85883053431746,304.3090120227909,311.1373213728221,0,220.61126847270106,181.52559172739174,59.95747003424221,119.32964954666258
57,17,2,9.814899263675406,839.5773325734152,0.131235312941254,4,839.5773325734152,92.38143800407782,121.8487213615561,148.30360406719825,184.23437482575017,104.93834224325559,338.30107971161476,325.11920209653,206.6493411090093,252.02024951292543
376,16,18,9.841844484859148,826.2145970960808,0.9108183055650079,6,826.2145970960808,86.8825567235006,85.68285213924548,272.0869522856716,23.68001933648721,182.5140613998822,181.22924528075077,92.16821862437766,291.3458682598113,128.66362500797746
29,9,1,9.885372535804086,664.6198154260572,0.09086708987684622,8,664.6198154260572,93.05662588545518,170.10436203945451,115.65205035093814,105.64389089236818,138.26840452618524,148.35412767554666,0,328.33377893939735,256.19834897285625
3,3,0,9.89276278628792,522.2026757531245,0.027441757923341914,3,522.2026757531245,90.4813821840837,179.6142927346729,167.97165061493178,163.67638977405161,142.33919996566237,324.96256125578515,266.28764885338035,77.24210714598723,212.75282397534778
59,19,2,9.89353012183065,900,0.12380355933064935,6,900,87.92560209459563,279.5940440811608,304.871968631329,309.3365304279451,0,287.82036807131345,126.39560791643262,98.85476535556806,113.0621280748668
391,11,19,9.968999222302624,704.9666419032092,0.9763640532705334,4,704.9666419032092,86.812864218635,11.615372857892059,74.03898344185392,185.71068125177533,256.4690744352043,254.27450005005306,0,41.21195436179126,252.76093562254124
379,19,18,9.974146802804297,900,0.9331311778042972,9,900,87.82487036005003,207.16481442981024,303.62297343294915,39.82868338244522,133.48940460203008,153.08064468175024,276.2883524061927,14.215215249023274,179.37946577880336
5,5,0,9.977150370536165,572.6764208899832,0.02460491163633305,1,572.6764208899832,85.11810776160904,15.344662576650613,33.9895882791069,360,6.6587864355338695,309.61278530188576,254.96898808978688,314.3189096634227,66.19682744982578
55,15,2,10.093212691381112,788.3742091658113,0.1437153913896665,1,788.3742091658113,88.41779276022204,129.1305414322889,186.3892682286724,206.7248359185486,144.40035584988274,322.63219656783434,331.35028312555846,145.99973907541192,211.35916481775752
33,13,1,10.113123074867554,744.8812325131099,0.07388106223645496,6,744.8812325131099,79.30676297376675,292.04515273699616,327.2950542551052,288.3976869695843,264.8466942666633,133.2648801982497,211.18356426491664,178.87376664888865,50.05060174216491
6,6,0,10.159018270217391,604.3421184260591,0.044112710956799805,4,604.3421184260591,90.37329440383081,174.99091015184447,180.90058319953002,136.3923231786915,161.21210568205947,255.75319591444918,282.3228218225546,0,197.41650021985527
58,18,2,10.226408689434232,867.3800715469498,0.11855849479806824,1,867.3800715469498,81.25865246763675,281.5246009271351,305.0358881188815,312.5938399961255,0,229.3613617977011,187.52447075458895,91.40270338303303,127.89231949629637
394,14,19,10.235514275730802,780.1267681389699,0.9677101360077713,2,780.1267681389699,86.98360159498475,0,107.0971750438226,187.27464272234735,291.45724551327396,275.68669171407976,14.008281970805587,3.302022470658702,240.058257151628
35,15,1,10.28758946689041,804.6142466163489,0.061303771560254905,5,804.6142466163489,85.94509243938757,115.14439876943047,141.3715267289527,107.84080422703413,84.55424430824408,94.03602043109265,96.21587030026217,295.7177369711118,322.73131133221864
8,8,0,10.344116753980346,650.8917144295666,0.044835026351346285,5,650.8917144295666,86.56748701466819,148.76681655738003,174.7682229851067,144.9165582275064,185.83846915793114,340.6062983776006,358.66728577909873,0,175.7372132692437
9,9,0,10.36769608681018,657.2233853741749,0.04695962890176353,4,657.2233853741749,89.17897348331529,150.437684110144,144.4279892153907,129.71842989293262,178.51507669140867,329.316582078547,335.3227187586657,0,178.85250967365837
392,12,19,10.424755195875013,735.6851422970142,0.9725912729048716,2,735.6851422970142,82.82478155408927,10.709659620902125,316.14013465194074,135.41659620529435,197.34552402464857,198.57807704459387,0,277.8964607271796,119.21356859141346
7,7,0,10.505626257409553,612.1517972282696,0.04530620179352385,8,612.1517972282696,84.79208293567669,120.00366057272886,148.40477632400803,124.67440754529302,162.40039167202843,133.31525631799087,64.41134995048662,218.99468362092998,172.25395756834854
10,10,0,10.7598313554244,696.1633632437673,0.047546681320060125,5,696.1633632437673,88.61923549585032,155.63624864810544,118.3586591548443,123.83952655814221,107.84232214133864,92.06007327332193,28.34196571957414,248.77978352697454,236.11330362035451
34,14,1,10.833702865997669,781.041320641464,0.0864407012496965,6,781.041320641464,88.54139457713984,170.36422252431296,116.74618623156458,111.29698142972308,115.6092659436971,151.83359652586424,58.33275839391584,202.8297374719208,186.87862448093497
399,19,19,10.85704695547354,900,0.9711094554735406,6,900,76.93868108618358,180.98101936977878,263.19433313855023,76.81896652171253,360,186.4948483111029,98.77011494115497,137.16534315505163,322.11335036558233
11,11,0,11.15500961207983,703.3635779010721,0.036217583069107606,9,703.3635779010721,88.96114170858144,152.62696926174473,131.21165313026304,114.80108861607945,114.91491500305857,149.05390139405995,30.331680223239754,275.6195771908467,248.5876664269756
12,12,0,11.18970410942679,727.6774006559428,0.048542082034028544,4,727.6774006559428,88.36219380585177,132.37455096616205,127.15940451796078,99.18518597044147,90.1358600431438,115.01337113821052,102.37665498185777,298.7021453226653,237.11198534049794
389,9,19,11.564552000090538,657.3727736429574,0.9616575969942961,5,657.3727736429574,78.18199427209476,317.0855606535294,304.3782207025289,117.03424308415993,152.10821870545334,92.409484276079,225.02444812641227,336.3381926599938,325.83764879798304
36,16,1,11.784458252538947,821.6869692828026,0.05958074721092177,4,821.6869692828026,93.28074972379461,133.58350238738973,144.29860401768244,93.28111825846109,110.04251493607376,360,357.0548717229677,239.67650198684643,300.11886543831264
14,14,0,11.80654521599591,786.6087896755639,0.03576981924027267,4,786.6087896755639,87.82494208851445,129.73786793681523,101.56736222833959,109.18425079689194,87.02447255959711,46.26934943931481,146.73908349630585,263.27510466164915,252.48126034863276
37,17,1,11.836822121306664,845.9909324556224,0.054907588417105524,1,845.9909324556224,95.1802860130427,97.0166720976805,137.1207630580609,94.61248105318955,130.1113529745757,343.0247167064673,346.6125330337259,235.28377055865246,298.2990737565041
13,13,0,11.841401612534796,749.2073468275316,0.03494012342614561,6,749.2073468275316,89.7706176149337,0,0,324.77647713212605,0,243.2435542662683,8.272602921658041,205.2424035801382,169.43072980962734
15,15,0,11.893272250467591,789.0067020843662,0.03777554212392986,3,789.0067020843662,84.37807122375895,113.67668774608062,117.82435912687164,115.03118847931691,79.0305122976539,91.14394342569466,130.43747781054816,246.54438602868885,290.0967867900648
39,19,1,11.922065217595806,900,0.08345844676247338,3,900,80.32940280360648,148.6549392671248,82.52941680105342,105.87774967223974,114.94652695365893,92.41072757879795,201.03838449381809,224.9479266425368,171.86073044036021
19,19,0,12.348970996460768,900,0.035950163127434376,2,900,83.4740005009638,163.7831201606206,146.97263241455462,174.4604732383763,134.2027528037669,220.28582580976223,210.70310146390403,160.2382903257802,183.5817839072469
396,16,19,12.394911113197777,822.7806569379583,0.9833154813181945,2,822.7806569379583,85.4757909791516,185.67831587352043,322.73714333702685,0,138.35562413622517,206.79243362774096,320.31242895395025,56.047286094196124,159.60321705609675
16,16,0,12.517139487908349,817.8145441578101,0.03554352549691353,3,817.8145441578101,90.87215627899997,0,0,324.46922030852966,0,281.94137349738173,7.556305059498368,214.2605299222013,148.6078251034725
17,17,0,12.597682986045191,852.3313870838217,0.048522761040306395,1,852.3313870838217,98.1571206717672,126.28242986441931,150.23828877762702,171.11715254308524,129.7337501474615,334.491407297929,221.13583140392447,195.161604250392,230.84012186792876
18,18,0,13.220312889821862,872.8882688732587,0.03557082608927642,1,872.8882688732587,90.94734553341313,0,0,324.4553777768016,0,263.92534322109043,20.304310287202092,206.7595490861336,151.72816905376257
397,17,19,14.120268230957498,837.5060376236022,0.9704682713881432,4,837.5060376236022,81.50081710088033,8.095130438336206,173.9980326996842,194.77720021359846,353.9038500254074,147.78290908823803,336.78706062202923,177.4556951171503,329.4521932713776
398,18,19,14.660959558637963,865.0431087960792,0.9590310748438368,2,865.0431087960792,81.34821810806521,0,187.3396208146398,182.05659974586553,360,141.63607488515493,359.9843889419783,229.2551910044115,345.5902148591055
